# .PCD v0.7
VERSION 0.7
FIELDS x y z
SIZE 4 4 4
TYPE F F F
COUNT 1 1 1
WIDTH 8629
HEIGHT 1
POINTS 8629
DATA ascii
-0.2690 -1.0542 0.5000
-0.2988 -1.1144 0.5000
-0.3594 -0.9644 0.5000
-0.3515 -1.0001 0.5000
-0.4622 -0.9010 0.5000
-0.6697 -0.5301 0.5000
-0.7269 -0.4661 0.5000
-1.1211 -0.6315 0.5000
-0.9505 -0.4421 0.5000
-1.1240 -0.4149 0.5000
-1.0891 -0.2941 0.5000
-1.0596 -0.1302 0.5000
-1.0289 -0.0405 0.5000
-0.9526 0.2380 0.5000
-0.9269 0.3005 0.5000
-0.9386 0.3744 0.5000
-0.9131 0.4897 0.5000
-0.8910 0.5691 0.5000
-0.8339 0.7081 0.5000
2.1841 -1.0590 0.5000
2.4384 -1.5509 0.5000
2.3956 -1.9081 0.5000
1.1966 -3.8976 0.5000
1.2087 -3.9484 0.5000
-0.1592 -3.4573 0.5000
-0.5717 -3.2998 0.5000
-0.5715 -3.3587 0.5000
-0.4450 -1.0408 0.5000
-0.4709 -1.0484 0.5000
-1.1921 -2.0901 0.5000
-1.3083 -1.7977 0.5000
-1.3071 -1.7487 0.5000
-1.1702 -1.2894 0.5000
-1.3457 -1.3587 0.5000
-1.2798 -1.1352 0.5000
-1.2687 -1.0179 0.5000
-1.2120 -0.8303 0.5000
-1.2044 -0.7730 0.5000
-1.1567 -0.6001 0.5000
-1.1574 -0.5311 0.5000
-1.1094 -0.3985 0.5000
-1.0887 -0.2301 0.5000
-1.0533 -0.0827 0.5000
-1.0028 0.0629 0.5000
-0.9860 0.1718 0.5000
-0.9702 0.2853 0.5000
-0.9048 0.4224 0.5000
-0.8697 0.5288 0.5000
-0.8571 0.6358 0.5000
-0.8554 0.6668 0.5000
-0.8197 0.7677 0.5000
-0.7736 0.9381 0.5000
-0.7709 0.9972 0.5000
-0.7323 1.1010 0.5000
-0.6683 1.3865 0.5000
-0.6894 1.3267 0.5000
-0.6222 1.6936 0.5000
-0.6279 1.6500 0.5000
-0.5432 2.0553 0.5000
2.3153 1.7986 0.5000
3.1875 1.9056 0.5000
3.9854 1.7541 0.5000
3.4135 0.8105 0.5000
9.5192 1.7905 0.5000
9.2441 0.5636 0.5000
9.0390 -0.4988 0.5000
8.7749 -1.5132 0.5000
8.2327 -2.4889 0.5000
3.8087 -1.2677 0.5000
2.5271 -1.0883 0.5000
2.5415 -1.1753 0.5000
2.4776 -1.4373 0.5000
2.4493 -1.4863 0.5000
2.3944 -1.7733 0.5000
2.3822 -1.8329 0.5000
2.1052 -6.1052 0.5000
2.1659 -6.1358 0.5000
1.3894 -6.0783 0.5000
1.3107 -12.8672 0.5000
-0.0819 -3.4768 0.5000
-0.0068 -3.5067 0.5000
-0.4347 -3.4041 0.5000
-0.4755 -3.3844 0.5000
-0.4543 -1.7845 0.5000
-0.8458 -3.2999 0.5000
-1.2215 -3.2373 0.5000
-1.6972 -3.1619 0.5000
-1.5558 -2.9349 0.5000
-1.5573 -2.3451 0.5000
-1.5538 -2.2315 0.5000
-1.4033 -1.6390 0.5000
-1.3748 -1.5277 0.5000
-1.3026 -1.1641 0.5000
-1.2293 -0.8970 0.5000
-1.1638 -0.5510 0.5000
-1.1364 -0.4538 0.5000
-1.1072 -0.3062 0.5000
-1.0700 -0.1771 0.5000
-0.9976 0.0404 0.5000
-0.8828 0.4971 0.5000
-0.7923 0.8618 0.5000
-0.7537 1.0911 0.5000
-0.7117 1.2524 0.5000
-0.6163 1.5965 0.5000
-0.5350 1.9972 0.5000
-0.1301 3.6618 0.5000
0.5129 6.6969 0.5000
1.2914 6.5039 0.5000
2.0296 6.2327 0.5000
2.2422 5.0139 0.5000
2.2949 5.0053 0.5000
6.1915 4.0979 0.5000
7.4414 3.7828 0.5000
9.0865 3.4070 0.5000
9.5569 2.4300 0.5000
9.3178 1.2576 0.5000
9.1144 0.2295 0.5000
8.9341 -0.7554 0.5000
8.7091 -1.7850 0.5000
8.3445 -2.6627 0.5000
2.5646 -1.0218 0.5000
2.5441 -1.1163 0.5000
2.4742 -1.4724 0.5000
0.4106 -3.6011 0.5000
-0.3709 -3.4057 0.5000
-0.7915 -3.3136 0.5000
-0.8008 -3.3091 0.5000
-1.1908 -3.2489 0.5000
-1.6461 -3.2222 0.5000
-1.5733 -2.9899 0.5000
-1.5562 -2.3839 0.5000
-1.5567 -2.2890 0.5000
-1.4019 -1.6618 0.5000
-1.3949 -1.5842 0.5000
-1.3002 -1.2060 0.5000
-0.6400 1.5206 0.5000
-0.5536 1.9230 0.5000
-0.5786 1.9937 0.5000
-0.1634 3.5957 0.5000
-0.1582 3.6686 0.5000
0.4672 6.7004 0.5000
0.5283 6.7096 0.5000
1.2494 6.5158 0.5000
1.9123 6.2997 0.5000
1.9858 6.2478 0.5000
2.1631 5.0367 0.5000
7.3673 3.8440 0.5000
9.0141 3.4512 0.5000
9.6834 2.5420 0.5000
9.3601 1.3222 0.5000
9.1992 0.2956 0.5000
8.9612 -0.7440 0.5000
8.7352 -1.7446 0.5000
8.3828 -2.6821 0.5000
-0.4123 -3.3912 0.5000
-1.6181 -3.2830 0.5000
-1.5079 -2.9285 0.5000
-1.5036 -2.3892 0.5000
-1.5327 -2.2301 0.5000
-1.3985 -1.6583 0.5000
-1.2979 -1.2001 0.5000
-0.6873 1.5551 0.5000
-0.4345 2.6449 0.5000
-0.1518 3.7401 0.5000
0.4129 6.6882 0.5000
1.1943 6.5098 0.5000
1.9854 6.2667 0.5000
6.1709 4.1502 0.5000
7.4482 3.8684 0.5000
9.1469 3.4664 0.5000
9.6366 2.4528 0.5000
8.3903 -2.6031 0.5000
2.5670 -1.1124 0.5000
2.4169 -1.7615 0.5000
1.4797 -6.0200 0.5000
-1.5258 -2.9767 0.5000
-1.5091 -2.2573 0.5000
-1.2897 -1.1744 0.5000
-1.2402 -0.9482 0.5000
-1.1796 -0.6815 0.5000
-1.0768 -0.3226 0.5000
-1.0473 -0.0856 0.5000
-0.8781 0.2077 0.5000
-0.8606 0.7175 0.5000
-0.8291 0.8887 0.5000
-0.4568 2.6434 0.5000
-0.2017 3.6655 0.5000
0.3625 6.7450 0.5000
1.1259 6.5338 0.5000
1.8995 6.2667 0.5000
2.1338 5.0397 0.5000
2.9492 2.0488 0.5000
6.3274 4.1250 0.5000
3.0126 1.6219 0.5000
7.7211 3.8572 0.5000
9.5964 3.4892 0.5000
3.5456 0.9733 0.5000
9.5443 2.2152 0.5000
9.2699 1.0497 0.5000
5.1837 0.2149 0.5000
9.0826 -0.0901 0.5000
8.8746 -1.0635 0.5000
8.6550 -2.1101 0.5000
2.5599 -0.9517 0.5000
2.5637 -1.0987 0.5000
2.5017 -1.2726 0.5000
2.4651 -1.3990 0.5000
2.4411 -1.6207 0.5000
2.4088 -1.7354 0.5000
1.6003 -5.9350 0.5000
0.5451 -3.5281 0.5000
0.5227 -3.5876 0.5000
0.4264 -12.0420 0.5000
-0.2924 -3.4448 0.5000
-0.3552 -1.7809 0.5000
-0.3688 -1.1383 0.5000
-0.3838 -1.0887 0.5000
-1.5660 -3.4220 0.5000
-1.5111 -2.4861 0.5000
-1.3868 -1.7457 0.5000
-1.2971 -1.2984 0.5000
-1.2465 -0.9789 0.5000
-1.1863 -0.7289 0.5000
-1.1416 -0.5397 0.5000
-1.0704 -0.3557 0.5000
-1.0155 0.0160 0.5000
-0.9873 0.1215 0.5000
-0.8059 0.8351 0.5000
-0.8019 1.0222 0.5000
-0.7504 1.0264 0.5000
-0.7582 1.2107 0.5000
-0.7496 1.2125 0.5000
-0.6599 1.4660 0.5000
-0.6006 1.8032 0.5000
3.4020 -1.1428 0.5000
2.2133 -1.0421 0.5000
2.4588 -1.5189 0.5000
-0.2819 -1.9122 0.5000
-0.3337 -1.0565 0.5000
-1.2559 -1.4488 0.5000
-1.2275 -1.0873 0.5000
-1.1966 -0.8051 0.5000
-1.1448 -0.5748 0.5000
-1.0336 -0.1196 0.5000
-1.0098 0.1159 0.5000
-0.9244 0.2717 0.5000
-0.8120 0.9436 0.5000
-0.3449 -0.9681 0.5000
-0.6783 -0.5587 0.5000
-0.2950 -1.7697 0.5000
-0.3097 -1.1458 0.5000
-0.3068 -1.1940 0.5000
-1.2845 -1.7648 0.5000
-1.2701 -1.0845 0.5000
-1.1024 -0.2600 0.5000
-0.7758 1.1344 0.5000
3.4191 0.7363 0.5000
1.4071 -3.8957 0.5000
1.4567 -3.8603 0.5000
1.4705 -5.9733 0.5000
1.5095 -5.9654 0.5000
0.4407 -3.5718 0.5000
0.4919 -3.5941 0.5000
0.0937 -9.7059 0.5000
0.1608 -12.0626 0.5000
-0.4304 -1.7525 0.5000
-1.1212 -2.2506 0.5000
-1.2759 -1.9536 0.5000
-1.6093 -2.4138 0.5000
-1.3199 -1.2837 0.5000
-1.2536 -0.9937 0.5000
-0.8363 0.6880 0.5000
-0.7987 0.8025 0.5000
-0.6401 1.4756 0.5000
-0.5797 1.8603 0.5000
-0.4371 2.3703 0.5000
-0.2418 3.2885 0.5000
2.4929 1.7516 0.5000
5.9203 3.9335 0.5000
2.8881 1.5820 0.5000
4.0536 1.6972 0.5000
9.1199 3.3800 0.5000
4.4408 1.2631 0.5000
9.6498 2.3368 0.5000
9.3862 1.1368 0.5000
5.2008 0.3136 0.5000
9.1105 0.0039 0.5000
8.9887 -0.5349 0.5000
8.9005 -1.0545 0.5000
8.7736 -1.4916 0.5000
8.6399 -2.0630 0.5000
8.4085 -2.4482 0.5000
2.9775 -1.0795 0.5000
2.4102 -1.6952 0.5000
1.6745 -6.0302 0.5000
-0.6638 -3.3300 0.5000
-1.0697 -3.2791 0.5000
-1.4782 -3.1891 0.5000
-1.7007 -3.6994 0.5000
-1.5543 -2.4962 0.5000
-1.4628 -1.8692 0.5000
-1.4256 -1.7694 0.5000
-1.3109 -1.3450 0.5000
-1.2524 -0.9430 0.5000
-0.8574 0.1543 0.5000
-0.7263 1.1578 0.5000
-0.6618 1.4061 0.5000
-0.5690 1.7900 0.5000
-0.4920 2.2521 0.5000
-0.4842 2.3063 0.5000
-0.2909 3.1379 0.5000
-0.2625 3.2155 0.5000
0.1460 3.5655 0.5000
0.1067 2.9441 0.5000
0.9955 6.5132 0.5000
1.0376 6.5788 0.5000
1.7212 6.4117 0.5000
1.7835 6.3545 0.5000
2.1254 5.3761 0.5000
2.0154 5.0901 0.5000
5.7609 4.1869 0.5000
6.9262 3.9448 0.5000
8.4011 3.5577 0.5000
9.8000 2.9409 0.5000
9.4648 1.6626 0.5000
9.2259 0.6091 0.5000
9.0275 -0.4202 0.5000
8.8142 -1.4257 0.5000
8.5851 -2.3914 0.5000
2.4686 -1.3306 0.5000
-0.6211 -3.3631 0.5000
-0.6841 -3.3551 0.5000
-1.0220 -3.2653 0.5000
-1.4227 -3.1894 0.5000
-0.5726 1.8303 0.5000
0.1293 4.8558 0.5000
0.0751 2.9520 0.5000
0.9443 6.5219 0.5000
0.9983 6.5786 0.5000
1.6820 6.4458 0.5000
2.0297 5.2068 0.5000
8.4202 3.6446 0.5000
9.8124 2.9838 0.5000
9.4630 1.7203 0.5000
9.2565 0.6209 0.5000
9.0283 -0.3860 0.5000
8.8342 -1.3724 0.5000
8.4220 -2.3333 0.5000
-0.2376 -3.4328 0.5000
-2.0420 -4.5816 0.5000
-1.6666 -3.6198 0.5000
-1.5192 -2.5253 0.5000
-1.4447 -1.8712 0.5000
-1.2488 -1.0008 0.5000
-0.4972 2.3838 0.5000
-0.2811 3.2526 0.5000
0.0938 3.1687 0.5000
0.9085 6.5795 0.5000
1.9907 5.0703 0.5000
5.7551 4.2494 0.5000
6.9626 3.9869 0.5000
7.2164 3.8678 0.5000
8.4907 3.6874 0.5000
8.9888 3.5481 0.5000
9.7902 2.9569 0.5000
9.6990 2.5868 0.5000
9.3629 1.7008 0.5000
9.4189 1.3248 0.5000
9.1332 0.6413 0.5000
8.4414 -2.2597 0.5000
2.5035 -1.2223 0.5000
2.5029 -1.3116 0.5000
1.8123 -6.0049 0.5000
1.7560 -5.9704 0.5000
-0.2441 -3.4632 0.5000
-0.9973 -3.2874 0.5000
-1.3692 -3.1999 0.5000
-1.4288 -3.2274 0.5000
-1.4537 -2.5422 0.5000
-1.4269 -1.8146 0.5000
-1.2982 -1.3237 0.5000
-1.1963 -0.7823 0.5000
-0.8119 0.9508 0.5000
-0.7579 1.1942 0.5000
-0.6275 1.7880 0.5000
-0.5025 2.2755 0.5000
-0.3439 3.1180 0.5000
0.0147 3.5742 0.5000
2.3602 1.8253 0.5000
2.4116 1.8093 0.5000
2.7925 1.6697 0.5000
2.8505 1.6219 0.5000
4.1747 1.7586 0.5000
7.0453 1.1834 0.5000
5.2302 0.2615 0.5000
8.9820 -0.6006 0.5000
8.7446 -1.6546 0.5000
3.8269 -1.1914 0.5000
2.5591 -0.9471 0.5000
2.4634 -1.5629 0.5000
2.4019 -1.8294 0.5000
2.0092 -6.0210 0.5000
1.3544 -6.5802 0.5000
1.1428 -12.1668 0.5000
-0.4713 -3.2518 0.5000
-0.4400 -1.0575 0.5000
-1.1268 -2.1390 0.5000
-1.2203 -1.7911 0.5000
-1.1469 -1.2500 0.5000
-1.2077 -1.1469 0.5000
-1.0996 -0.4276 0.5000
-1.0493 -0.1929 0.5000
-0.8606 0.0401 0.5000
-0.7299 1.3085 0.5000
-0.6574 1.6189 0.5000
-0.2550 -1.3438 0.5000
-0.3160 -1.0425 0.5000
-0.6155 -0.4659 0.5000
-0.9662 -0.6179 0.5000
-1.0100 -0.6857 0.5000
-0.9332 -0.4170 0.5000
-1.0691 -0.5085 0.5000
-0.2726 -0.9902 0.5000
-0.4197 -0.9286 0.5000
-0.6129 -0.5003 0.5000
-0.3507 -1.6818 0.5000
-1.0668 -2.3255 0.5000
-1.2303 -1.9887 0.5000
8.1874 -2.7330 0.5000
3.2679 -1.1594 0.5000
2.2212 -1.1020 0.5000
2.3863 -1.8978 0.5000
2.3936 -5.2627 0.5000
1.9467 -6.0847 0.5000
1.9727 -6.1060 0.5000
1.2480 -6.4916 0.5000
1.2527 -6.3867 0.5000
0.8770 -12.2165 0.5000
0.9779 -12.2624 0.5000
-0.1156 -3.4707 0.5000
-0.5368 -3.3831 0.5000
-0.5048 -1.7850 0.5000
-0.4744 -1.1326 0.5000
-1.1591 -2.1287 0.5000
-1.5427 -2.6999 0.5000
-1.3010 -1.8346 0.5000
-1.5020 -2.0814 0.5000
-1.3675 -1.4787 0.5000
-0.3516 2.7456 0.5000
-0.0950 3.9257 0.5000
2.1937 6.1507 0.5000
2.3644 4.9949 0.5000
3.0228 1.9016 0.5000
6.6695 3.9808 0.5000
3.1615 1.5479 0.5000
8.0793 3.5963 0.5000
9.9009 3.0825 0.5000
3.5960 0.8112 0.5000
4.5315 0.5114 0.5000
9.3061 0.5725 0.5000
5.5979 0.0462 0.5000
8.9976 -0.4902 0.5000
8.9293 -0.9631 0.5000
8.6856 -1.9189 0.5000
8.3621 -2.5328 0.5000
3.7874 -1.2757 0.5000
2.4377 -1.5368 0.5000
1.3492 -6.0815 0.5000
1.3365 -6.1585 0.5000
-0.8572 -3.2899 0.5000
-1.2904 -3.2156 0.5000
-1.5696 -3.0366 0.5000
-1.5634 -2.8630 0.5000
-1.5719 -2.1886 0.5000
-0.6881 1.2663 0.5000
-0.5377 2.0349 0.5000
-0.1230 3.7488 0.5000
-0.0902 3.7618 0.5000
0.5566 6.6974 0.5000
0.6195 6.6964 0.5000
1.3070 6.5451 0.5000
1.3998 6.4903 0.5000
2.0647 6.2445 0.5000
2.2813 4.9793 0.5000
6.2783 4.0797 0.5000
7.5997 3.7969 0.5000
9.2245 3.3666 0.5000
9.3598 1.1954 0.5000
9.1681 0.1325 0.5000
8.9039 -0.8882 0.5000
8.6689 -1.8513 0.5000
8.3065 -2.7965 0.5000
-0.8921 -3.3063 0.5000
-1.5136 -2.8803 0.5000
-1.5084 -2.1720 0.5000
-1.3855 -1.6182 0.5000
-0.1018 3.8810 0.5000
1.3419 6.4684 0.5000
7.5034 3.7515 0.5000
9.2880 3.4037 0.5000
9.6565 2.3999 0.5000
8.7191 -1.8670 0.5000
-0.4527 -3.4132 0.5000
-1.5184 -2.8031 0.5000
-1.5004 -2.1178 0.5000
-0.5996 2.0125 0.5000
-0.4151 2.6926 0.5000
-0.1312 3.8472 0.5000
6.2988 4.1439 0.5000
7.5584 3.8146 0.5000
7.9734 3.7044 0.5000
9.3402 3.4446 0.5000
9.8567 3.2835 0.5000
9.5653 2.3949 0.5000
9.5367 1.9595 0.5000
9.3312 1.2091 0.5000
9.3032 0.8155 0.5000
9.1356 0.1570 0.5000
9.0591 -0.2685 0.5000
8.9181 -0.8491 0.5000
8.7020 -1.8421 0.5000
3.7897 -1.2440 0.5000
2.5077 -1.3550 0.5000
2.2057 -6.0616 0.5000
1.4585 -6.0555 0.5000
0.0132 -3.4886 0.5000
-1.5634 -3.1288 0.5000
-1.4765 -2.9779 0.5000
-1.5324 -2.3030 0.5000
2.9589 1.9824 0.5000
3.1848 1.6167 0.5000
3.5055 0.8516 0.5000
1.5623 -3.8103 0.5000
1.6571 -5.9518 0.5000
0.5778 -3.5474 0.5000
0.3984 -9.6894 0.5000
-0.3152 -1.7916 0.5000
-1.0462 -2.2643 0.5000
-1.0409 -2.3376 0.5000
-1.1991 -1.9935 0.5000
-0.7018 1.4196 0.5000
-0.7250 -0.5052 0.5000
-0.9711 -0.5693 0.5000
-0.9825 -0.5045 0.5000
-0.9016 -0.3908 0.5000
-1.0234 -0.4374 0.5000
-0.2399 -1.0963 0.5000
-0.3157 -0.9426 0.5000
-0.9618 -0.3939 0.5000
-0.3256 -1.2477 0.5000
-0.4983 -1.7493 0.5000
-0.4028 -0.9971 0.5000
-0.7624 -1.4089 0.5000
3.5755 0.7565 0.5000
4.4905 0.4124 0.5000
8.8312 -1.3337 0.5000
8.5721 -2.3186 0.5000
2.3993 -1.6932 0.5000
1.4802 -3.8237 0.5000
1.5123 -6.0199 0.5000
0.2232 -12.0758 0.5000
-0.3190 -3.4265 0.5000
-0.4119 -1.8029 0.5000
-1.7214 -3.4667 0.5000
-1.6063 -2.4603 0.5000
-1.4105 -1.7314 0.5000
-1.2009 -0.7344 0.5000
-0.8997 0.4313 0.5000
0.1737 3.2957 0.5000
1.0644 6.5546 0.5000
1.8078 6.3946 0.5000
2.0996 5.0426 0.5000
2.8492 1.5925 0.5000
7.3660 3.7846 0.5000
4.1108 1.7420 0.5000
9.0933 3.3726 0.5000
9.7161 2.3507 0.5000
9.4193 1.5764 0.5000
9.4079 1.1449 0.5000
9.2888 0.5192 0.5000
9.1502 0.0113 0.5000
8.4713 -2.4225 0.5000
3.1465 -1.1347 0.5000
-1.0790 -3.2437 0.5000
-0.2164 3.2069 0.5000
0.1381 2.9617 0.5000
1.7943 6.4455 0.5000
2.0654 5.2233 0.5000
2.0514 5.0700 0.5000
5.8097 4.1660 0.5000
6.9001 3.8743 0.5000
8.4155 3.5352 0.5000
9.8388 2.8741 0.5000
9.2532 0.5950 0.5000
8.7926 -1.4283 0.5000
8.5063 -2.3724 0.5000
-1.7429 -3.6158 0.5000
-0.2807 3.1913 0.5000
0.1450 3.0138 0.5000
6.9693 3.9490 0.5000
8.4749 3.5837 0.5000
8.9816 -0.4359 0.5000
8.4264 -2.3766 0.5000
-0.2596 -3.4544 0.5000
-1.4502 -3.2012 0.5000
-1.6687 -3.5600 0.5000
0.0984 3.2656 0.5000
1.9925 5.1099 0.5000
7.3338 3.9231 0.5000
9.7656 2.9159 0.5000
9.1813 0.1812 0.5000
8.9894 -0.3861 0.5000
8.7991 -1.3926 0.5000
3.1868 -1.0961 0.5000
2.3025 -13.0657 0.5000
0.7293 -12.1267 0.5000
-0.1867 -3.4495 0.5000
-1.4260 -1.9238 0.5000
-0.6010 1.7384 0.5000
-0.5406 2.2432 0.5000
-0.3348 3.0521 0.5000
2.8443 1.6523 0.5000
2.4891 -1.2333 0.5000
2.0819 -6.0477 0.5000
1.4039 -6.4573 0.5000
-1.2841 -1.8157 0.5000
-1.2462 -1.8405 0.5000
-1.1875 -1.3173 0.5000
-1.1890 -0.8834 0.5000
-0.9053 0.5194 0.5000
-0.2326 -1.1424 0.5000
-0.1790 -1.1075 0.5000
-0.9718 -0.4658 0.5000
-1.0360 -0.3583 0.5000
-0.2570 -1.0491 0.5000
-0.3569 -0.9311 0.5000
-0.6106 -3.2639 0.5000
-1.0893 -2.3916 0.5000
-1.2052 -2.0301 0.5000
-1.3583 -1.4124 0.5000
-1.0530 -0.0377 0.5000
-0.5813 1.7118 0.5000
2.3815 1.7824 0.5000
9.3848 1.4769 0.5000
5.1105 0.2213 0.5000
8.9664 -0.6644 0.5000
8.1502 -2.6882 0.5000
3.3937 -1.2222 0.5000
2.0167 -6.1104 0.5000
1.2966 -6.3170 0.5000
1.0397 -12.5307 0.5000
-0.1089 -3.5012 0.5000
-0.9071 -3.2995 0.5000
-1.3272 -3.1881 0.5000
-1.1572 -2.1717 0.5000
-1.5050 -2.7549 0.5000
-1.3004 -1.8654 0.5000
-0.8481 0.6318 0.5000
-0.7432 1.0999 0.5000
-0.0872 3.8576 0.5000
0.6556 6.6689 0.5000
1.4020 6.4972 0.5000
2.1325 6.2431 0.5000
3.7828 1.8429 0.5000
8.0393 3.6476 0.5000
9.2136 3.2823 0.5000
9.9271 3.1480 0.5000
3.6410 0.8554 0.5000
9.3129 1.1484 0.5000
9.1610 0.0890 0.5000
8.9140 -0.9336 0.5000
1.3612 6.5085 0.5000
9.6757 2.3252 0.5000
-0.1307 3.7855 0.5000
-0.1273 3.9097 0.5000
3.7201 -1.2137 0.5000
2.1194 -6.0723 0.5000
1.4380 -6.2839 0.5000
-1.4979 -2.8167 0.5000
-1.4964 -2.1780 0.5000
-0.1542 3.8011 0.5000
6.5314 4.0856 0.5000
7.9587 3.7519 0.5000
9.8157 3.3162 0.5000
3.5554 0.9062 0.5000
9.5476 2.0445 0.5000
9.2985 1.2390 0.5000
3.8231 -1.2023 0.5000
2.2839 -6.0844 0.5000
0.0012 -3.5053 0.5000
-1.1087 -3.2484 0.5000
-1.5504 -3.2051 0.5000
-0.6825 1.5384 0.5000
-0.4639 2.5609 0.5000
2.6807 -0.9106 0.5000
2.4520 -1.6270 0.5000
1.6229 -3.7809 0.5000
-0.3079 -1.8085 0.5000
-1.0445 -2.3993 0.5000
-1.1910 -2.0484 0.5000
-1.2981 -1.3543 0.5000
-0.7918 -0.6545 0.5000
-1.0165 -0.5906 0.5000
1.2326 -3.5329 0.5000
1.3485 -3.6019 0.5000
-0.4065 -1.6626 0.5000
-1.1111 -2.2096 0.5000
-1.2700 -1.9393 0.5000
-1.2634 -1.8843 0.5000
-1.1504 -0.4871 0.5000
2.9951 1.9361 0.5000
3.0889 1.5425 0.5000
9.0964 3.2254 0.5000
4.5431 0.4810 0.5000
9.0958 -0.1039 0.5000
8.8575 -1.1954 0.5000
8.6460 -2.1913 0.5000
2.7608 -1.0903 0.5000
2.4997 -1.2544 0.5000
2.3970 -1.7478 0.5000
1.6063 -6.0021 0.5000
1.9069 -13.0727 0.5000
0.3698 -12.1067 0.5000
1.0013 6.5400 0.5000
6.8773 3.8770 0.5000
8.3485 3.5255 0.5000
8.9345 3.4170 0.5000
-1.4554 -2.4833 0.5000
-1.4720 -1.9284 0.5000
-0.2676 3.0870 0.5000
0.1233 4.7278 0.5000
0.1284 4.8371 0.5000
0.9371 6.4553 0.5000
2.1600 5.6138 0.5000
2.0688 5.1653 0.5000
6.8524 3.9477 0.5000
8.3143 3.5585 0.5000
9.8467 3.0159 0.5000
9.2689 0.6835 0.5000
-1.7153 -3.7248 0.5000
0.0593 4.8244 0.5000
0.0779 2.9087 0.5000
0.8731 6.5147 0.5000
2.0930 5.3865 0.5000
6.8692 3.9980 0.5000
8.3656 3.6463 0.5000
9.4788 1.7760 0.5000
-1.6952 -3.7407 0.5000
0.0527 3.5732 0.5000
0.8536 6.5965 0.5000
1.6318 6.4368 0.5000
2.0594 5.4040 0.5000
2.0455 5.2593 0.5000
2.7898 2.0604 0.5000
7.1392 3.9551 0.5000
4.0809 1.8024 0.5000
8.7836 3.6268 0.5000
4.9564 1.5985 0.5000
9.7267 2.7260 0.5000
6.4877 1.2557 0.5000
9.1604 0.3494 0.5000
8.6132 -2.2369 0.5000
3.5943 -1.1681 0.5000
2.8669 -6.2681 0.5000
2.8032 -6.2695 0.5000
1.9053 -6.0250 0.5000
1.3094 -6.7689 0.5000
0.9010 -12.1477 0.5000
-0.5025 -3.2595 0.5000
-1.4213 -2.5373 0.5000
-1.4431 -2.0072 0.5000
-1.4313 -1.9650 0.5000
-1.3454 -1.4375 0.5000
-0.7041 1.3696 0.5000
-0.5206 2.1855 0.5000
-1.0816 -2.1924 0.5000
-1.0936 -2.2482 0.5000
-1.2422 -1.8973 0.5000
-1.2442 -1.9240 0.5000
-1.1450 -0.6779 0.5000
-0.7689 -0.5213 0.5000
-0.6604 -0.4750 0.5000
-0.7884 0.0347 0.5000
2.3479 -1.9521 0.5000
1.1629 -3.9073 0.5000
1.8777 -6.0657 0.5000
1.2487 -6.6313 0.5000
0.5769 -8.7793 0.5000
-0.5689 -3.2161 0.5000
-1.2002 -2.0508 0.5000
-1.3616 -1.3917 0.5000
-0.5306 2.1079 0.5000
3.2442 1.8588 0.5000
4.0392 1.7976 0.5000
3.4511 0.7888 0.5000
9.4366 1.6128 0.5000
9.2138 0.5308 0.5000
5.1144 0.0165 0.5000
9.0003 -0.5739 0.5000
8.7467 -1.6284 0.5000
8.6722 -1.9672 0.5000
8.2456 -2.5397 0.5000
3.7754 -1.3026 0.5000
2.4474 -1.4351 0.5000
2.0586 -6.1002 0.5000
1.3419 -6.2290 0.5000
-0.0622 -3.5110 0.5000
-1.5761 -2.8274 0.5000
-0.0956 3.8269 0.5000
2.3393 4.9977 0.5000
9.5694 2.3167 0.5000
9.2700 1.1606 0.5000
-0.3593 2.6921 0.5000
9.2286 3.4321 0.5000
9.3828 1.2143 0.5000
8.4949 -2.7806 0.5000
1.4400 -6.1635 0.5000
-1.4827 -2.8880 0.5000
-0.9231 0.0117 0.5000
-0.1861 3.7722 0.5000
0.4814 6.6920 0.5000
5.3417 4.3505 0.5000
2.9526 2.0150 0.5000
6.4275 4.1182 0.5000
3.0979 1.6106 0.5000
7.8292 3.8126 0.5000
9.7731 3.4141 0.5000
3.5216 0.9142 0.5000
9.4816 2.1114 0.5000
4.4725 0.6343 0.5000
9.2733 0.9003 0.5000
5.2467 0.1620 0.5000
9.0965 -0.1706 0.5000
8.8363 -1.1856 0.5000
3.8795 -1.2233 0.5000
1.5914 -5.9461 0.5000
1.5582 -5.9513 0.5000
0.0600 -3.5155 0.5000
0.3122 -12.0184 0.5000
-1.0982 -2.2558 0.5000
-0.6068 1.8768 0.5000
2.4251 -1.1460 0.5000
-0.2513 -1.8394 0.5000
-1.3422 -1.4537 0.5000
0.2060 -9.6009 0.5000
-0.4424 2.3472 0.5000
2.9417 1.9613 0.5000
7.3118 3.7992 0.5000
8.9909 3.4369 0.5000
3.6166 0.6584 0.5000
9.3364 1.1877 0.5000
8.6426 -2.0147 0.5000
3.2205 -1.1545 0.5000
2.6776 -6.3080 0.5000
1.7320 -6.0092 0.5000
1.1390 -6.8533 0.5000
-0.6122 -3.3384 0.5000
-1.4355 -3.1480 0.5000
-1.4520 -1.8156 0.5000
-0.4573 2.2409 0.5000
-0.2716 3.0055 0.5000
0.0513 4.6205 0.5000
0.1397 4.6830 0.5000
0.7909 5.8456 0.5000
2.2666 6.0411 0.5000
2.1561 5.5795 0.5000
5.6646 4.2457 0.5000
8.1982 3.5956 0.5000
9.8731 3.0604 0.5000
9.5075 1.8316 0.5000
9.2052 0.7429 0.5000
8.8337 -1.2800 0.5000
8.6210 -2.2525 0.5000
2.6500 -1.0110 0.5000
-1.4664 -1.9755 0.5000
-0.3450 2.9633 0.5000
0.0745 4.5671 0.5000
0.0926 4.7387 0.5000
0.8191 6.4980 0.5000
0.8994 6.4981 0.5000
1.5699 6.4469 0.5000
2.2589 6.1767 0.5000
6.7779 3.9823 0.5000
8.2244 3.6530 0.5000
9.8673 3.1451 0.5000
9.5060 1.8718 0.5000
9.3144 0.7835 0.5000
-0.5779 -3.3152 0.5000
0.0270 4.7189 0.5000
2.1286 5.7286 0.5000
2.0038 5.3690 0.5000
5.6604 4.2596 0.5000
6.7587 4.0294 0.5000
9.7565 3.1338 0.5000
9.4703 1.8814 0.5000
9.2166 0.7621 0.5000
9.0598 -0.2347 0.5000
8.8443 -1.2345 0.5000
1.8805 -6.0006 0.5000
-1.3870 -3.2138 0.5000
-0.9979 -0.0052 0.5000
-0.3886 3.0146 0.5000
-0.0004 4.6330 0.5000
0.6950 6.0065 0.5000
2.3032 1.8094 0.5000
5.7146 4.2511 0.5000
2.7412 1.6568 0.5000
6.9643 4.0051 0.5000
3.9320 1.8326 0.5000
8.5139 3.6978 0.5000
9.7444 2.9415 0.5000
9.3281 1.6428 0.5000
4.5899 0.4501 0.5000
9.0503 0.5074 0.5000
8.9856 -0.5791 0.5000
8.7482 -1.5933 0.5000
8.3507 -2.5815 0.5000
2.6726 -0.9573 0.5000
1.4022 -6.5389 0.5000
1.1880 -12.1809 0.5000
1.2269 -12.1941 0.5000
-0.4980 -1.8402 0.5000
-1.1382 -2.1661 0.5000
-0.5942 2.0570 0.5000
2.4544 -1.6606 0.5000
-0.3325 -1.6840 0.5000
-0.7225 -0.5895 0.5000
-0.2939 -1.1607 0.5000
-0.4774 -0.9910 0.5000
-1.0009 -0.6208 0.5000
3.9157 -1.2807 0.5000
2.2373 -1.0882 0.5000
2.4489 -5.2104 0.5000
2.0499 -6.0750 0.5000
1.2657 -6.4566 0.5000
1.3131 -6.3653 0.5000
1.0749 -12.3605 0.5000
0.3037 3.5813 0.5000
2.2382 1.8202 0.5000
6.5666 3.9859 0.5000
3.1418 1.5711 0.5000
7.9319 3.5771 0.5000
4.5419 0.5685 0.5000
9.2364 0.6682 0.5000
9.0681 -0.4319 0.5000
8.8998 -0.8973 0.5000
8.6919 -1.8388 0.5000
1.3968 -6.0439 0.5000
-0.0410 -3.4778 0.5000
-1.6655 -3.2101 0.5000
-0.1998 3.6419 0.5000
6.1612 4.1249 0.5000
7.4246 3.8445 0.5000
9.3343 1.3443 0.5000
8.9642 -0.7851 0.5000
9.0748 3.4569 0.5000
9.4442 1.3854 0.5000
0.4402 6.7415 0.5000
2.1877 5.0557 0.5000
7.4804 3.8943 0.5000
9.1231 3.5421 0.5000
9.5895 2.5383 0.5000
9.2605 1.3791 0.5000
8.3114 -2.6036 0.5000
-0.7376 -3.3443 0.5000
-1.5977 -3.2780 0.5000
-1.5246 -3.0855 0.5000
-0.2429 3.6420 0.5000
2.1790 1.8735 0.5000
2.8739 2.0314 0.5000
3.0037 2.0286 0.5000
7.6180 3.8755 0.5000
9.3979 3.4533 0.5000
9.2808 1.1259 0.5000
9.0972 0.0226 0.5000
8.8625 -1.0269 0.5000
8.6613 -2.0843 0.5000
2.6080 -0.9473 0.5000
1.7057 -5.9489 0.5000
1.6563 -5.9417 0.5000
0.5463 -12.0574 0.5000
-0.2396 -1.8353 0.5000
-0.7270 -1.4260 0.5000
-0.2636 -1.7400 0.5000
-0.3434 -1.9133 0.5000
3.4917 0.6588 0.5000
1.4125 -5.9714 0.5000
0.0089 -9.7359 0.5000
0.0940 -12.0409 0.5000
-1.6486 -2.3819 0.5000
-0.4055 2.4117 0.5000
-0.1634 3.3882 0.5000
0.1732 2.9252 0.5000
2.4954 1.7422 0.5000
2.9274 1.5993 0.5000
4.1530 1.6892 0.5000
9.2709 3.3223 0.5000
9.6069 2.2171 0.5000
9.3380 1.0441 0.5000
5.5913 0.2704 0.5000
9.1401 -0.0971 0.5000
8.8572 -1.1349 0.5000
8.7748 -1.5635 0.5000
8.2509 -2.4092 0.5000
2.7664 -1.0324 0.5000
1.5623 -6.0107 0.5000
-1.7255 -3.5292 0.5000
0.1469 3.3899 0.5000
5.8296 4.1216 0.5000
7.0082 3.8730 0.5000
8.5035 3.5392 0.5000
9.8360 2.8259 0.5000
2.5222 -1.0442 0.5000
-0.7044 -3.3591 0.5000
-1.1115 -3.2732 0.5000
-1.6610 -3.4879 0.5000
-0.2139 3.3185 0.5000
0.0745 3.0186 0.5000
7.0391 3.9494 0.5000
8.5907 3.5683 0.5000
9.7675 2.8780 0.5000
9.4569 1.6165 0.5000
-1.6987 -3.6583 0.5000
-1.6252 -3.4466 0.5000
-0.2958 3.3339 0.5000
0.0603 3.0530 0.5000
5.7001 4.1132 0.5000
7.0972 3.9928 0.5000
8.5774 3.6230 0.5000
9.7148 2.8889 0.5000
9.6629 2.4523 0.5000
9.3747 1.6615 0.5000
9.4067 1.2662 0.5000
9.1760 0.5666 0.5000
8.2862 -2.3216 0.5000
1.7352 -5.9813 0.5000
-1.6343 -3.6580 0.5000
-1.3695 -1.7671 0.5000
-0.5312 2.3309 0.5000
-0.3240 3.1589 0.5000
2.4335 1.7733 0.5000
3.5970 1.4602 0.5000
5.3608 1.5033 0.5000
6.9988 1.1293 0.5000
9.1959 0.3987 0.5000
8.9181 -0.6593 0.5000
3.7487 -1.1846 0.5000
2.4094 -1.8994 0.5000
1.9689 -5.9973 0.5000
1.3846 -6.6889 0.5000
1.0322 -12.1475 0.5000
-0.4963 -3.2272 0.5000
-0.6550 1.6557 0.5000
-0.2944 -1.2374 0.5000
-0.7618 -0.4868 0.5000
-0.8647 -0.0208 0.5000
2.9278 1.9478 0.5000
9.1023 -0.1211 0.5000
6.9447 -6.0765 0.5000
-1.4841 -3.1373 0.5000
-1.2957 -2.1044 0.5000
-1.4544 -1.7575 0.5000
2.1058 5.2263 0.5000
3.3021 1.8818 0.5000
7.2667 3.8946 0.5000
4.0571 1.7081 0.5000
8.8573 3.4444 0.5000
9.5022 1.7475 0.5000
9.0564 -0.3665 0.5000
2.2325 5.7084 0.5000
8.2956 3.5748 0.5000
9.8949 3.0428 0.5000
0.0611 4.7713 0.5000
2.1492 5.4600 0.5000
8.6058 -2.3321 0.5000
-1.6834 -3.7514 0.5000
2.0800 5.4837 0.5000
2.0226 5.3019 0.5000
5.8717 4.2216 0.5000
8.7585 3.5741 0.5000
9.4308 1.4905 0.5000
9.0028 -0.2556 0.5000
3.6223 -1.1844 0.5000
2.8916 -6.3096 0.5000
2.7643 -6.2765 0.5000
0.9340 -12.1648 0.5000
-0.1266 -3.4386 0.5000
-0.9007 -3.3303 0.5000
-1.3246 -3.2449 0.5000
2.5016 -1.4131 0.5000
2.6100 -5.1840 0.5000
-0.3961 -1.7474 0.5000
-0.9318 -0.1119 0.5000
-0.5283 -1.0700 0.5000
-1.0894 -0.5555 0.5000
2.2940 -1.1390 0.5000
1.1397 -3.8665 0.5000
3.1307 1.8248 0.5000
4.0149 1.7269 0.5000
9.1835 0.4677 0.5000
8.2238 -2.5828 0.5000
8.4124 -2.9154 0.5000
1.1910 -12.8348 0.5000
-1.2809 -3.1978 0.5000
6.2923 4.0485 0.5000
9.1347 0.1490 0.5000
-1.5563 -3.0905 0.5000
8.9674 -0.8017 0.5000
9.3278 3.4749 0.5000
2.1779 -6.0738 0.5000
1.4094 -6.2346 0.5000
7.8565 3.8148 0.5000
4.4903 0.6558 0.5000
5.5976 0.1995 0.5000
0.2779 -11.9883 0.5000
-1.5431 -2.4495 0.5000
3.1029 -1.0488 0.5000
2.4967 -1.1508 0.5000
-0.2773 -1.8578 0.5000
-0.4612 -1.0710 0.5000
-1.0004 0.1585 0.5000
1.3927 -3.6787 0.5000
0.1832 -9.7084 0.5000
-0.9314 0.1262 0.5000
2.8765 1.9958 0.5000
8.9669 3.3968 0.5000
9.5200 2.3727 0.5000
3.5524 0.6500 0.5000
4.7204 0.3419 0.5000
9.1290 0.0729 0.5000
8.6830 -2.0465 0.5000
3.1522 -1.1214 0.5000
6.9677 -6.1004 0.5000
0.7893 5.8808 0.5000
0.8232 6.0644 0.5000
2.3257 6.0935 0.5000
2.1803 5.6537 0.5000
6.7076 3.9187 0.5000
7.8597 3.4900 0.5000
8.7219 3.5032 0.5000
0.0352 4.5310 0.5000
0.6133 4.8138 0.5000
2.2655 6.1195 0.5000
6.7085 3.9552 0.5000
8.1610 3.6785 0.5000
2.6036 -0.9737 0.5000
-0.3386 3.0337 0.5000
0.0316 4.6869 0.5000
0.8004 6.5435 0.5000
2.1646 5.8177 0.5000
2.0202 5.4111 0.5000
9.8259 3.1160 0.5000
0.6803 5.8658 0.5000
2.7248 1.6270 0.5000
9.3835 1.6079 0.5000
4.5666 0.4342 0.5000
9.1473 0.4675 0.5000
7.1523 -5.8160 0.5000
1.4009 -6.5576 0.5000
-0.4600 -3.3416 0.5000
-0.2498 -1.0294 0.5000
3.1765 -1.1625 0.5000
2.3360 -1.1823 0.5000
2.7262 -6.3026 0.5000
1.8152 -6.0602 0.5000
1.1119 -6.6397 0.5000
1.1987 -6.6955 0.5000
0.5814 -9.4798 0.5000
-1.2112 -1.2986 0.5000
-0.4815 2.1877 0.5000
-0.4940 2.1021 0.5000
-0.3319 2.8583 0.5000
5.6888 4.1998 0.5000
6.5727 3.7255 0.5000
8.3936 3.5495 0.5000
9.3986 1.5206 0.5000
4.4661 0.4805 0.5000
9.1549 0.4183 0.5000
2.3323 -1.8717 0.5000
-0.5062 -1.8165 0.5000
-0.3760 2.7609 0.5000
-0.0505 3.9742 0.5000
-0.0310 4.0319 0.5000
0.6869 6.6363 0.5000
6.3970 4.0341 0.5000
7.7211 3.7306 0.5000
9.4019 3.3163 0.5000
9.5742 2.1924 0.5000
9.2763 1.0981 0.5000
3.4613 -1.2085 0.5000
-1.4713 -2.7211 0.5000
-0.0531 4.0929 0.5000
2.1161 6.1945 0.5000
9.4801 3.3899 0.5000
9.3701 1.0727 0.5000
8.4809 -2.9001 0.5000
-1.4786 -2.6965 0.5000
-1.4874 -2.0533 0.5000
-0.3544 2.8467 0.5000
-0.0739 4.0102 0.5000
-0.0934 4.1152 0.5000
0.6112 6.6127 0.5000
7.7530 3.8125 0.5000
9.5988 3.4023 0.5000
9.0662 0.0749 0.5000
3.2102 -1.0902 0.5000
1.4135 -6.3735 0.5000
-1.4473 -2.7387 0.5000
-1.4826 -2.1403 0.5000
-0.4201 2.7186 0.5000
-0.1486 3.9856 0.5000
5.4378 4.3822 0.5000
3.0048 1.9635 0.5000
6.5248 4.1019 0.5000
7.6562 3.6417 0.5000
9.4784 2.0470 0.5000
9.1904 0.8468 0.5000
2.3093 -6.0959 0.5000
0.0775 -3.4904 0.5000
-0.6038 1.9111 0.5000
2.4210 -1.1802 0.5000
-1.0958 -0.7481 0.5000
-0.3464 -1.5937 0.5000
-0.9513 0.3277 0.5000
1.3133 -6.2510 0.5000
1.2865 -12.8630 0.5000
-1.6100 -2.9851 0.5000
6.4440 3.9728 0.5000
3.0423 1.5859 0.5000
7.8550 3.6980 0.5000
9.7509 3.2055 0.5000
9.5932 1.9922 0.5000
7.0041 0.9998 0.5000
9.2641 0.7781 0.5000
5.5074 0.1222 0.5000
9.0513 -0.3479 0.5000
8.1760 -2.6323 0.5000
-0.1824 3.4563 0.5000
-0.1535 3.5116 0.5000
1.9105 6.3251 0.5000
5.8839 3.9770 0.5000
7.2687 3.8165 0.5000
8.8622 3.4761 0.5000
9.7190 2.5552 0.5000
9.3784 1.3779 0.5000
9.1065 0.3055 0.5000
-0.2462 3.4716 0.5000
1.8778 6.3294 0.5000
7.3225 3.8515 0.5000
8.9012 3.4548 0.5000
9.4023 1.4138 0.5000
9.2071 0.3460 0.5000
-1.5718 -2.4358 0.5000
-0.2289 3.5937 0.5000
2.1158 5.0502 0.5000
6.0674 4.1808 0.5000
7.3739 3.9080 0.5000
9.6326 2.5816 0.5000
9.3349 1.4261 0.5000
9.1394 0.3645 0.5000
8.9414 -0.6257 0.5000
8.3156 -2.5102 0.5000
0.5444 -3.6171 0.5000
-1.5776 -3.3115 0.5000
-0.2750 3.4818 0.5000
2.5230 1.7573 0.5000
2.9952 1.6221 0.5000
9.2398 1.2232 0.5000
9.0870 0.1380 0.5000
8.8688 -0.9045 0.5000
2.8303 -0.9798 0.5000
0.7068 -12.0895 0.5000
-0.8166 -0.0405 0.5000
-0.2424 -1.7601 0.5000
-0.7151 -1.4544 0.5000
-0.4179 -1.6145 0.5000
1.5440 -3.8228 0.5000
0.2181 -9.4652 0.5000
0.3293 -12.0519 0.5000
2.0542 5.1487 0.5000
5.8438 3.9827 0.5000
2.8079 1.6423 0.5000
4.9368 1.4951 0.5000
9.7396 2.4951 0.5000
6.9083 0.4775 0.5000
3.3623 -1.1541 0.5000
1.7548 -6.0180 0.5000
0.8109 5.8619 0.5000
2.2666 5.9351 0.5000
2.1602 5.5456 0.5000
6.7881 3.9117 0.5000
8.2186 3.6044 0.5000
9.2575 0.7286 0.5000
0.0715 4.6971 0.5000
2.2086 5.8708 0.5000
6.8035 3.9780 0.5000
8.2866 3.6438 0.5000
9.8459 3.0555 0.5000
9.0463 -0.3333 0.5000
2.0872 5.5975 0.5000
1.9997 5.1829 0.5000
8.2855 3.6776 0.5000
9.7050 2.6695 0.5000
1.8987 -5.9892 0.5000
1.2810 -6.8519 0.5000
4.3911 1.3525 0.5000
9.1112 0.5909 0.5000
2.7988 -0.9857 0.5000
2.5178 -5.2016 0.5000
2.1187 -6.0435 0.5000
1.2672 -12.2034 0.5000
-1.1919 -1.3990 0.5000
-0.2224 -1.2111 0.5000
-0.9772 -0.6682 0.5000
-0.3677 -1.8211 0.5000
-0.5069 -1.0209 0.5000
-1.2018 -0.6860 0.5000
4.4120 1.2374 0.5000
5.0588 0.1898 0.5000
3.4067 -1.2001 0.5000
2.4108 -5.2571 0.5000
1.2414 -6.3523 0.5000
1.0572 -12.7106 0.5000
-1.5190 -2.7446 0.5000
-1.3038 -1.1494 0.5000
0.3579 3.6196 0.5000
3.1324 1.5352 0.5000
8.0646 3.6305 0.5000
9.5632 1.7835 0.5000
9.3319 0.6381 0.5000
5.6113 0.0016 0.5000
8.1925 -2.7572 0.5000
-1.6316 -3.1314 0.5000
9.1688 3.3772 0.5000
8.9588 -0.8516 0.5000
9.6407 2.3949 0.5000
7.5429 3.8149 0.5000
7.9333 3.7544 0.5000
9.2978 3.4910 0.5000
9.8510 3.3271 0.5000
9.4741 1.9879 0.5000
2.2875 -6.1235 0.5000
-1.5485 -3.1110 0.5000
3.1425 1.6017 0.5000
4.4865 0.5809 0.5000
1.5609 -3.7981 0.5000
-0.9341 -0.0833 0.5000
-0.5127 -3.4084 0.5000
-0.4168 -1.4928 0.5000
-0.9399 0.0609 0.5000
2.2604 1.8050 0.5000
3.0451 1.8504 0.5000
3.2335 1.5473 0.5000
3.5550 0.7114 0.5000
4.5078 0.3791 0.5000
0.1346 -12.0211 0.5000
-1.6556 -3.3143 0.5000
-0.8969 0.1103 0.5000
0.1586 3.0116 0.5000
1.1285 6.5586 0.5000
1.8680 6.3906 0.5000
9.1602 3.3392 0.5000
9.6646 2.2967 0.5000
9.4009 1.0793 0.5000
8.3999 -2.4689 0.5000
2.9426 -1.0814 0.5000
-1.7289 -3.5667 0.5000
5.8828 4.1946 0.5000
8.5004 3.5869 0.5000
1.6323 -5.9747 0.5000
-1.6149 -3.4968 0.5000
6.0559 4.2014 0.5000
7.0128 3.9819 0.5000
8.5372 3.6373 0.5000
9.0361 3.5132 0.5000
9.1851 0.6249 0.5000
8.3480 -2.2951 0.5000
3.0279 -1.0226 0.5000
2.2895 -13.0292 0.5000
0.6624 -12.1001 0.5000
-2.0213 -4.6452 0.5000
2.8967 1.6585 0.5000
3.8520 -1.1762 0.5000
-0.2068 -1.1665 0.5000
-1.0451 -0.3012 0.5000
1.0937 -3.9744 0.5000
4.5421 1.2236 0.5000
9.3279 1.3914 0.5000
9.0868 0.2058 0.5000
1.2037 -6.5916 0.5000
1.2443 -6.5290 0.5000
0.8271 -12.1825 0.5000
-1.4690 -2.5838 0.5000
-1.5035 -1.9560 0.5000
-0.3165 2.8219 0.5000
-0.0094 4.1902 0.5000
0.7561 6.6380 0.5000
1.5047 6.4981 0.5000
2.2181 6.1502 0.5000
3.1482 1.9119 0.5000
3.8856 1.8072 0.5000
3.6028 0.8047 0.5000
9.3452 0.9578 0.5000
2.3135 -1.9099 0.5000
-1.4789 -2.6451 0.5000
-1.5005 -2.0465 0.5000
-0.0263 4.1467 0.5000
0.7261 6.6433 0.5000
1.4892 6.4887 0.5000
2.1848 6.2136 0.5000
6.4696 4.0155 0.5000
9.5584 3.3362 0.5000
9.6051 2.1928 0.5000
9.3529 1.0405 0.5000
9.1430 -0.0413 0.5000
3.2359 -1.1132 0.5000
-1.4923 -2.0331 0.5000
-0.0021 4.2414 0.5000
6.4808 4.0733 0.5000
9.6224 3.3907 0.5000
3.1350 -1.0946 0.5000
1.3845 -6.5276 0.5000
-1.4070 -2.6054 0.5000
-0.0621 4.1818 0.5000
5.3681 4.3252 0.5000
5.5289 4.3039 0.5000
3.1317 1.9559 0.5000
6.6785 4.0674 0.5000
3.8021 1.8562 0.5000
8.1580 3.7096 0.5000
1.4507 -6.2287 0.5000
1.4694 -6.2584 0.5000
1.4599 -12.8276 0.5000
-1.4905 -2.9036 0.5000
-1.4982 -2.2220 0.5000
-1.3448 -1.5937 0.5000
-0.3187 -1.7179 0.5000
3.7395 -1.2675 0.5000
2.3322 -1.1042 0.5000
0.9042 -12.2566 0.5000
-0.5410 -3.3369 0.5000
-1.2087 -2.1247 0.5000
-1.2025 -1.3355 0.5000
0.3515 3.7525 0.5000
2.4144 4.9913 0.5000
5.5875 4.2452 0.5000
6.6593 3.9010 0.5000
3.1932 1.5855 0.5000
7.9940 3.5042 0.5000
3.5239 0.8399 0.5000
4.4915 0.5008 0.5000
5.5095 0.0408 0.5000
9.0025 -0.5328 0.5000
1.3816 -6.1926 0.5000
1.3385 -6.1164 0.5000
8.0832 3.7670 0.5000
1.4638 -6.1540 0.5000
2.2262 -0.9999 0.5000
-0.2438 -1.6993 0.5000
-0.5995 -0.5083 0.5000
1.4283 -6.0486 0.5000
-0.4050 -1.7496 0.5000
-1.6505 -3.2582 0.5000
-0.1517 3.4435 0.5000
2.5033 1.7499 0.5000
6.2478 4.0840 0.5000
9.3294 3.3442 0.5000
8.2074 -2.4476 0.5000
2.7199 -1.0215 0.5000
-0.8168 0.1672 0.5000
0.1212 3.0932 0.5000
5.7551 4.1255 0.5000
7.0996 3.8572 0.5000
8.5502 3.5354 0.5000
9.7502 2.8483 0.5000
9.1723 0.5192 0.5000
8.3517 -2.4048 0.5000
-0.4751 2.4325 0.5000
2.0388 5.0402 0.5000
7.0869 3.9454 0.5000
-1.6228 -3.3556 0.5000
-0.2978 3.3845 0.5000
8.6335 3.6076 0.5000
9.1617 3.5044 0.5000
9.7080 2.8206 0.5000
9.6791 2.4137 0.5000
8.3485 -2.3397 0.5000
-1.6412 -3.5929 0.5000
-0.3112 3.2012 0.5000
2.7697 2.0493 0.5000
2.9005 1.6050 0.5000
9.2568 1.4140 0.5000
8.9341 -0.7238 0.5000
3.3572 -1.0844 0.5000
2.8745 -6.2442 0.5000
1.3429 -6.7153 0.5000
0.9573 -12.1405 0.5000
-1.1418 -2.0956 0.5000
-0.2500 -1.3900 0.5000
-0.6725 -1.4378 0.5000
-0.8253 0.1212 0.5000
-0.9938 -0.0731 0.5000
-0.3834 -1.5772 0.5000
2.9845 1.5964 0.5000
3.5570 1.3940 0.5000
5.1299 0.0863 0.5000
2.8440 -1.0503 0.5000
2.4476 -1.2912 0.5000
2.3264 -5.4015 0.5000
1.7999 -6.0604 0.5000
1.1531 -6.7027 0.5000
1.1546 -6.6361 0.5000
0.5605 -9.7783 0.5000
0.7833 -12.1941 0.5000
-0.5564 -1.8223 0.5000
-1.1560 -1.2465 0.5000
0.0060 4.2722 0.5000
0.5810 4.8497 0.5000
1.5194 6.4492 0.5000
2.4715 4.9484 0.5000
3.1480 1.8914 0.5000
3.8430 1.7783 0.5000
9.4696 1.5566 0.5000
9.2550 0.4130 0.5000
7.8234 3.7273 0.5000
9.5701 3.2856 0.5000
9.6032 2.1283 0.5000
3.2795 -1.1119 0.5000
-0.3918 2.8844 0.5000
7.7931 3.7155 0.5000
9.6849 3.3188 0.5000
3.0945 -1.0795 0.5000
-1.4095 -2.5962 0.5000
-0.0551 4.2503 0.5000
5.4243 4.3146 0.5000
7.8475 3.7716 0.5000
8.2983 3.7144 0.5000
9.7828 3.0900 0.5000
9.5005 2.1962 0.5000
9.4330 1.7561 0.5000
8.8770 -0.9983 0.5000
2.0857 -6.0852 0.5000
1.3046 -12.5736 0.5000
2.2240 1.8504 0.5000
2.2891 1.8677 0.5000
3.0869 1.9574 0.5000
6.8931 0.6713 0.5000
9.0383 -0.1511 0.5000
8.4497 -2.2214 0.5000
-0.9807 -0.1915 0.5000
5.0413 0.3154 0.5000
0.3511 -3.6087 0.5000
0.3641 -3.5905 0.5000
-0.0827 -11.9995 0.5000
-0.5255 1.9427 0.5000
0.2241 2.9295 0.5000
2.5961 1.7213 0.5000
7.6830 3.6855 0.5000
5.4175 1.4427 0.5000
9.6055 2.0958 0.5000
9.3611 0.8520 0.5000
9.0658 0.3182 0.5000
4.0421 -1.2431 0.5000
-0.4458 2.4616 0.5000
-0.2226 3.4326 0.5000
1.1687 6.5723 0.5000
6.0323 4.1763 0.5000
8.8403 3.4548 0.5000
9.7523 2.6174 0.5000
9.2228 0.3867 0.5000
8.7677 -1.6456 0.5000
4.0703 -1.2277 0.5000
8.8858 3.5081 0.5000
9.7175 2.6471 0.5000
-0.2204 3.5236 0.5000
1.8132 6.3179 0.5000
1.8257 6.2816 0.5000
5.8719 4.0642 0.5000
10.6738 7.0686 0.5000
7.2729 3.9239 0.5000
8.8852 3.5679 0.5000
9.4850 3.4524 0.5000
9.6400 2.6654 0.5000
9.5543 2.2542 0.5000
9.3392 1.4842 0.5000
9.3279 1.0596 0.5000
-1.5921 -3.3592 0.5000
2.5101 1.8001 0.5000
4.5326 0.6556 0.5000
1.2588 -6.7365 0.5000
3.5135 0.7714 0.5000
9.1014 -0.1950 0.5000
8.8550 -1.2478 0.5000
8.5843 -2.2209 0.5000
1.9271 -13.1044 0.5000
-1.2652 -2.0149 0.5000
-0.2459 3.1715 0.5000
3.2953 1.8630 0.5000
7.3480 3.8445 0.5000
0.1395 4.7907 0.5000
2.0370 5.1426 0.5000
8.4532 -2.2887 0.5000
1.9626 5.2201 0.5000
5.7146 4.2494 0.5000
5.9786 4.2536 0.5000
6.9075 4.0048 0.5000
7.2023 3.9573 0.5000
9.6800 2.6199 0.5000
8.5419 -2.2333 0.5000
8.5129 -2.8597 0.5000
1.8152 -5.9989 0.5000
2.4481 -13.0849 0.5000
0.8297 -12.1336 0.5000
2.5837 -5.1542 0.5000
2.1513 -6.0448 0.5000
-0.6922 -1.4644 0.5000
1.4801 -3.6637 0.5000
4.2350 1.6994 0.5000
4.5673 1.2468 0.5000
7.1032 1.0116 0.5000
2.3558 -1.9734 0.5000
0.0003 4.2369 0.5000
5.4658 4.2454 0.5000
8.3725 3.5762 0.5000
9.5787 2.0887 0.5000
-0.0442 4.0632 0.5000
7.7883 3.6886 0.5000
9.5601 2.1179 0.5000
-0.0376 4.3261 0.5000
0.5310 4.8141 0.5000
9.7970 3.3933 0.5000
9.5285 2.1298 0.5000
9.2848 0.9538 0.5000
1.9820 -6.0819 0.5000
1.3673 -6.6084 0.5000
-1.3353 -1.5394 0.5000
-0.0870 4.2355 0.5000
5.5576 4.3276 0.5000
6.7122 4.0504 0.5000
3.8502 1.8792 0.5000
8.2087 3.7145 0.5000
9.4325 1.8057 0.5000
8.6445 -1.9270 0.5000
4.0911 -1.1691 0.5000
1.4420 -12.7793 0.5000
1.4505 -12.6850 0.5000
-0.8584 0.7550 0.5000
1.3212 -6.3225 0.5000
-0.2380 -11.9702 0.5000
2.1623 1.8439 0.5000
3.0796 1.5688 0.5000
9.5168 1.9110 0.5000
0.1837 2.8992 0.5000
-1.6476 -3.3002 0.5000
8.9387 3.5076 0.5000
8.7676 -1.6853 0.5000
-1.5927 -3.1912 0.5000
9.6460 2.6238 0.5000
-0.9471 0.2358 0.5000
9.2206 3.5160 0.5000
9.4625 2.3846 0.5000
2.2647 -13.0503 0.5000
0.6753 -12.0875 0.5000
3.5605 1.0123 0.5000
2.5525 -1.1670 0.5000
-0.9085 -0.4555 0.5000
3.4209 0.7953 0.5000
2.6898 -1.0457 0.5000
1.9935 -13.1236 0.5000
2.0584 -13.0856 0.5000
0.3281 -9.4238 0.5000
0.4746 -12.1319 0.5000
5.8229 4.0758 0.5000
7.1271 3.8596 0.5000
3.9470 1.7451 0.5000
8.7181 3.4717 0.5000
4.8034 1.5391 0.5000
4.5519 0.3763 0.5000
9.1701 0.2470 0.5000
8.8604 -1.2526 0.5000
-0.3433 2.9152 0.5000
0.0261 4.3660 0.5000
0.0629 4.4870 0.5000
2.3304 6.1263 0.5000
9.8908 3.1545 0.5000
9.2814 0.8203 0.5000
6.6954 4.0433 0.5000
9.8628 3.2147 0.5000
9.3352 0.8570 0.5000
-0.5156 -3.2318 0.5000
-0.0150 4.4581 0.5000
0.0210 4.6400 0.5000
0.7731 6.2124 0.5000
2.1616 5.9976 0.5000
5.5667 4.2853 0.5000
6.6280 4.0217 0.5000
8.0528 3.7447 0.5000
9.8123 3.2281 0.5000
9.2430 0.8503 0.5000
8.6317 -2.1364 0.5000
1.9899 -6.0286 0.5000
1.3339 -6.6819 0.5000
-0.0572 4.3703 0.5000
2.8095 1.7106 0.5000
4.0439 1.8209 0.5000
4.9935 1.6010 0.5000
9.1211 0.6529 0.5000
-0.3713 -1.6198 0.5000
-0.2063 -1.2714 0.5000
2.8966 1.9304 0.5000
6.9640 -6.0002 0.5000
-1.0392 -3.2417 0.5000
0.9131 6.3290 0.5000
3.2575 1.9234 0.5000
8.0588 3.5215 0.5000
8.7584 3.4582 0.5000
8.5649 -2.2786 0.5000
8.1711 3.6199 0.5000
2.1690 5.8936 0.5000
6.8233 4.0203 0.5000
0.0336 4.7569 0.5000
0.7479 6.0973 0.5000
2.1312 5.7906 0.5000
3.2739 1.9686 0.5000
8.6829 3.6551 0.5000
9.7162 2.7783 0.5000
9.4420 1.5078 0.5000
6.9022 0.6011 0.5000
1.0113 -12.2574 0.5000
1.0840 -12.1770 0.5000
-0.9493 -0.0489 0.5000
2.7951 2.1057 0.5000
8.2593 -2.5290 0.5000
2.4415 -1.2405 0.5000
1.1755 -3.9648 0.5000
9.8587 2.8446 0.5000
9.1471 0.4482 0.5000
3.3436 -1.1733 0.5000
2.4737 -5.2584 0.5000
7.6756 3.7262 0.5000
9.5705 2.2495 0.5000
3.6322 -1.2002 0.5000
9.4044 3.3721 0.5000
9.6210 2.2776 0.5000
6.3750 4.1229 0.5000
7.6583 3.7710 0.5000
9.4698 3.4025 0.5000
3.3970 -1.1008 0.5000
0.0372 4.4694 0.5000
0.0289 4.5803 0.5000
2.2098 6.1126 0.5000
7.7122 3.5402 0.5000
9.2333 0.4682 0.5000
8.8495 -1.1472 0.5000
2.7267 -0.9723 0.5000
1.0923 -12.2259 0.5000
-0.5080 -1.8606 0.5000
-0.5747 2.1397 0.5000
2.7936 1.7393 0.5000
1.5232 -6.0641 0.5000
-0.7028 -0.6142 0.5000
0.7042 -9.4985 0.5000
6.6179 3.9871 0.5000
-1.6158 -3.0975 0.5000
8.0305 3.7625 0.5000
0.4945 -3.6000 0.5000
6.0157 4.1392 0.5000
7.0124 1.0569 0.5000
5.5771 0.2176 0.5000
0.4331 -12.0872 0.5000
3.2971 -1.0972 0.5000
2.4866 -1.1097 0.5000
1.8668 -13.0933 0.5000
0.3319 -12.1090 0.5000
1.7347 6.3991 0.5000
5.9721 4.1471 0.5000
7.2466 3.8026 0.5000
6.4440 1.1527 0.5000
9.3577 1.2749 0.5000
-0.8051 0.0274 0.5000
-0.0427 4.3694 0.5000
8.0313 3.7432 0.5000
9.2812 0.8549 0.5000
-0.3592 2.9319 0.5000
-0.0005 4.4360 0.5000
5.6027 4.2884 0.5000
3.1986 1.9687 0.5000
8.3840 3.6948 0.5000
5.2105 1.1588 0.5000
9.4319 1.7070 0.5000
2.8813 -1.0159 0.5000
1.2660 -12.4258 0.5000
-1.4849 -2.7840 0.5000
-1.4186 -2.7876 0.5000
2.7887 1.6299 0.5000
3.9981 1.7113 0.5000
5.0631 0.2873 0.5000
8.1731 -2.5639 0.5000
1.2818 -12.8303 0.5000
6.5105 4.0382 0.5000
9.6076 1.9335 0.5000
7.0352 0.9060 0.5000
5.6839 0.1027 0.5000
8.6867 -1.7642 0.5000
8.2158 -2.6927 0.5000
1.9253 6.2480 0.5000
9.0168 3.4219 0.5000
2.2070 5.0550 0.5000
6.9239 3.9792 0.5000
5.6615 4.0562 0.5000
9.6798 2.7318 0.5000
5.1696 0.4282 0.5000
0.9605 -12.1871 0.5000
-0.9209 -0.5772 0.5000
5.1957 0.1155 0.5000
2.4834 4.9598 0.5000
3.0750 1.9481 0.5000
6.8049 3.9413 0.5000
3.8233 1.8137 0.5000
9.8687 2.9062 0.5000
0.7062 6.6819 0.5000
6.4174 4.0322 0.5000
8.9018 -1.0268 0.5000
4.7940 3.9517 0.5000
9.6950 3.4010 0.5000
3.4767 0.9218 0.5000
9.1607 0.9805 0.5000
0.3441 -11.9917 0.5000
0.3947 -12.0346 0.5000
-0.2494 -1.7212 0.5000
-1.0360 -0.7177 0.5000
1.2127 -3.5652 0.5000
0.4564 -3.5425 0.5000
-0.2094 3.3513 0.5000
8.6179 3.4845 0.5000
9.2836 3.3574 0.5000
9.7998 2.7169 0.5000
1.5486 -3.8522 0.5000
-1.6575 -3.3529 0.5000
7.1445 3.9248 0.5000
8.6544 3.5096 0.5000
-0.4739 2.4551 0.5000
0.1002 2.8920 0.5000
1.0881 6.5471 0.5000
7.3784 3.8881 0.5000
9.0889 3.5274 0.5000
9.6325 2.5350 0.5000
1.3962 -6.4541 0.5000
1.2207 -12.3775 0.5000
3.6503 1.4618 0.5000
4.5020 0.6375 0.5000
0.1950 -11.9959 0.5000
3.0925 1.8884 0.5000
3.5169 0.6704 0.5000
6.3729 0.4155 0.5000
1.1119 -12.7867 0.5000
0.9846 6.4997 0.5000
9.8074 2.7705 0.5000
9.2311 0.4241 0.5000
1.3928 -5.9741 0.5000
0.0656 4.5326 0.5000
2.3201 6.1737 0.5000
0.0439 4.4374 0.5000
8.1418 3.6420 0.5000
9.5779 1.9022 0.5000
6.7204 4.0269 0.5000
0.7296 6.1481 0.5000
0.7134 5.8591 0.5000
2.2448 6.0509 0.5000
5.8674 4.3075 0.5000
9.4899 1.9175 0.5000
1.3435 -6.6349 0.5000
1.0064 -12.1957 0.5000
1.5230 -6.1102 0.5000
-0.2237 -1.3353 0.5000
0.6770 -9.5114 0.5000
5.2047 0.0351 0.5000
1.3891 -6.1467 0.5000
6.4887 3.9655 0.5000
7.8401 3.7000 0.5000
9.6329 3.2430 0.5000
9.6244 3.3181 0.5000
-0.0184 4.2829 0.5000
7.8818 3.7933 0.5000
9.7447 3.3116 0.5000
9.0955 -0.0241 0.5000
3.0241 -1.0668 0.5000
-0.1135 4.1320 0.5000
5.4606 4.3174 0.5000
6.6269 4.0529 0.5000
3.2119 1.6136 0.5000
7.8475 3.6232 0.5000
9.4405 1.8757 0.5000
1.4807 -6.1383 0.5000
1.5885 -12.8040 0.5000
1.1608 -3.6303 0.5000
3.9040 1.7779 0.5000
-1.4031 -1.5984 0.5000
2.1522 5.4330 0.5000
0.0950 3.2382 0.5000
8.7791 -1.3180 0.5000
2.8228 2.0516 0.5000
-0.3386 -1.6250 0.5000
-1.0713 -0.4806 0.5000
2.9999 1.6545 0.5000
9.8003 2.7180 0.5000
3.4789 0.7210 0.5000
9.3687 1.4382 0.5000
3.0698 -1.1479 0.5000
0.9399 -12.2051 0.5000
0.6537 4.8346 0.5000
2.3231 6.0116 0.5000
9.8111 2.6517 0.5000
6.2298 1.2416 0.5000
9.4712 1.4249 0.5000
9.1899 0.7856 0.5000
9.2011 0.2932 0.5000
2.2594 6.0993 0.5000
8.1252 3.6974 0.5000
2.1959 5.9291 0.5000
7.9034 3.6125 0.5000
9.1589 0.8524 0.5000
-1.3998 -2.5400 0.5000
1.5096 -6.1553 0.5000
-0.6392 -0.5523 0.5000
-1.0886 -0.6531 0.5000
-1.1622 -2.2267 0.5000
-0.1478 3.5998 0.5000
2.2433 4.9998 0.5000
9.6221 3.2523 0.5000
9.5856 2.0116 0.5000
9.1456 0.2529 0.5000
-1.1865 -3.2529 0.5000
6.1150 4.1831 0.5000
6.2652 4.1680 0.5000
7.0350 1.1007 0.5000
5.2720 0.2179 0.5000
0.4502 -12.0659 0.5000
5.1712 -0.0947 0.5000
9.6254 2.4465 0.5000
7.0531 0.9254 0.5000
5.2583 0.0975 0.5000
1.1346 -6.7421 0.5000
1.1656 -6.7561 0.5000
0.6390 -12.1922 0.5000
2.5413 4.9476 0.5000
3.2011 1.9175 0.5000
7.8646 3.5570 0.5000
9.2254 0.8136 0.5000
0.0064 4.3184 0.5000
8.0004 3.6627 0.5000
-0.3871 2.9747 0.5000
-0.0253 4.5069 0.5000
6.8901 4.0131 0.5000
8.4302 3.6916 0.5000
4.7891 1.6149 0.5000
9.4328 1.6668 0.5000
-1.3664 -1.9887 0.5000
-1.1941 -1.9402 0.5000
1.2856 -3.9038 0.5000
0.0076 -12.0795 0.5000
5.9033 4.0609 0.5000
-1.6703 -3.4290 0.5000
8.7937 3.5361 0.5000
9.4574 1.4574 0.5000
7.2137 3.9051 0.5000
8.8287 3.5244 0.5000
-0.2708 3.4430 0.5000
2.7241 1.9348 0.5000
7.4235 3.9409 0.5000
4.2096 1.7181 0.5000
5.3379 0.3454 0.5000
2.2474 -13.0395 0.5000
0.6370 -12.0942 0.5000
-0.3271 -1.4216 0.5000
-1.1448 -1.3413 0.5000
-1.2200 -1.1863 0.5000
0.1710 -9.6470 0.5000
4.5580 0.2692 0.5000
6.5722 3.7843 0.5000
2.1314 5.6245 0.5000
8.3222 3.6178 0.5000
0.0987 4.8547 0.5000
8.9768 3.5839 0.5000
3.9703 1.8260 0.5000
8.6767 3.6402 0.5000
4.5214 0.4102 0.5000
9.0693 0.4207 0.5000
-1.0309 -0.4842 0.5000
2.6670 -6.2997 0.5000
1.0754 -6.6451 0.5000
1.1471 -6.7564 0.5000
0.4261 -9.4274 0.5000
0.6313 -12.1487 0.5000
6.8581 3.8247 0.5000
3.8724 1.7849 0.5000
4.6331 0.4071 0.5000
5.6210 -0.1022 0.5000
8.3248 -2.7411 0.5000
3.0468 -1.1003 0.5000
-0.3446 2.7503 0.5000
0.7565 6.6570 0.5000
9.3550 0.9986 0.5000
9.7611 3.3223 0.5000
9.2338 0.9908 0.5000
2.9155 -1.0285 0.5000
2.4018 -1.9059 0.5000
-0.4042 2.7730 0.5000
3.9947 1.8560 0.5000
3.4939 0.8049 0.5000
8.9793 -0.2665 0.5000
8.2908 -2.2660 0.5000
2.3233 -1.0527 0.5000
2.2574 -6.0426 0.5000
1.6351 -12.8007 0.5000
-0.9357 -0.6241 0.5000
-1.1498 -0.7614 0.5000
3.5616 0.6236 0.5000
4.4601 0.2461 0.5000
0.9852 -9.9529 0.5000
-0.9907 0.0630 0.5000
9.6829 3.2034 0.5000
5.2801 0.1579 0.5000
8.2122 -2.6473 0.5000
5.9772 4.0809 0.5000
-1.5312 -3.0111 0.5000
0.3812 6.6894 0.5000
9.5369 2.5825 0.5000
9.0538 0.3523 0.5000
2.1123 1.8735 0.5000
3.7121 1.4505 0.5000
5.5672 0.1320 0.5000
2.7012 -0.9158 0.5000
2.3184 -13.0307 0.5000
3.2928 1.5177 0.5000
3.5140 0.7060 0.5000
4.3832 0.3602 0.5000
0.1244 -12.0566 0.5000
0.1986 3.0945 0.5000
6.1110 4.0986 0.5000
4.1184 1.6934 0.5000
9.1440 3.3498 0.5000
9.7084 2.3091 0.5000
9.1545 -0.0253 0.5000
6.9950 3.8892 0.5000
8.4681 -2.3946 0.5000
9.5021 1.6677 0.5000
8.4807 3.6472 0.5000
4.0563 1.7541 0.5000
5.2964 0.2650 0.5000
0.9307 -9.4738 0.5000
-0.3320 -1.3636 0.5000
4.3071 0.4192 0.5000
5.1668 -0.1104 0.5000
0.2367 -9.4244 0.5000
6.1022 4.1071 0.5000
9.0234 3.3972 0.5000
8.4423 -3.0460 0.5000
2.6365 -6.3072 0.5000
1.1485 -6.8349 0.5000
0.1086 3.3409 0.5000
5.8249 4.2815 0.5000
6.0006 4.2550 0.5000
7.2584 3.9624 0.5000
5.0035 1.5622 0.5000
8.5052 -2.8361 0.5000
-0.7413 -0.0512 0.5000
-1.2057 -1.3974 0.5000
3.5118 0.5565 0.5000
-0.3570 -3.3970 0.5000
7.7528 3.4950 0.5000
3.7917 1.8868 0.5000
4.1911 0.5409 0.5000
5.2351 0.0888 0.5000
6.3825 4.0573 0.5000
4.2020 0.5205 0.5000
0.1409 -3.5552 0.5000
0.4982 4.8233 0.5000
3.2273 1.9518 0.5000
4.8648 1.6142 0.5000
0.5578 -3.4755 0.5000
0.1479 -3.5249 0.5000
-1.6303 -3.5084 0.5000
-0.7422 0.0813 0.5000
-0.4002 2.8439 0.5000
-0.6737 -2.5848 0.5000
-0.5015 -0.9413 0.5000
-0.6980 -0.0424 0.5000
-0.6803 0.0515 0.5000
-0.6170 0.0707 0.5000
0.3707 3.8265 0.5000
3.3168 -1.2033 0.5000
2.2543 -1.0955 0.5000
0.5224 -9.4736 0.5000
0.6823 -12.1870 0.5000
-1.4043 -2.1457 0.5000
-0.5821 0.0510 0.5000
-0.3265 2.7187 0.5000
1.9010 6.3834 0.5000
1.2835 -6.4014 0.5000
1.3431 -6.4589 0.5000
0.3707 6.7558 0.5000
1.3970 -6.3670 0.5000
0.2860 6.7634 0.5000
0.2552 6.7239 0.5000
4.1697 0.6363 0.5000
1.3751 -3.6471 0.5000
-1.3961 -1.8224 0.5000
-0.6459 0.0411 0.5000
-0.1994 -1.8322 0.5000
-0.6036 0.1039 0.5000
-0.7150 0.0450 0.5000
-0.7873 0.1525 0.5000
0.4372 6.7666 0.5000
2.8824 4.8686 0.5000
4.3149 0.5763 0.5000
0.8815 -6.6501 0.5000
0.2265 -3.5408 0.5000
0.2272 -3.5549 0.5000
-2.0516 -4.4603 0.5000
-2.0530 -4.4071 0.5000
-0.5116 0.0976 0.5000
2.7486 4.9161 0.5000
4.8824 1.5233 0.5000
2.4071 -6.2079 0.5000
1.5287 -12.9373 0.5000
1.4709 -12.9133 0.5000
0.2503 -3.5600 0.5000
-2.1361 -4.7151 0.5000
-2.0831 -4.5218 0.5000
1.5789 -12.9227 0.5000
1.4708 -12.8916 0.5000
-2.1023 -4.6839 0.5000
4.3789 0.4167 0.5000
8.2844 -2.4575 0.5000
2.4580 -6.2174 0.5000
1.6551 -12.9023 0.5000
0.2989 -3.5333 0.5000
-2.0482 -4.6692 0.5000
-2.0310 -4.5057 0.5000
-0.2066 3.7502 0.5000
0.1776 6.7510 0.5000
3.5131 1.0067 0.5000
-0.5695 -2.6470 0.5000
-1.2452 -1.5536 0.5000
-1.2274 -1.5128 0.5000
-0.7059 -0.0011 0.5000
-0.7293 0.1162 0.5000
0.6386 5.9116 0.5000
-0.4505 -1.6150 0.5000
-1.2544 -1.5415 0.5000
-0.6149 -3.2192 0.5000
-1.0308 -2.4079 0.5000
2.6351 -3.8399 0.5000
2.2362 -5.9699 0.5000
1.0582 -12.8360 0.5000
1.1038 -12.8391 0.5000
-2.1031 -4.4001 0.5000
-1.5075 -2.5843 0.5000
0.7349 6.5664 0.5000
0.7946 6.5297 0.5000
2.2299 6.2088 0.5000
5.6025 -11.7086 0.5000
5.5819 -11.9052 0.5000
2.3544 -6.1928 0.5000
0.3462 -3.5821 0.5000
0.7064 6.5307 0.5000
5.7530 -11.7357 0.5000
2.4859 -6.1992 0.5000
2.3632 -6.0189 0.5000
1.3978 -12.8481 0.5000
-0.3070 0.0546 0.5000
-0.9484 0.1832 0.5000
0.5780 5.8765 0.5000
1.6640 -12.8882 0.5000
-2.0320 -4.8225 0.5000
-0.6623 0.1050 0.5000
-0.6566 1.7114 0.5000
-0.4591 2.5332 0.5000
-0.9812 -2.4497 0.5000
0.6299 -3.6860 0.5000
0.1956 -3.5152 0.5000
-0.3286 -1.8636 0.5000
-1.3640 -1.3330 0.5000
2.4889 -4.4163 0.5000
2.5215 -4.3787 0.5000
2.3800 -6.2028 0.5000
1.1586 -12.8648 0.5000
0.4939 -3.4500 0.5000
-2.1811 -4.7508 0.5000
-0.3297 0.0076 0.5000
2.5881 -4.0686 0.5000
2.3931 -5.2246 0.5000
0.5974 -3.6211 0.5000
-0.1923 0.0196 0.5000
-0.2657 0.0669 0.5000
2.6144 -3.9553 0.5000
-0.1653 3.8726 0.5000
2.6073 -4.0525 0.5000
-0.5104 2.4215 0.5000
-0.2428 3.7058 0.5000
2.6564 -3.9171 0.5000
0.6527 -3.6325 0.5000
-0.5663 2.2203 0.5000
-1.3002 -1.6864 0.5000
-0.9682 -0.7526 0.5000
-0.9476 -0.5183 0.5000
-0.2995 -1.6422 0.5000
-1.2200 -1.4684 0.5000
-2.4878 -6.0650 0.5000
-0.4160 -1.1316 0.5000
-0.4976 0.0972 0.5000
1.0632 -9.3998 0.5000
-2.2448 -5.1297 0.5000
0.2089 3.2156 0.5000
1.5536 1.7849 0.5000
2.5959 -3.9479 0.5000
2.4578 -5.2089 0.5000
0.6984 -3.6532 0.5000
0.7459 -3.6543 0.5000
0.2441 3.2948 0.5000
0.2154 3.3232 0.5000
1.5561 1.8741 0.5000
1.5145 1.7768 0.5000
0.2307 3.3806 0.5000
2.7862 4.8970 0.5000
1.3998 -6.4283 0.5000
0.7503 -3.6547 0.5000
0.1525 3.3267 0.5000
1.5474 1.7309 0.5000
2.5566 -5.2065 0.5000
1.4121 -6.3059 0.5000
-0.2474 -0.0134 0.5000
-0.4614 2.6547 0.5000
-0.3308 3.3261 0.5000
-0.3389 3.2690 0.5000
0.1469 3.1806 0.5000
0.7983 6.5692 0.5000
0.8405 -3.6862 0.5000
-2.2987 -6.2200 0.5000
-2.3190 -6.3377 0.5000
-1.8336 -4.0726 0.5000
-1.9332 -4.2010 0.5000
-0.6070 1.9859 0.5000
-0.5096 2.3506 0.5000
-0.4008 2.9034 0.5000
-0.4435 2.8875 0.5000
-0.2530 3.6509 0.5000
-0.2534 -1.9595 0.5000
-0.9915 -2.4656 0.5000
-0.7017 1.4722 0.5000
-0.4000 2.6202 0.5000
0.2033 3.0860 0.5000
0.8749 6.2508 0.5000
1.6496 6.4587 0.5000
1.5583 1.8421 0.5000
1.5505 1.7291 0.5000
2.1690 2.4912 0.5000
-0.3390 -3.3969 0.5000
-2.6343 -6.8274 0.5000
-2.1120 -4.5222 0.5000
-2.1040 -4.4509 0.5000
-0.4473 2.5352 0.5000
-0.4355 2.5624 0.5000
2.5778 4.9366 0.5000
3.1165 4.8294 0.5000
3.2128 4.8015 0.5000
4.5499 0.2730 0.5000
2.5475 -4.2697 0.5000
0.9641 -3.7117 0.5000
-2.7971 -7.6362 0.5000
-2.1655 -4.8396 0.5000
0.1918 2.9552 0.5000
2.4355 -6.1735 0.5000
0.9787 -12.2256 0.5000
-2.7981 -7.7522 0.5000
-2.1541 -4.8893 0.5000
2.5990 -4.2761 0.5000
1.0352 -3.7334 0.5000
0.9933 -6.6446 0.5000
-2.6696 -7.5783 0.5000
-2.0524 -4.8106 0.5000
-2.0650 -4.6768 0.5000
0.6287 6.5311 0.5000
1.4362 6.5064 0.5000
3.0525 4.8659 0.5000
3.8852 1.4448 0.5000
3.4969 0.8973 0.5000
-0.3230 -0.0522 0.5000
0.4071 6.5749 0.5000
0.3866 6.5932 0.5000
1.5141 2.1286 0.5000
-1.1876 -1.4539 0.5000
-0.5756 2.1633 0.5000
-1.1748 -3.9674 0.5000
-0.7706 -2.5534 0.5000
-2.0776 -4.2679 0.5000
0.2533 3.3179 0.5000
2.2517 2.4696 0.5000
1.0964 -3.7538 0.5000
0.6463 -3.6415 0.5000
-2.2465 -5.0664 0.5000
-2.2305 -5.0271 0.5000
1.6655 6.4573 0.5000
2.6665 4.9163 0.5000
0.7097 -3.6456 0.5000
0.3096 -3.5416 0.5000
2.7131 4.8623 0.5000
2.6100 -3.9144 0.5000
1.2300 -6.7232 0.5000
1.2478 -12.8110 0.5000
0.1996 3.3647 0.5000
0.2227 3.4285 0.5000
2.6485 4.9347 0.5000
1.2594 -6.7565 0.5000
-2.2298 -5.3646 0.5000
-1.6832 -3.5050 0.5000
-2.1843 -5.4689 0.5000
-2.1788 -5.4346 0.5000
-0.4477 0.0381 0.5000
-0.3519 3.1090 0.5000
0.4717 6.5799 0.5000
1.4877 1.6159 0.5000
-0.2456 -1.8559 0.5000
-0.7800 -0.0202 0.5000
-2.3708 -5.4996 0.5000
1.4241 -3.7062 0.5000
1.0281 -3.7800 0.5000
-2.1701 -4.7028 0.5000
-1.6704 -3.0654 0.5000
1.5776 2.1569 0.5000
1.6616 1.8173 0.5000
6.0586 -9.9824 0.5000
2.6387 -3.8572 0.5000
2.5845 -3.8536 0.5000
0.4235 4.1793 0.5000
0.4434 4.2756 0.5000
0.6560 6.5951 0.5000
2.6431 -3.7803 0.5000
0.4153 4.3012 0.5000
0.6624 6.5447 0.5000
2.6901 -3.8170 0.5000
0.8237 -3.7221 0.5000
0.3928 4.2677 0.5000
0.6843 6.1365 0.5000
6.2604 -9.8402 0.5000
2.7076 -3.7632 0.5000
0.1248 3.1272 0.5000
0.2835 3.9721 0.5000
2.7718 -3.7231 0.5000
0.9338 -3.6990 0.5000
-2.1704 -5.5188 0.5000
-2.1948 -5.6142 0.5000
-1.6393 -3.6325 0.5000
-0.6949 -2.6343 0.5000
-0.6382 -2.6429 0.5000
-1.0939 -0.6246 0.5000
-0.9948 -0.1232 0.5000
1.4249 -3.6143 0.5000
-2.5733 -6.4572 0.5000
-2.5073 -6.2244 0.5000
-2.0557 -4.2420 0.5000
-1.5544 -2.7818 0.5000
-1.4279 -1.5492 0.5000
-0.8735 0.0585 0.5000
2.7697 -6.3033 0.5000
0.4371 -3.4898 0.5000
-1.7308 -3.4278 0.5000
-1.1513 -0.4046 0.5000
5.4939 -2.1840 0.5000
3.6526 -1.2511 0.5000
2.3319 -1.8318 0.5000
2.4973 -4.3864 0.5000
-0.2366 0.0107 0.5000
0.3199 3.7148 0.5000
0.3460 3.7559 0.5000
1.6996 1.8671 0.5000
2.0508 2.5492 0.5000
3.6598 -1.2155 0.5000
0.3202 3.8244 0.5000
2.1011 2.5404 0.5000
0.2983 3.8112 0.5000
2.8940 -3.7637 0.5000
2.5828 -4.3561 0.5000
3.0025 -6.3455 0.5000
5.9896 -10.8947 0.5000
2.6026 -4.2736 0.5000
2.6184 -4.3081 0.5000
2.3699 -5.9609 0.5000
2.3514 -5.9336 0.5000
1.1121 -3.7490 0.5000
-1.9309 -4.2941 0.5000
-1.4950 -2.2780 0.5000
-1.5968 -3.4708 0.5000
0.6033 -3.5945 0.5000
-2.4378 -5.8723 0.5000
-2.0027 -4.1151 0.5000
-1.9437 -3.8590 0.5000
1.2029 -3.7560 0.5000
1.2737 -3.7916 0.5000
0.3732 -3.5368 0.5000
0.4088 -3.5437 0.5000
-1.2608 -0.8850 0.5000
0.3216 3.6553 0.5000
0.5081 4.6495 0.5000
0.5336 4.6905 0.5000
2.7332 -6.2868 0.5000
0.9469 -3.7018 0.5000
-0.9552 0.3603 0.5000
0.5187 4.7560 0.5000
2.1357 2.4828 0.5000
3.4398 -1.1724 0.5000
2.7870 -3.7710 0.5000
0.2859 3.7509 0.5000
1.3796 -3.8319 0.5000
0.0902 2.8983 0.5000
0.2321 3.6183 0.5000
0.2496 3.5476 0.5000
0.4457 4.5640 0.5000
1.4784 1.5872 0.5000
0.1947 -3.5527 0.5000
-2.9001 -8.8223 0.5000
-2.1793 -5.5589 0.5000
-1.4492 -2.6891 0.5000
-0.5757 -2.6717 0.5000
0.2682 3.3624 0.5000
0.4020 4.1276 0.5000
0.6592 5.9056 0.5000
2.0963 2.5724 0.5000
1.2901 -3.8057 0.5000
0.8823 -3.6845 0.5000
0.4896 -3.4434 0.5000
-2.2737 -6.3159 0.5000
-2.8234 -7.1231 0.5000
0.3913 4.0311 0.5000
0.4193 6.2053 0.5000
0.4616 6.2686 0.5000
2.9419 4.8335 0.5000
2.9809 4.8128 0.5000
3.2906 4.2454 0.5000
3.3259 4.2418 0.5000
1.3600 -3.7867 0.5000
-2.2716 -5.1293 0.5000
0.1574 3.1742 0.5000
0.3821 4.0582 0.5000
3.9844 1.3753 0.5000
1.4219 -3.8339 0.5000
-2.2338 -5.1735 0.5000
0.3432 4.0882 0.5000
-2.8119 -7.7461 0.5000
-2.1720 -5.1268 0.5000
-2.1403 -4.9635 0.5000
0.1392 3.2053 0.5000
0.1946 3.2374 0.5000
0.3453 4.0129 0.5000
0.3319 6.2581 0.5000
1.7777 6.3055 0.5000
3.2480 4.2494 0.5000
3.2752 4.2531 0.5000
4.0917 1.4133 0.5000
-1.0231 -4.7505 0.5000
-2.1310 -5.1952 0.5000
-2.1117 -5.1334 0.5000
-0.3642 3.0582 0.5000
0.2325 3.7638 0.5000
0.4992 4.7594 0.5000
0.8210 6.5537 0.5000
2.0493 1.8699 0.5000
-0.3094 -1.9541 0.5000
-1.2298 -1.2249 0.5000
0.2031 3.0424 0.5000
1.2824 -3.5355 0.5000
-2.0556 -4.3284 0.5000
-0.1872 0.0807 0.5000
0.2989 3.5836 0.5000
0.2564 3.5395 0.5000
0.4539 4.4175 0.5000
0.6114 6.5807 0.5000
2.0951 1.8779 0.5000
2.4024 2.4318 0.5000
0.9730 -3.6981 0.5000
-2.8961 -7.4877 0.5000
-2.2328 -4.9979 0.5000
0.2570 3.4570 0.5000
0.4583 4.3182 0.5000
0.4700 4.3786 0.5000
0.5523 6.6053 0.5000
0.5744 6.5875 0.5000
3.0721 4.8434 0.5000
3.4425 4.1984 0.5000
3.4950 4.1876 0.5000
2.8064 -3.7808 0.5000
-1.1033 -0.2338 0.5000
0.2168 3.5540 0.5000
0.4289 4.4453 0.5000
3.4151 4.2201 0.5000
1.0750 -3.7250 0.5000
0.5443 6.5909 0.5000
3.6097 1.4344 0.5000
2.8237 -3.7175 0.5000
-2.1785 -5.2641 0.5000
-1.0031 0.2136 0.5000
0.1853 3.4174 0.5000
0.3467 4.2978 0.5000
0.3803 6.5099 0.5000
2.9380 4.8557 0.5000
0.2729 3.8620 0.5000
2.1989 -1.0376 0.5000
-1.2405 -4.6680 0.5000
2.6503 -3.7909 0.5000
2.2574 -5.3923 0.5000
1.7133 -3.8979 0.5000
1.7517 -3.9403 0.5000
0.4080 4.0868 0.5000
0.3726 4.1265 0.5000
0.3843 6.0502 0.5000
0.3745 6.1439 0.5000
0.9778 6.6016 0.5000
2.0865 1.9521 0.5000
0.2080 3.4562 0.5000
0.3732 4.1646 0.5000
0.3748 4.2344 0.5000
0.3223 6.1524 0.5000
0.3628 6.2289 0.5000
2.3937 2.4412 0.5000
-1.0515 0.0033 0.5000
0.3310 4.1752 0.5000
0.3135 6.2294 0.5000
0.4380 5.9169 0.5000
0.2505 4.0483 0.5000
1.6074 1.8880 0.5000
2.5876 -4.3402 0.5000
1.1447 -3.7545 0.5000
-2.0528 -4.9269 0.5000
-1.8949 -4.1181 0.5000
-1.8968 -4.2223 0.5000
-1.2270 -4.0016 0.5000
-1.7574 -3.6293 0.5000
2.5332 -4.0903 0.5000
1.9582 -3.9638 0.5000
1.5418 -3.7003 0.5000
1.5748 -3.8570 0.5000
-1.4902 -1.7393 0.5000
0.1681 3.1099 0.5000
1.5202 1.6060 0.5000
3.6571 0.6240 0.5000
8.1160 -2.7092 0.5000
5.4749 -2.1042 0.5000
0.4722 4.5920 0.5000
0.4911 4.6677 0.5000
2.7881 2.2353 0.5000
7.3458 -2.5485 0.5000
5.5041 -2.1088 0.5000
0.4943 4.7153 0.5000
0.7465 6.1519 0.5000
5.5212 -2.1542 0.5000
0.4474 4.6851 0.5000
5.7642 -2.0609 0.5000
3.6519 -1.1619 0.5000
1.9179 -3.9903 0.5000
-0.5108 2.4513 0.5000
2.0396 -3.9410 0.5000
2.0704 -3.9720 0.5000
-2.4455 -6.7462 0.5000
-2.4639 -6.8899 0.5000
-1.9702 -4.6776 0.5000
-1.9780 -4.7399 0.5000
-1.3708 -1.8513 0.5000
-1.0246 -4.0680 0.5000
-0.3539 -2.0022 0.5000
1.6929 -3.8745 0.5000
1.3017 -3.7914 0.5000
-2.9499 -7.8003 0.5000
-2.0013 -3.9368 0.5000
-1.5838 -2.1126 0.5000
0.2527 3.4045 0.5000
1.6005 1.9025 0.5000
1.9148 -3.9488 0.5000
1.9981 -3.9385 0.5000
1.4546 -3.7345 0.5000
0.3139 5.8433 0.5000
0.3550 5.8759 0.5000
2.7658 2.2554 0.5000
4.7852 -1.9960 0.5000
0.4301 4.2490 0.5000
0.3428 5.9925 0.5000
2.3522 5.0002 0.5000
0.3999 4.3041 0.5000
2.8836 1.8160 0.5000
2.8525 1.7059 0.5000
3.2237 1.5580 0.5000
1.5613 -3.7012 0.5000
0.1991 3.4926 0.5000
0.2771 6.1061 0.5000
3.4868 -1.1789 0.5000
2.0477 -3.9622 0.5000
0.1257 3.2939 0.5000
0.3421 3.9798 0.5000
0.1893 5.7085 0.5000
0.7290 6.4118 0.5000
1.6314 -3.8746 0.5000
1.1971 -3.7704 0.5000
-3.0493 -9.8015 0.5000
-3.0932 -10.0753 0.5000
-2.5440 -6.7886 0.5000
-2.5120 -6.8938 0.5000
-2.0388 -4.7651 0.5000
-2.0464 -4.8710 0.5000
0.2592 3.6111 0.5000
0.4925 4.4660 0.5000
0.4535 6.3522 0.5000
0.5247 6.3804 0.5000
1.2211 6.5746 0.5000
3.1109 4.3373 0.5000
3.1401 4.4371 0.5000
3.6430 4.1625 0.5000
3.5583 4.1765 0.5000
4.0764 4.0426 0.5000
4.0518 4.0868 0.5000
4.5524 3.9456 0.5000
5.4675 4.2961 0.5000
5.5344 4.2821 0.5000
-2.5544 -6.1718 0.5000
-1.6691 -3.1456 0.5000
3.0477 4.2689 0.5000
3.0862 4.2222 0.5000
4.0112 4.0929 0.5000
4.5386 3.9318 0.5000
5.4234 4.2972 0.5000
6.0879 4.1135 0.5000
6.4990 1.1955 0.5000
4.7616 -2.0976 0.5000
-3.1533 -9.2243 0.5000
-3.1053 -9.0517 0.5000
-2.5615 -6.3906 0.5000
-2.1093 -4.6426 0.5000
-2.1366 -4.5753 0.5000
4.6249 4.1489 0.5000
1.6045 -3.8312 0.5000
-3.1018 -9.2291 0.5000
-3.0207 -8.9423 0.5000
-2.5066 -6.3012 0.5000
4.6747 4.1213 0.5000
-2.4937 -6.3678 0.5000
-2.4959 -6.2783 0.5000
0.1570 3.5101 0.5000
1.9478 5.1174 0.5000
2.9781 4.3542 0.5000
3.4592 4.2089 0.5000
3.9857 4.1048 0.5000
4.4522 3.9978 0.5000
5.3743 4.3645 0.5000
6.0327 4.2088 0.5000
5.2207 0.4538 0.5000
0.2934 4.1127 0.5000
0.1968 5.8864 0.5000
2.8068 4.8468 0.5000
3.8157 4.1231 0.5000
3.7874 4.1253 0.5000
4.3138 4.0043 0.5000
4.2084 4.0328 0.5000
5.1253 4.3883 0.5000
5.0638 4.4379 0.5000
3.8459 1.4423 0.5000
3.7692 1.4031 0.5000
-0.3266 3.3819 0.5000
0.3434 4.3012 0.5000
0.4416 5.8935 0.5000
1.9964 1.8906 0.5000
2.4122 1.8739 0.5000
2.6989 2.2857 0.5000
0.4504 6.2212 0.5000
0.4586 6.0398 0.5000
1.0592 6.6019 0.5000
1.8745 6.4169 0.5000
2.5657 2.4164 0.5000
2.5574 4.9507 0.5000
3.7098 1.4175 0.5000
2.9643 4.8531 0.5000
3.9431 4.0884 0.5000
4.3963 3.9902 0.5000
4.4200 3.9987 0.5000
5.2187 4.3269 0.5000
3.9407 1.3673 0.5000
6.5745 4.0435 0.5000
-2.5007 -5.9873 0.5000
3.8791 4.1135 0.5000
4.3221 3.9834 0.5000
5.1895 4.3830 0.5000
11.1928 8.9346 0.5000
1.2165 -3.7485 0.5000
1.1529 -3.7478 0.5000
-3.0854 -8.7791 0.5000
-3.0690 -8.7163 0.5000
-2.5605 -6.2561 0.5000
-2.5541 -6.2363 0.5000
5.2922 0.3007 0.5000
-2.9910 -8.6627 0.5000
-2.5278 -6.3549 0.5000
-0.1924 -0.0195 0.5000
5.8784 4.2819 0.5000
-2.4103 -6.1859 0.5000
-2.0546 -4.5610 0.5000
2.7520 4.9200 0.5000
3.7134 4.1533 0.5000
4.2976 4.0249 0.5000
4.2074 4.0522 0.5000
5.0221 4.4002 0.5000
5.6503 4.3229 0.5000
0.3752 4.4756 0.5000
0.3436 6.3204 0.5000
3.0891 4.3103 0.5000
3.0420 4.3145 0.5000
3.5204 4.1937 0.5000
3.9986 4.0958 0.5000
4.5611 3.9594 0.5000
0.3859 4.6675 0.5000
0.5127 6.3407 0.5000
1.2798 6.4907 0.5000
2.3330 2.4420 0.5000
2.8267 -1.0053 0.5000
-0.4113 -1.5654 0.5000
2.3888 -1.1601 0.5000
0.8865 -3.7017 0.5000
-2.6520 -6.5344 0.5000
-1.7217 -3.3582 0.5000
0.2175 3.1939 0.5000
0.5200 4.5871 0.5000
3.1811 1.2854 0.5000
3.6715 1.4128 0.5000
8.0343 -2.7661 0.5000
5.9443 -2.2282 0.5000
5.1265 -2.1954 0.5000
4.7942 -2.0446 0.5000
1.5269 -3.6997 0.5000
-1.4433 -1.4919 0.5000
0.4610 6.3209 0.5000
0.5466 6.4986 0.5000
3.2504 1.5512 0.5000
4.7743 3.8798 0.5000
3.7143 1.5282 0.5000
3.8856 1.3841 0.5000
5.0960 0.0984 0.5000
7.3121 -2.6048 0.5000
5.6173 -2.1492 0.5000
5.1363 -2.2335 0.5000
0.2971 3.6891 0.5000
0.4750 4.6089 0.5000
0.4905 6.5072 0.5000
3.7176 4.1337 0.5000
4.7027 3.8986 0.5000
5.6475 4.2238 0.5000
5.1129 0.1176 0.5000
7.3438 -2.5954 0.5000
5.5931 -2.1207 0.5000
0.4382 4.5499 0.5000
0.4205 6.4307 0.5000
0.4461 6.5463 0.5000
3.2483 4.2607 0.5000
4.1916 4.0487 0.5000
4.6856 3.8950 0.5000
6.5722 -2.5213 0.5000
5.5679 -2.0620 0.5000
5.1526 -2.0876 0.5000
0.3887 4.3747 0.5000
5.1980 -1.9866 0.5000
3.8504 -1.2510 0.5000
-2.6257 -7.8078 0.5000
-2.7330 -8.0329 0.5000
-2.3422 -5.8248 0.5000
-2.3472 -5.8955 0.5000
2.8504 -1.0725 0.5000
3.9892 -1.2718 0.5000
1.7506 -3.8971 0.5000
1.8317 -3.9209 0.5000
-3.7315 -12.7573 0.5000
-1.1942 -4.7068 0.5000
-1.7055 -3.3108 0.5000
-1.4951 -2.4471 0.5000
-0.8958 0.2640 0.5000
0.3032 5.7436 0.5000
0.6218 5.1056 0.5000
0.9434 6.3956 0.5000
2.3036 2.4642 0.5000
3.9717 1.4508 0.5000
4.5665 0.3337 0.5000
5.2290 0.4329 0.5000
5.4825 0.1245 0.5000
8.5116 -2.4199 0.5000
5.0647 -2.3214 0.5000
-2.3052 -5.1433 0.5000
0.3863 3.9699 0.5000
1.5500 6.4724 0.5000
3.0070 4.8421 0.5000
4.4621 3.9497 0.5000
5.2932 4.3382 0.5000
5.3207 4.3090 0.5000
5.7542 3.9826 0.5000
5.9684 4.1886 0.5000
4.5385 0.3404 0.5000
6.5839 -2.3772 0.5000
5.1485 -2.3211 0.5000
0.2963 5.7260 0.5000
4.5393 3.9643 0.5000
4.4678 0.3228 0.5000
5.2390 0.2100 0.5000
6.6458 -2.3468 0.5000
5.8496 -2.3749 0.5000
5.1146 -2.2725 0.5000
0.3454 4.1166 0.5000
0.1764 5.6080 0.5000
0.2488 5.7058 0.5000
5.9249 4.1756 0.5000
5.1912 -2.1997 0.5000
-2.5226 -7.0116 0.5000
-2.5399 -6.9312 0.5000
-2.2371 -5.2512 0.5000
-1.7177 -3.7620 0.5000
0.4243 4.7575 0.5000
2.2392 2.4896 0.5000
2.5163 2.3918 0.5000
2.8952 4.7948 0.5000
2.8082 2.0245 0.5000
3.3598 4.2364 0.5000
3.8940 4.0902 0.5000
3.6904 1.6060 0.5000
3.6374 1.4530 0.5000
5.1948 -2.0075 0.5000
-1.4901 -3.0567 0.5000
-1.2468 -1.7087 0.5000
-1.2705 -1.6865 0.5000
2.4616 1.8054 0.5000
2.9847 -1.0221 0.5000
-0.1272 3.3065 0.5000
2.0996 1.9256 0.5000
3.5793 0.9702 0.5000
3.6175 1.0185 0.5000
3.6127 0.7806 0.5000
4.6421 0.3943 0.5000
4.6975 -2.0373 0.5000
4.4937 -1.8500 0.5000
-3.5747 -11.3303 0.5000
-2.8341 -7.8244 0.5000
-2.4639 -5.9039 0.5000
-2.4525 -5.8407 0.5000
-1.7952 -4.1694 0.5000
0.3797 5.9219 0.5000
0.3575 5.9753 0.5000
3.1519 4.2863 0.5000
3.6938 4.1436 0.5000
4.6687 3.9350 0.5000
4.7368 3.9158 0.5000
6.2428 -2.3117 0.5000
4.4885 -1.7695 0.5000
0.3524 6.0227 0.5000
3.6813 4.1547 0.5000
8.8947 -0.7926 0.5000
8.1447 -2.6774 0.5000
0.3286 6.0939 0.5000
8.0592 -2.6318 0.5000
6.5962 -2.4778 0.5000
0.2101 5.8695 0.5000
0.2852 5.9685 0.5000
1.9322 5.0842 0.5000
3.1133 4.2926 0.5000
3.6381 4.1487 0.5000
4.1412 4.0528 0.5000
4.6257 3.9505 0.5000
4.6252 3.9344 0.5000
5.6247 0.1061 0.5000
4.7291 -1.9645 0.5000
-2.3919 -6.3772 0.5000
-2.3695 -6.3357 0.5000
0.1255 5.5724 0.5000
0.5919 6.5393 0.5000
1.4311 6.4393 0.5000
3.6749 1.9363 0.5000
-0.3405 -1.2832 0.5000
3.6855 0.7031 0.5000
3.3211 -1.1073 0.5000
2.9785 1.8683 0.5000
3.2232 1.6878 0.5000
5.6419 1.3749 0.5000
4.6781 0.3375 0.5000
5.7766 -0.0180 0.5000
5.8991 -2.3414 0.5000
4.9310 -1.9776 0.5000
4.8133 -1.9502 0.5000
-2.6781 -6.8926 0.5000
-2.3652 -5.3255 0.5000
-2.3132 -5.1933 0.5000
-2.0220 -4.0064 0.5000
-1.9159 -3.7815 0.5000
-1.5869 -2.7255 0.5000
0.3028 3.6223 0.5000
0.4282 6.0815 0.5000
0.4062 6.1999 0.5000
1.1419 6.6003 0.5000
2.8021 4.9008 0.5000
4.8171 3.8921 0.5000
5.0515 4.3058 0.5000
5.2899 0.3861 0.5000
8.6759 -1.7254 0.5000
7.0849 -2.6184 0.5000
-2.7510 -7.3989 0.5000
-2.3542 -5.5207 0.5000
-2.0128 -4.1754 0.5000
5.0744 4.3815 0.5000
5.6039 0.1619 0.5000
8.6383 -1.9578 0.5000
7.1990 -2.6336 0.5000
-2.3641 -5.5584 0.5000
0.3639 6.1680 0.5000
4.8061 3.9810 0.5000
5.2160 0.3702 0.5000
6.6526 -2.3369 0.5000
-2.6369 -7.3509 0.5000
-2.3036 -5.5605 0.5000
-2.2651 -5.3702 0.5000
-1.9524 -4.1958 0.5000
-1.9081 -4.0356 0.5000
0.9260 6.6001 0.5000
4.7647 3.9003 0.5000
5.4312 1.4905 0.5000
7.6735 -2.5995 0.5000
5.9434 -2.1326 0.5000
-2.3439 -5.7653 0.5000
-2.2753 -5.7208 0.5000
-1.9645 -4.3996 0.5000
-0.3620 -1.8662 0.5000
0.6696 6.4567 0.5000
2.4558 2.3717 0.5000
2.4918 -1.0754 0.5000
-2.4129 -5.6392 0.5000
-1.6653 -3.0401 0.5000
3.5988 -1.2278 0.5000
-2.3624 -5.2836 0.5000
-2.0098 -3.9658 0.5000
-1.5108 -1.9001 0.5000
1.5700 1.6923 0.5000
3.5470 -1.1533 0.5000
0.7146 5.6835 0.5000
2.4776 2.4165 0.5000
3.6207 0.7113 0.5000
8.5631 -2.1885 0.5000
7.6306 -2.6906 0.5000
6.5199 -2.5822 0.5000
0.4439 6.2891 0.5000
3.1380 1.6592 0.5000
3.3420 2.0734 0.5000
7.9774 -2.8476 0.5000
6.5493 -2.5076 0.5000
0.4308 4.6249 0.5000
0.3650 6.3220 0.5000
0.6466 5.8910 0.5000
3.3372 2.1998 0.5000
5.1559 0.0935 0.5000
0.2242 3.6737 0.5000
0.3669 4.5229 0.5000
-0.1920 -0.0749 0.5000
-2.1478 -5.3198 0.5000
-2.1540 -5.3815 0.5000
-1.8124 -4.0181 0.5000
-1.2489 -1.6105 0.5000
-1.1562 -0.9971 0.5000
3.5460 -1.2342 0.5000
-2.0550 -4.1974 0.5000
-0.6803 0.1784 0.5000
-1.2590 -0.8106 0.5000
0.4581 4.2901 0.5000
3.7131 0.6990 0.5000
0.3090 5.7857 0.5000
0.3560 5.8368 0.5000
3.3508 2.1868 0.5000
5.2525 -0.0424 0.5000
6.2430 -2.3545 0.5000
5.4759 -2.2156 0.5000
6.2036 -2.4285 0.5000
0.4464 4.4775 0.5000
0.3219 6.0030 0.5000
2.7938 4.8377 0.5000
5.0866 0.1020 0.5000
5.3462 -2.0971 0.5000
0.2447 5.8307 0.5000
2.4366 2.3997 0.5000
0.2649 3.9310 0.5000
2.2884 1.7958 0.5000
2.2856 2.4333 0.5000
3.1999 1.3665 0.5000
3.6696 0.6845 0.5000
-1.3230 -1.6349 0.5000
-0.2787 2.9804 0.5000
0.3659 3.9176 0.5000
3.8118 1.3868 0.5000
-1.9607 -3.9728 0.5000
0.4504 4.5400 0.5000
0.4009 6.1315 0.5000
1.1753 6.6023 0.5000
3.0028 4.7563 0.5000
3.9548 1.4193 0.5000
4.5290 1.6885 0.5000
4.5851 1.2504 0.5000
4.7976 1.2439 0.5000
5.2450 4.3533 0.5000
6.3239 4.0940 0.5000
5.3414 1.4758 0.5000
7.7220 3.7659 0.5000
4.7283 -2.1134 0.5000
3.5571 4.2009 0.5000
6.4096 4.0921 0.5000
3.0914 4.2989 0.5000
5.8274 4.2312 0.5000
0.3825 4.5907 0.5000
0.2780 6.1580 0.5000
2.8896 4.8040 0.5000
2.9381 4.7456 0.5000
4.4897 1.6534 0.5000
4.5227 1.2611 0.5000
4.7188 1.2071 0.5000
-1.5790 -2.5196 0.5000
-0.2318 3.1047 0.5000
0.1179 5.4990 0.5000
1.9175 5.0260 0.5000
2.6150 4.8987 0.5000
3.6843 0.8362 0.5000
3.6637 0.7911 0.5000
3.7260 0.7220 0.5000
0.5557 4.7643 0.5000
0.7213 6.0350 0.5000
3.0324 1.8319 0.5000
2.6134 4.9508 0.5000
4.2560 1.7473 0.5000
-1.7043 -3.1587 0.5000
-1.6102 -2.3451 0.5000
-1.4535 -1.6582 0.5000
1.2093 6.6020 0.5000
3.1503 4.3017 0.5000
6.2997 1.2445 0.5000
4.4182 -2.1342 0.5000
4.1875 4.0515 0.5000
4.7445 4.1033 0.5000
5.9287 4.2037 0.5000
7.1926 3.9138 0.5000
4.8369 -1.9038 0.5000
3.4796 -1.1436 0.5000
-0.1205 -0.0269 0.5000
3.5436 4.2006 0.5000
5.7707 4.2531 0.5000
6.1621 1.2770 0.5000
-0.9634 -2.5191 0.5000
0.2481 3.8069 0.5000
0.3157 4.2202 0.5000
0.1821 5.6545 0.5000
0.3453 6.5202 0.5000
0.6414 6.4842 0.5000
1.9608 5.0412 0.5000
3.6590 0.8765 0.5000
3.7819 1.4620 0.5000
4.9428 4.4100 0.5000
4.4197 1.4433 0.5000
4.4357 0.5158 0.5000
4.6793 0.3919 0.5000
0.1467 5.6440 0.5000
3.7703 0.7056 0.5000
3.7556 0.6929 0.5000
-1.2596 -1.4945 0.5000
0.2841 5.4893 0.5000
2.1758 2.5169 0.5000
2.6247 2.4094 0.5000
4.1664 1.5986 0.5000
4.6037 0.3153 0.5000
0.5793 4.8544 0.5000
0.5385 6.5423 0.5000
1.3120 6.5530 0.5000
2.6525 4.9569 0.5000
3.9139 4.1073 0.5000
4.9516 4.2989 0.5000
4.9967 4.3279 0.5000
4.5426 1.3834 0.5000
4.6578 1.2236 0.5000
5.7146 1.0027 0.5000
5.5278 -2.2815 0.5000
5.0809 -2.1311 0.5000
5.0702 -2.2797 0.5000
4.6796 -1.9038 0.5000
3.3370 4.2606 0.5000
4.8654 3.8504 0.5000
4.9865 4.3915 0.5000
5.6537 1.0220 0.5000
5.4531 -2.3297 0.5000
3.3332 4.1731 0.5000
4.9229 4.3718 0.5000
4.9725 4.4493 0.5000
5.5397 -2.3179 0.5000
5.0912 -2.1782 0.5000
3.2905 4.1911 0.5000
3.8328 4.0941 0.5000
4.8994 4.3266 0.5000
4.4637 0.3593 0.5000
5.4944 -2.0692 0.5000
5.1560 -2.1153 0.5000
4.8341 -2.1413 0.5000
0.2179 3.7460 0.5000
3.8281 1.4531 0.5000
4.0071 1.3667 0.5000
4.4412 1.3128 0.5000
4.6073 1.2554 0.5000
-1.4982 -2.3051 0.5000
0.2161 3.8812 0.5000
2.6928 1.6281 0.5000
4.0135 -1.6937 0.5000
3.8795 -1.6822 0.5000
3.8559 -2.2438 0.5000
3.7897 -1.7150 0.5000
-1.3814 -1.2951 0.5000
-0.3769 2.5995 0.5000
2.3445 2.5019 0.5000
4.1333 1.4434 0.5000
4.7613 -2.1100 0.5000
3.9770 -1.6751 0.5000
3.8361 -1.6756 0.5000
3.8758 -1.6324 0.5000
2.8728 -0.9964 0.5000
-1.3145 -1.0402 0.5000
2.2864 5.0776 0.5000
2.9098 4.9065 0.5000
4.5968 1.5832 0.5000
4.7129 1.2983 0.5000
5.3708 1.0565 0.5000
5.8320 -2.1721 0.5000
5.5218 -2.2266 0.5000
5.5341 -2.3746 0.5000
5.1434 -2.1372 0.5000
3.7717 -2.2482 0.5000
4.1202 4.0391 0.5000
5.4078 1.1939 0.5000
5.6180 1.0350 0.5000
5.7204 -2.2193 0.5000
3.8047 -2.3072 0.5000
3.7974 -2.2732 0.5000
5.7856 -2.2275 0.5000
5.4377 -2.2729 0.5000
3.9646 -2.4877 0.5000
0.2487 5.7948 0.5000
3.0206 4.2471 0.5000
5.2886 4.3587 0.5000
5.3686 1.1212 0.5000
5.6360 1.0753 0.5000
5.8587 -2.1828 0.5000
4.7394 -1.8767 0.5000
3.9200 -1.7216 0.5000
3.9215 -1.6477 0.5000
0.1959 5.5103 0.5000
0.3652 6.4859 0.5000
4.0624 1.3646 0.5000
4.5188 1.6147 0.5000
4.6098 1.2426 0.5000
3.7368 1.3835 0.5000
4.1776 1.7496 0.5000
4.3697 1.3263 0.5000
3.8995 -1.3799 0.5000
3.8599 -1.3061 0.5000
3.8144 -1.4380 0.5000
2.5465 -0.9851 0.5000
3.7233 0.8081 0.5000
3.9529 -1.7049 0.5000
0.5294 4.7419 0.5000
0.6150 6.3677 0.5000
1.3940 6.5944 0.5000
5.1392 -2.0710 0.5000
4.9731 -2.1484 0.5000
5.0575 -2.3919 0.5000
4.9751 -2.6618 0.5000
4.6949 -1.8645 0.5000
3.9199 -2.4539 0.5000
3.9489 -2.4036 0.5000
3.8059 -1.4641 0.5000
0.3193 3.8569 0.5000
5.5647 1.3618 0.5000
7.4766 3.8397 0.5000
5.4180 0.3074 0.5000
7.1024 -2.5361 0.5000
5.9370 -2.1899 0.5000
3.8021 -2.2672 0.5000
4.4766 4.0267 0.5000
6.5655 -2.5961 0.5000
5.5807 -2.1738 0.5000
3.9556 -2.4111 0.5000
3.8244 -2.2180 0.5000
3.9448 -1.6865 0.5000
3.7930 -1.6690 0.5000
3.8482 -1.5774 0.5000
0.4072 4.7298 0.5000
1.2351 6.4933 0.5000
5.0401 4.3930 0.5000
5.3377 1.1140 0.5000
5.3576 -2.1221 0.5000
5.0414 -2.0057 0.5000
4.9863 -2.4389 0.5000
4.0662 -1.9531 0.5000
4.0341 -2.1417 0.5000
3.9664 -1.5814 0.5000
7.6550 3.8464 0.5000
4.1414 -1.7887 0.5000
4.0197 -1.7104 0.5000
3.7613 -1.9097 0.5000
-1.2788 -1.7057 0.5000
0.2838 4.1639 0.5000
0.7816 6.4654 0.5000
3.1655 4.2494 0.5000
3.7545 4.0938 0.5000
4.0735 1.5474 0.5000
4.4154 0.4870 0.5000
3.9063 -1.3031 0.5000
3.2684 2.1596 0.5000
3.7416 0.8930 0.5000
4.4599 1.2704 0.5000
5.3168 1.5424 0.5000
5.3688 0.0462 0.5000
4.0906 -2.0274 0.5000
3.8539 -2.2521 0.5000
3.7161 -1.9689 0.5000
3.6738 -2.1680 0.5000
3.7966 -1.5381 0.5000
0.3683 3.8762 0.5000
0.5002 4.5490 0.5000
0.4582 6.1068 0.5000
1.2643 6.6206 0.5000
1.4222 6.5726 0.5000
5.3400 0.2034 0.5000
5.4220 0.1215 0.5000
5.6496 0.2220 0.5000
6.9776 -2.5014 0.5000
6.1267 -2.2972 0.5000
5.0702 -2.6965 0.5000
4.7135 -1.9055 0.5000
3.9789 -1.9062 0.5000
3.9682 -1.8655 0.5000
-1.3021 -1.0826 0.5000
3.9763 4.1641 0.5000
4.0277 4.1199 0.5000
4.5384 4.2140 0.5000
5.3524 0.3042 0.5000
9.1464 3.4276 0.5000
9.9098 3.1816 0.5000
8.2065 -2.3661 0.5000
7.6754 -2.6422 0.5000
7.3068 -2.6808 0.5000
5.6728 -2.1117 0.5000
3.9322 -2.2581 0.5000
7.9454 -2.7177 0.5000
3.3623 4.1975 0.5000
4.5438 4.1770 0.5000
7.5094 3.8757 0.5000
5.9506 -2.1973 0.5000
5.5330 -2.0751 0.5000
5.5669 -2.3832 0.5000
5.2265 -2.0056 0.5000
4.8578 -2.1065 0.5000
4.1677 -1.6827 0.5000
3.9622 -2.2761 0.5000
4.0014 -1.9883 0.5000
0.3648 4.4219 0.5000
0.2998 6.0304 0.5000
4.3744 4.1503 0.5000
8.1367 3.7244 0.5000
5.0367 -1.9705 0.5000
4.2795 -1.7446 0.5000
4.1235 -1.8609 0.5000
3.8486 -1.5114 0.5000
0.1591 3.5919 0.5000
0.2905 4.0831 0.5000
2.4488 4.9430 0.5000
5.6320 0.2542 0.5000
4.1913 -1.7818 0.5000
3.7562 -1.9894 0.5000
3.8356 -1.6273 0.5000
0.4992 6.0682 0.5000
3.5409 1.4089 0.5000
3.7711 1.3920 0.5000
3.5132 4.1495 0.5000
5.2600 1.4651 0.5000
5.6921 1.0611 0.5000
5.1495 0.1625 0.5000
2.4048 2.4527 0.5000
2.9085 1.6517 0.5000
2.4250 5.0069 0.5000
4.4067 4.0079 0.5000
5.4529 1.4746 0.5000
5.5896 1.0961 0.5000
5.7288 1.3150 0.5000
5.3116 0.1778 0.5000
3.5392 -1.1460 0.5000
4.8085 3.9042 0.5000
7.8999 3.7231 0.5000
7.9053 3.7201 0.5000
5.3659 0.2329 0.5000
9.5178 3.3355 0.5000
4.1113 -1.6890 0.5000
4.1311 -1.7319 0.5000
9.4085 3.4355 0.5000
6.3638 -2.2828 0.5000
5.7616 -2.1245 0.5000
7.1724 3.9771 0.5000
9.4292 3.4552 0.5000
5.2085 -1.9989 0.5000
3.8084 4.1577 0.5000
4.4250 4.1059 0.5000
5.5899 -2.2446 0.5000
4.6004 -2.5587 0.5000
4.5657 -1.8861 0.5000
4.3573 -1.7025 0.5000
4.3980 -1.7950 0.5000
4.2025 -1.7048 0.5000
3.7258 -2.5434 0.5000
2.9784 4.2333 0.5000
4.8189 4.4161 0.5000
6.4953 3.8157 0.5000
5.5485 0.2510 0.5000
5.5410 0.3111 0.5000
5.6706 0.1849 0.5000
4.5022 -1.8553 0.5000
4.2839 -1.8294 0.5000
3.8649 -1.7192 0.5000
0.0751 3.1278 0.5000
0.2467 4.0151 0.5000
0.1160 5.5350 0.5000
0.6888 6.4481 0.5000
2.3125 4.9406 0.5000
3.8864 -1.4582 0.5000
4.1759 -2.3267 0.5000
4.1251 -1.9437 0.5000
4.0474 -1.8219 0.5000
3.8695 -1.8419 0.5000
-0.7236 -0.3895 0.5000
0.2005 3.1438 0.5000
2.3163 1.8799 0.5000
3.7281 0.9105 0.5000
4.7116 0.3820 0.5000
5.3675 -0.0232 0.5000
5.3259 -2.1313 0.5000
4.4524 -2.3919 0.5000
4.4264 -1.7788 0.5000
3.9552 -1.7524 0.5000
3.7599 -1.8147 0.5000
3.7582 -1.5699 0.5000
3.8184 -1.3847 0.5000
3.0506 -1.0486 0.5000
0.5146 6.4208 0.5000
2.1474 5.1343 0.5000
2.8823 4.9147 0.5000
3.7650 4.1587 0.5000
4.6553 0.4348 0.5000
4.9505 1.2566 0.5000
5.0055 1.5313 0.5000
5.4105 1.0777 0.5000
5.3979 0.0756 0.5000
5.7045 0.1620 0.5000
6.5896 -2.4228 0.5000
5.9645 -2.2157 0.5000
5.8942 -2.2385 0.5000
4.5115 -2.4040 0.5000
4.5056 -2.3817 0.5000
4.3157 -2.3451 0.5000
4.3248 -1.7006 0.5000
4.1015 -2.3176 0.5000
4.2134 -1.6825 0.5000
3.8900 -2.4214 0.5000
3.6090 -2.4301 0.5000
3.6571 -2.3481 0.5000
3.7702 -1.6105 0.5000
2.8214 4.9637 0.5000
3.6534 4.2272 0.5000
6.5123 3.8450 0.5000
5.5931 0.3204 0.5000
5.6174 0.3015 0.5000
6.5231 -2.4836 0.5000
5.8328 -2.1355 0.5000
4.3438 -2.4040 0.5000
4.1485 -2.3806 0.5000
4.1294 -2.4304 0.5000
3.9100 -2.3906 0.5000
3.8228 -2.6182 0.5000
3.8068 -1.8711 0.5000
4.2902 3.9993 0.5000
6.3054 -2.2566 0.5000
4.5094 -2.5795 0.5000
4.3069 -2.3669 0.5000
4.1535 -2.4387 0.5000
3.9062 -1.9705 0.5000
2.9916 4.2764 0.5000
2.8266 4.8935 0.5000
4.6982 0.4555 0.5000
7.2674 -2.7881 0.5000
6.6005 -2.4308 0.5000
7.1437 -3.3632 0.5000
4.6549 -2.5658 0.5000
4.6356 -2.5380 0.5000
4.4639 -2.4256 0.5000
4.4265 -2.4558 0.5000
4.3450 -2.1041 0.5000
4.2280 -2.4914 0.5000
4.2453 -1.9934 0.5000
4.9238 1.2629 0.5000
6.9903 -2.4854 0.5000
5.7607 -2.1605 0.5000
4.6775 -2.4210 0.5000
4.4325 -1.8026 0.5000
4.1981 -2.1279 0.5000
1.0586 -7.9728 0.5000
3.7430 -2.2590 0.5000
3.8166 -1.7609 0.5000
3.8063 -1.8428 0.5000
3.9066 -1.3643 0.5000
4.9497 -2.3999 0.5000
4.8967 -1.9149 0.5000
4.7558 -2.5779 0.5000
4.5951 -2.4314 0.5000
4.5590 -1.9843 0.5000
4.0354 -1.8958 0.5000
4.0223 -1.9362 0.5000
3.8456 -1.7199 0.5000
3.8798 -1.4035 0.5000
3.7977 -1.8809 0.5000
4.8251 -2.2998 0.5000
4.8492 -2.3025 0.5000
4.6439 -2.4228 0.5000
4.4319 -2.3833 0.5000
4.0167 -1.7502 0.5000
3.7704 -1.7899 0.5000
1.5562 1.6350 0.5000
3.7071 0.7974 0.5000
4.7457 0.5005 0.5000
5.2775 0.0218 0.5000
6.2392 -2.2969 0.5000
4.7395 -2.4365 0.5000
4.1630 -2.3000 0.5000
3.8579 -2.4745 0.5000
3.6577 -2.3762 0.5000
3.8921 -1.7558 0.5000
0.2624 5.5857 0.5000
2.5043 4.9681 0.5000
4.7468 0.4248 0.5000
4.9306 1.1622 0.5000
5.1661 0.1523 0.5000
5.2765 0.1149 0.5000
5.4311 0.0987 0.5000
6.7803 -2.4258 0.5000
4.7086 -2.5154 0.5000
4.5922 -2.5216 0.5000
4.5472 -2.5393 0.5000
4.4987 -1.8454 0.5000
4.3347 -2.0032 0.5000
4.3175 -1.9393 0.5000
4.1629 -1.8898 0.5000
4.2618 -1.7873 0.5000
0.2843 5.8331 0.5000
5.3953 1.2085 0.5000
7.6160 -2.6150 0.5000
7.1512 -2.7476 0.5000
4.5542 -2.1696 0.5000
5.3869 0.1628 0.5000
6.5879 1.2007 0.5000
6.6329 1.2411 0.5000
7.1836 -2.6855 0.5000
6.1461 -2.2175 0.5000
4.7958 -2.4460 0.5000
4.4376 -2.4342 0.5000
4.0340 -2.4286 0.5000
3.7744 -2.3822 0.5000
3.8769 -1.9946 0.5000
3.8039 -1.9868 0.5000
2.6981 4.8970 0.5000
4.2005 3.9978 0.5000
4.8478 4.0074 0.5000
4.8029 1.2889 0.5000
5.2971 1.1162 0.5000
5.5070 1.0977 0.5000
5.3499 0.1210 0.5000
5.7471 0.2060 0.5000
5.6787 -2.0633 0.5000
4.2665 -2.0077 0.5000
3.5918 -2.7302 0.5000
3.6885 -2.2423 0.5000
0.0903 5.3446 0.5000
0.5507 6.3897 0.5000
4.6499 -2.1017 0.5000
4.6155 -1.9415 0.5000
4.5327 -1.8451 0.5000
4.3372 -1.7576 0.5000
4.1848 -1.7394 0.5000
4.0893 -1.6994 0.5000
4.0931 -1.7233 0.5000
4.2156 -1.8057 0.5000
4.7821 -2.2336 0.5000
4.5639 -2.4779 0.5000
4.3206 -2.4550 0.5000
4.3615 -2.4474 0.5000
3.9931 -1.8465 0.5000
0.7632 5.9334 0.5000
5.6805 0.2386 0.5000
5.7438 0.0521 0.5000
5.8887 -2.2605 0.5000
5.4455 -2.1797 0.5000
4.1186 -2.2915 0.5000
4.1190 -1.9536 0.5000
3.8097 -2.3995 0.5000
3.8245 -2.0011 0.5000
3.3496 -1.0795 0.5000
4.3896 4.0124 0.5000
5.4955 0.2932 0.5000
5.8273 0.2099 0.5000
6.6657 1.1917 0.5000
7.0310 -2.5897 0.5000
4.4695 -2.0204 0.5000
4.0899 -2.4063 0.5000
4.2343 -2.1307 0.5000
6.1961 -2.2737 0.5000
4.6785 -2.5255 0.5000
4.4807 -2.4635 0.5000
4.2812 -2.0505 0.5000
8.6829 3.5553 0.5000
9.3665 3.4380 0.5000
6.6144 -2.3957 0.5000
6.5372 -2.6004 0.5000
4.3907 -2.5455 0.5000
4.3620 -2.4695 0.5000
3.4669 -3.0748 0.5000
3.6500 -2.4605 0.5000
3.7213 -2.0759 0.5000
4.8525 4.4023 0.5000
8.6055 3.5958 0.5000
5.8847 -2.1287 0.5000
4.7984 -2.4866 0.5000
3.7836 -2.0753 0.5000
0.2794 5.9349 0.5000
6.2688 1.2745 0.5000
6.8791 0.6003 0.5000
5.8075 -2.2361 0.5000
4.9629 -1.9807 0.5000
4.8705 -2.0443 0.5000
4.3951 -2.5818 0.5000
4.5365 -2.1805 0.5000
4.5254 -1.9025 0.5000
0.1741 3.6448 0.5000
0.3972 4.6498 0.5000
3.5708 1.4476 0.5000
2.0585 4.9706 0.5000
4.7948 1.2565 0.5000
5.7450 0.1415 0.5000
4.1772 -1.8482 0.5000
5.3634 0.1034 0.5000
4.7783 -2.3334 0.5000
4.5872 -2.3906 0.5000
4.6165 -1.8748 0.5000
4.4602 -1.9498 0.5000
3.8421 -1.3001 0.5000
0.2556 5.4492 0.5000
2.5328 5.0185 0.5000
7.7653 3.7599 0.5000
9.1711 3.4097 0.5000
8.7367 -1.5295 0.5000
8.3968 -2.3838 0.5000
7.1502 -2.5610 0.5000
6.3195 -2.3185 0.5000
6.7895 -3.1047 0.5000
6.0058 -2.2853 0.5000
5.7420 -2.1233 0.5000
4.8242 -2.3742 0.5000
0.2536 5.5348 0.5000
2.4658 5.0047 0.5000
3.4147 4.2592 0.5000
4.6491 4.0591 0.5000
7.8332 -2.7276 0.5000
7.1381 -2.6679 0.5000
6.9458 -3.3358 0.5000
4.4252 -2.1517 0.5000
7.7299 3.8309 0.5000
9.1732 3.4662 0.5000
4.9777 -2.4742 0.5000
4.3289 -2.7107 0.5000
4.3465 -2.6569 0.5000
4.0850 -2.0830 0.5000
3.6010 -2.4926 0.5000
6.4212 -2.3653 0.5000
6.0049 -2.1756 0.5000
4.9893 -2.5473 0.5000
4.4872 -2.1376 0.5000
4.4100 4.2419 0.5000
6.2097 4.1128 0.5000
8.8402 3.5723 0.5000
9.5918 3.3810 0.5000
7.0195 -2.4330 0.5000
6.5456 -2.3469 0.5000
6.3143 -2.4011 0.5000
5.9012 -2.2577 0.5000
5.7787 -2.3950 0.5000
4.9932 -2.6219 0.5000
4.8309 -2.4374 0.5000
4.4767 -2.1576 0.5000
4.2377 -1.7999 0.5000
-0.9028 0.5975 0.5000
-0.7526 1.2939 0.5000
4.8008 4.3821 0.5000
5.3560 0.2562 0.5000
6.9333 0.8598 0.5000
5.0965 -2.0190 0.5000
4.9616 -2.0838 0.5000
4.8064 -2.0998 0.5000
4.6633 -2.1144 0.5000
4.7627 -1.9454 0.5000
4.6137 -1.9587 0.5000
0.1347 3.4490 0.5000
0.3463 4.4304 0.5000
0.2425 6.0831 0.5000
4.8738 1.3002 0.5000
5.1343 4.3335 0.5000
4.3896 0.4909 0.5000
5.1664 0.0483 0.5000
4.8049 -2.0131 0.5000
4.1387 -1.8351 0.5000
2.5927 1.7506 0.5000
4.7051 0.4839 0.5000
5.8991 0.1570 0.5000
5.1147 -1.9532 0.5000
4.6376 -2.3406 0.5000
4.5925 -2.0714 0.5000
4.3046 -2.5429 0.5000
4.4550 -2.0930 0.5000
4.4342 -2.0883 0.5000
2.1869 5.1287 0.5000
2.3103 5.0079 0.5000
3.3727 4.2673 0.5000
4.0605 4.1154 0.5000
6.3902 1.2368 0.5000
6.7316 1.1860 0.5000
4.8145 -2.4689 0.5000
4.2803 -2.7712 0.5000
4.3999 -2.2089 0.5000
4.3713 -1.8104 0.5000
7.6406 3.7471 0.5000
8.9986 3.4747 0.5000
9.8307 3.2672 0.5000
8.5830 -2.1453 0.5000
5.0248 -2.5826 0.5000
3.6029 4.2058 0.5000
4.8857 3.9138 0.5000
4.9333 4.0512 0.5000
6.6245 3.9498 0.5000
6.6531 3.8047 0.5000
6.9288 -2.4807 0.5000
5.3276 -2.7606 0.5000
5.2737 -2.7699 0.5000
4.8846 -2.3025 0.5000
4.8621 3.9765 0.5000
4.8726 4.0532 0.5000
6.6296 3.8174 0.5000
6.9247 -2.4048 0.5000
6.5158 -2.6896 0.5000
5.9774 -9.6439 0.5000
5.3306 -2.5891 0.5000
4.9742 -2.5994 0.5000
4.6768 -2.0599 0.5000
3.9242 -1.8985 0.5000
3.4939 4.1382 0.5000
5.6868 0.2699 0.5000
6.2349 1.2542 0.5000
6.5418 1.2304 0.5000
7.2170 -2.5403 0.5000
6.2195 -2.2089 0.5000
6.2206 -9.6830 0.5000
5.5345 -2.7567 0.5000
5.2889 -2.0003 0.5000
5.0114 -2.5044 0.5000
4.5496 -2.6781 0.5000
4.2260 -1.9203 0.5000
0.3392 4.3988 0.5000
0.2435 5.9780 0.5000
5.3170 0.0999 0.5000
5.7660 0.1806 0.5000
5.6092 -2.0847 0.5000
5.5558 -2.4214 0.5000
5.4492 -2.9091 0.5000
5.3798 -2.7007 0.5000
5.0697 -2.5326 0.5000
4.9060 -2.4854 0.5000
4.7406 -2.4932 0.5000
4.3246 -2.7688 0.5000
4.2518 -2.4887 0.5000
4.2789 -2.5177 0.5000
4.5150 -1.9850 0.5000
3.7846 -2.1117 0.5000
4.8851 -1.9547 0.5000
4.9263 -1.9327 0.5000
5.7574 -2.8606 0.5000
5.3559 -2.2392 0.5000
5.3611 -2.5493 0.5000
5.2073 -2.1336 0.5000
5.1903 -2.5568 0.5000
5.0330 -2.4153 0.5000
4.8458 -2.5031 0.5000
4.8689 -2.4773 0.5000
4.2652 -2.6922 0.5000
4.3338 -2.2975 0.5000
3.9649 -1.6307 0.5000
3.7794 -1.1997 0.5000
5.4008 -2.3317 0.5000
5.2631 -2.5592 0.5000
5.2935 -2.5244 0.5000
4.4203 -2.0090 0.5000
4.2726 -1.9604 0.5000
2.5635 1.8114 0.5000
0.2274 5.3775 0.5000
4.6031 1.3049 0.5000
8.0237 -2.7014 0.5000
7.0972 -2.5655 0.5000
5.7419 -2.8632 0.5000
5.5427 -2.9368 0.5000
5.5403 -2.8897 0.5000
5.3321 -2.7146 0.5000
5.1234 -2.6928 0.5000
5.1135 -2.8051 0.5000
5.0907 -2.2478 0.5000
4.8774 -2.3525 0.5000
4.7857 -2.1525 0.5000
4.8130 -1.8948 0.5000
0.5230 4.8606 0.5000
4.6257 0.4747 0.5000
8.3367 -2.4465 0.5000
5.8085 -2.5347 0.5000
5.6875 -2.8174 0.5000
5.4934 -2.7553 0.5000
5.4846 -2.4414 0.5000
5.3062 -2.4049 0.5000
5.3693 -2.2689 0.5000
5.2268 -2.3431 0.5000
5.0999 -2.0000 0.5000
4.4709 -1.9591 0.5000
4.0877 -1.8714 0.5000
3.6972 -1.9956 0.5000
8.1603 -2.4880 0.5000
0.2325 5.5010 0.5000
5.6663 -2.5463 0.5000
5.5223 -2.4403 0.5000
5.3998 -2.3125 0.5000
5.3482 -2.3880 0.5000
5.2225 -2.2096 0.5000
4.9698 -1.9350 0.5000
0.1759 5.3820 0.5000
5.8667 0.2693 0.5000
7.3662 -2.4930 0.5000
6.8331 -2.4229 0.5000
5.8955 -2.5396 0.5000
5.7069 -3.0655 0.5000
5.5189 -2.6397 0.5000
5.3419 -2.6272 0.5000
5.1267 -2.7101 0.5000
5.1568 -2.5396 0.5000
4.5865 -2.5752 0.5000
4.5587 -2.2359 0.5000
4.4401 -1.9304 0.5000
4.0610 -1.9018 0.5000
5.3161 0.0181 0.5000
5.4939 0.0899 0.5000
5.3776 -2.9981 0.5000
5.2075 -2.5850 0.5000
1.2323 -8.0347 0.5000
1.3100 -8.0610 0.5000
4.3890 -2.6040 0.5000
4.4968 -2.2222 0.5000
3.8036 -1.9089 0.5000
5.4491 -2.0337 0.5000
4.1631 -1.9240 0.5000
5.4890 -2.2535 0.5000
5.2984 -2.6009 0.5000
5.1229 -2.5651 0.5000
4.2716 -2.8771 0.5000
4.2721 -2.8247 0.5000
5.4117 0.0460 0.5000
5.5627 0.0917 0.5000
6.3378 -3.3508 0.5000
5.4146 -2.1267 0.5000
5.3789 -2.5990 0.5000
4.8308 -2.5799 0.5000
0.9879 -7.9094 0.5000
4.5098 -2.6121 0.5000
4.3006 -2.5949 0.5000
4.9123 1.2384 0.5000
5.4564 1.0591 0.5000
5.8450 0.1662 0.5000
5.1428 -2.4353 0.5000
5.1317 -2.4602 0.5000
4.7312 -2.1587 0.5000
4.4335 -2.2117 0.5000
4.6724 -1.9751 0.5000
4.5656 -1.8367 0.5000
3.9651 -1.9683 0.5000
3.9136 -1.7804 0.5000
0.4365 4.3538 0.5000
1.0705 6.6514 0.5000
3.2159 4.3054 0.5000
5.4847 0.1577 0.5000
5.9167 4.0278 0.5000
6.3238 1.2015 0.5000
6.6411 1.1836 0.5000
5.6486 -2.6614 0.5000
5.4983 -2.6118 0.5000
5.4386 -2.7426 0.5000
5.2942 -2.6518 0.5000
4.8852 -2.2778 0.5000
5.4557 0.2359 0.5000
7.6210 3.7860 0.5000
7.9090 -2.6728 0.5000
5.6193 -2.7519 0.5000
5.6281 -2.8066 0.5000
5.2203 -2.7504 0.5000
4.3468 -1.8649 0.5000
5.6564 -2.6349 0.5000
4.9892 -2.1651 0.5000
4.9032 -2.0365 0.5000
4.7164 -2.0433 0.5000
3.1950 4.1985 0.5000
5.4367 0.2189 0.5000
5.1968 4.3463 0.5000
7.5357 -2.5716 0.5000
7.0826 -2.5151 0.5000
6.4185 -3.2892 0.5000
6.3967 -3.3262 0.5000
3.4694 -3.1025 0.5000
4.0989 -2.5725 0.5000
4.0589 -1.7939 0.5000
0.0752 5.2611 0.5000
2.5360 4.8898 0.5000
5.7258 0.3469 0.5000
5.7181 -2.0852 0.5000
5.3954 -2.6047 0.5000
5.4328 -2.4397 0.5000
5.1214 -2.7591 0.5000
5.1835 -2.7308 0.5000
5.2973 -2.0513 0.5000
5.2841 -2.1224 0.5000
4.3041 -2.8497 0.5000
4.3017 -2.8504 0.5000
5.3476 -0.0012 0.5000
5.4571 0.0222 0.5000
5.4305 -2.6280 0.5000
5.3913 -2.0224 0.5000
-0.7579 -0.4420 0.5000
3.7630 0.8185 0.5000
3.7589 0.8727 0.5000
6.1841 -2.3733 0.5000
6.1054 -2.9004 0.5000
5.2000 -2.1820 0.5000
5.9153 0.2658 0.5000
7.0749 -7.5230 0.5000
7.1449 -7.7854 0.5000
5.6330 -2.6430 0.5000
5.6546 -2.6935 0.5000
5.0483 -2.6882 0.5000
4.9501 -2.7523 0.5000
5.2066 -2.0861 0.5000
3.7499 -1.9011 0.5000
3.2514 4.3435 0.5000
5.4104 0.1733 0.5000
6.5948 4.0660 0.5000
6.4848 1.2328 0.5000
8.1645 -2.5462 0.5000
7.1509 -2.5214 0.5000
5.6838 -2.7967 0.5000
5.4545 -2.7374 0.5000
3.6959 -2.0170 0.5000
7.6321 3.6994 0.5000
6.3696 -3.2505 0.5000
6.0932 -3.0693 0.5000
4.7408 3.9582 0.5000
7.1910 -7.4482 0.5000
6.7776 -9.8444 0.5000
6.6527 -9.8039 0.5000
5.8802 -2.3561 0.5000
5.8521 -2.4331 0.5000
5.5452 -2.6630 0.5000
5.3166 -2.2690 0.5000
5.3061 -2.2186 0.5000
6.4499 1.2279 0.5000
6.3995 -2.4695 0.5000
6.3049 -3.0680 0.5000
4.4074 -2.5157 0.5000
4.7250 -2.2552 0.5000
0.6717 5.9541 0.5000
5.8216 0.2583 0.5000
6.0520 -2.1838 0.5000
5.0561 -2.9209 0.5000
5.2425 -2.2776 0.5000
4.2478 -2.5016 0.5000
4.2808 -1.9098 0.5000
5.2504 -2.1852 0.5000
4.1904 -1.9976 0.5000
5.3334 -2.1898 0.5000
5.1495 -2.0338 0.5000
4.8948 -2.0904 0.5000
4.5402 -2.1013 0.5000
5.4232 -0.0327 0.5000
6.1619 -2.6454 0.5000
5.9540 -2.2859 0.5000
5.8499 -2.3431 0.5000
4.1480 -5.0206 0.5000
5.0180 -2.6150 0.5000
2.9684 -0.9720 0.5000
4.5624 0.5139 0.5000
5.4243 1.1368 0.5000
5.7950 0.2110 0.5000
5.7669 0.2594 0.5000
5.9299 0.2212 0.5000
6.3293 -2.9754 0.5000
5.9457 -2.5603 0.5000
5.5504 -2.6447 0.5000
5.0384 -2.8073 0.5000
5.1801 -2.2993 0.5000
4.9009 -2.0679 0.5000
3.1727 4.3640 0.5000
4.6575 3.9762 0.5000
6.4240 -3.0341 0.5000
6.4080 -3.0647 0.5000
6.8481 -8.6796 0.5000
6.8306 -8.7908 0.5000
5.9651 -2.6599 0.5000
5.7536 -2.6830 0.5000
5.8100 -2.6476 0.5000
5.5862 -2.7642 0.5000
5.4270 -2.2071 0.5000
5.3896 -2.0604 0.5000
6.9442 -8.3567 0.5000
6.8969 -8.6390 0.5000
6.0045 -2.9331 0.5000
5.9931 -2.9317 0.5000
6.9668 -8.4483 0.5000
6.0062 -2.8528 0.5000
5.9683 -2.6339 0.5000
5.6847 -2.4201 0.5000
4.5726 4.1641 0.5000
5.8477 4.0104 0.5000
6.4919 -3.0245 0.5000
6.9886 -8.5994 0.5000
6.9061 -8.7383 0.5000
6.1491 -9.7189 0.5000
5.9815 -2.5869 0.5000
5.8459 -2.5556 0.5000
5.8240 -2.8038 0.5000
5.6441 -2.7334 0.5000
5.3618 -2.3847 0.5000
3.5575 -2.5690 0.5000
4.4059 3.9166 0.5000
5.4593 1.4229 0.5000
5.7540 1.3470 0.5000
6.2923 -2.2961 0.5000
6.1190 -2.3992 0.5000
6.0339 -2.7139 0.5000
5.8844 -2.4720 0.5000
4.2139 -2.5641 0.5000
4.6553 -2.1727 0.5000
4.5285 -2.0705 0.5000
4.5566 0.5750 0.5000
5.4297 0.2651 0.5000
4.1176 -2.4801 0.5000
4.4309 0.3368 0.5000
5.2944 -2.2818 0.5000
3.9372 -1.8266 0.5000
5.5971 0.3679 0.5000
5.7672 0.3692 0.5000
5.9916 0.2788 0.5000
6.2003 -2.5111 0.5000
6.3512 -3.2072 0.5000
6.0968 -2.9067 0.5000
5.0608 -2.7183 0.5000
3.4944 -2.8911 0.5000
3.7197 -2.0381 0.5000
3.4067 -1.0857 0.5000
2.6530 -0.8766 0.5000
2.7666 4.9545 0.5000
5.8687 4.1384 0.5000
8.0121 -2.6952 0.5000
7.4317 -2.5598 0.5000
6.3998 -3.1348 0.5000
6.3808 -3.1944 0.5000
6.8236 -9.2427 0.5000
6.7500 -8.8818 0.5000
5.7203 -2.7539 0.5000
5.4345 -2.5882 0.5000
5.0186 -2.9451 0.5000
5.1673 -2.6528 0.5000
5.1839 -2.2052 0.5000
4.4205 -2.5625 0.5000
3.6059 -1.1288 0.5000
2.7569 -0.9325 0.5000
3.9204 4.1516 0.5000
4.5726 4.1489 0.5000
6.4293 -3.1445 0.5000
6.4243 -3.1787 0.5000
6.8946 -9.1004 0.5000
6.8176 -9.0814 0.5000
5.7887 -2.7587 0.5000
5.7170 -2.8310 0.5000
5.5735 -2.6556 0.5000
4.6122 4.1530 0.5000
7.5732 3.7182 0.5000
6.9072 -9.1672 0.5000
6.8588 -9.4856 0.5000
5.3559 -2.7576 0.5000
4.3497 -1.8002 0.5000
3.1486 4.2363 0.5000
6.9043 -8.7625 0.5000
5.0776 -2.8909 0.5000
4.4514 -2.5340 0.5000
4.1681 -2.4587 0.5000
4.5839 -1.9163 0.5000
4.2485 -1.8901 0.5000
-0.1295 3.0193 0.5000
5.5087 0.2162 0.5000
6.2517 -2.3222 0.5000
6.1280 -2.4310 0.5000
5.2234 -2.7009 0.5000
5.1971 -2.3933 0.5000
4.4075 -1.8890 0.5000
4.9201 -2.1113 0.5000
2.9115 -0.9832 0.5000
4.2848 0.4149 0.5000
6.1999 -2.5012 0.5000
6.1683 -2.3436 0.5000
6.0179 -2.2430 0.5000
-0.7990 -0.3496 0.5000
4.5658 0.6604 0.5000
4.6409 0.6971 0.5000
5.2088 0.1346 0.5000
7.6580 -2.7100 0.5000
7.2650 -2.7139 0.5000
6.8758 -8.2754 0.5000
6.8924 -8.1801 0.5000
5.4344 -2.0509 0.5000
4.2959 -2.7294 0.5000
3.8820 -2.6531 0.5000
4.4089 0.3771 0.5000
0.4052 5.9529 0.5000
2.2340 5.1050 0.5000
3.4525 4.2512 0.5000
4.9213 3.9952 0.5000
4.9377 4.0250 0.5000
7.0007 0.8705 0.5000
8.7483 -1.2512 0.5000
7.9519 -2.9538 0.5000
7.0706 -8.1772 0.5000
7.0584 -8.3496 0.5000
5.7923 -2.8322 0.5000
5.3647 -2.6899 0.5000
5.1633 -2.3010 0.5000
0.4250 6.0007 0.5000
9.1858 0.7495 0.5000
6.2334 -3.0393 0.5000
5.9919 -2.7191 0.5000
5.2183 -2.6955 0.5000
4.6486 -2.1989 0.5000
7.9553 -2.9040 0.5000
6.2855 -3.2541 0.5000
7.0939 -8.2302 0.5000
5.4211 -2.6984 0.5000
4.8175 -2.2484 0.5000
4.2547 -1.8611 0.5000
7.1870 3.8809 0.5000
7.6825 3.5085 0.5000
9.0542 0.6486 0.5000
8.0227 -2.8100 0.5000
7.5896 -2.5980 0.5000
6.4884 -2.9989 0.5000
7.1611 -7.6594 0.5000
6.0379 -2.5507 0.5000
2.6868 -8.9077 0.5000
5.1632 -2.4428 0.5000
4.4373 0.2868 0.5000
5.7400 0.2691 0.5000
6.1407 1.2503 0.5000
6.5965 -2.9638 0.5000
6.1087 -3.0118 0.5000
6.0341 -2.3435 0.5000
5.5019 0.0947 0.5000
5.6873 0.0612 0.5000
6.5019 -3.0152 0.5000
6.5194 -3.0523 0.5000
6.2730 -3.0321 0.5000
6.0584 -3.2441 0.5000
6.6239 -9.0889 0.5000
5.0792 -2.6201 0.5000
3.9117 -1.2263 0.5000
4.1118 1.3598 0.5000
4.5965 1.3270 0.5000
5.8273 1.3599 0.5000
7.9424 -2.9996 0.5000
7.6779 -2.8300 0.5000
6.8300 -8.8264 0.5000
5.7279 -2.6916 0.5000
4.3151 -2.6362 0.5000
3.4442 -2.9611 0.5000
-0.2875 2.9102 0.5000
2.3970 5.0888 0.5000
5.3498 0.2852 0.5000
5.5018 0.1575 0.5000
6.7588 3.8119 0.5000
6.9559 0.8422 0.5000
6.3953 -2.9674 0.5000
6.1377 -2.9595 0.5000
5.5470 -2.7177 0.5000
5.4092 -2.3938 0.5000
2.3426 5.0918 0.5000
4.9519 4.2382 0.5000
9.0851 0.5520 0.5000
6.3901 -2.8174 0.5000
6.1902 -2.9174 0.5000
4.6483 -2.0652 0.5000
0.2904 3.7136 0.5000
0.4162 6.3675 0.5000
7.9175 3.6840 0.5000
7.9603 -3.0338 0.5000
6.2001 -3.1598 0.5000
7.0380 -9.0538 0.5000
5.0715 -2.8051 0.5000
4.1056 -2.5233 0.5000
4.8571 4.1941 0.5000
6.9387 0.8215 0.5000
6.9106 0.7889 0.5000
8.0203 -2.8568 0.5000
6.4687 -3.0537 0.5000
7.1528 -8.3063 0.5000
7.0961 -8.0890 0.5000
4.1607 -2.5370 0.5000
4.1356 -2.5678 0.5000
4.5462 -2.0356 0.5000
4.4216 0.2325 0.5000
4.5075 0.2130 0.5000
6.1790 -2.4144 0.5000
6.0236 -2.4762 0.5000
5.2831 -2.3180 0.5000
5.0532 -2.0565 0.5000
5.0332 -2.1394 0.5000
4.7588 -2.2714 0.5000
6.4697 -2.7421 0.5000
6.2447 -2.4600 0.5000
5.3633 -2.1576 0.5000
5.0521 -2.7717 0.5000
5.7748 0.0812 0.5000
5.7589 0.1103 0.5000
5.9214 0.1507 0.5000
7.9494 -2.8423 0.5000
7.0160 -7.5925 0.5000
7.0477 -7.5283 0.5000
4.4501 0.2537 0.5000
3.9195 1.8915 0.5000
9.1024 0.7031 0.5000
8.9449 -0.5881 0.5000
8.8955 -0.8457 0.5000
8.3545 -2.3426 0.5000
6.3424 -3.3308 0.5000
5.8173 -2.4983 0.5000
0.3354 5.6186 0.5000
9.1413 0.9064 0.5000
6.2492 -2.6191 0.5000
6.2970 -2.9079 0.5000
6.0598 -2.8724 0.5000
4.7422 -2.3824 0.5000
4.3551 -1.8603 0.5000
0.2587 5.6112 0.5000
6.4150 -2.6416 0.5000
6.2677 -2.8139 0.5000
5.8149 -2.6844 0.5000
5.2765 -2.7077 0.5000
-0.0037 3.0372 0.5000
0.2188 5.5753 0.5000
5.6958 0.3604 0.5000
9.0674 0.8123 0.5000
8.9972 0.2918 0.5000
8.9417 -0.3883 0.5000
8.9394 -0.5364 0.5000
8.8382 -1.0623 0.5000
8.7940 -1.2486 0.5000
6.3918 -3.3511 0.5000
6.8114 -9.8098 0.5000
8.2547 -2.3932 0.5000
7.6572 -2.6876 0.5000
7.7629 -5.8960 0.5000
6.6243 -3.0205 0.5000
6.9600 -8.7655 0.5000
5.9325 -2.3079 0.5000
4.3962 -2.2856 0.5000
6.4681 -2.3426 0.5000
6.3832 -2.4470 0.5000
6.2417 -2.5692 0.5000
4.2533 -1.6923 0.5000
5.8024 0.0524 0.5000
5.8311 0.1108 0.5000
5.9616 0.1588 0.5000
8.7876 -1.1497 0.5000
7.9830 -2.8662 0.5000
7.8789 -2.8536 0.5000
6.9620 -8.2038 0.5000
6.9932 -8.1613 0.5000
3.9883 -2.6052 0.5000
4.1969 -2.3615 0.5000
3.9370 1.4293 0.5000
4.1018 1.7629 0.5000
4.8465 1.2347 0.5000
5.4738 1.1143 0.5000
6.2035 -2.9275 0.5000
5.9912 -2.8568 0.5000
5.9869 -2.5344 0.5000
5.8153 -2.4215 0.5000
5.6777 -2.3317 0.5000
5.3093 -2.0491 0.5000
4.5334 -2.4908 0.5000
5.0237 -1.9389 0.5000
4.2979 -2.4483 0.5000
1.0052 6.6148 0.5000
3.3163 4.3117 0.5000
5.7751 0.3121 0.5000
6.5642 3.8304 0.5000
9.0370 0.3208 0.5000
6.2935 -2.4325 0.5000
0.3481 5.9004 0.5000
6.5313 3.8974 0.5000
6.5875 3.8870 0.5000
8.7388 -1.4822 0.5000
6.4642 -2.9330 0.5000
6.1413 -2.3181 0.5000
6.1522 -2.7037 0.5000
5.9601 -2.3065 0.5000
5.6692 -2.3725 0.5000
4.8562 -2.1737 0.5000
0.2952 5.6783 0.5000
9.0604 0.7177 0.5000
9.0961 0.2718 0.5000
6.5462 -2.9819 0.5000
6.3036 -3.1718 0.5000
7.2566 -7.7447 0.5000
6.0720 -3.1498 0.5000
5.6505 -9.5431 0.5000
4.0832 -2.6326 0.5000
4.1655 -2.0042 0.5000
5.8768 0.1004 0.5000
6.6023 -2.4580 0.5000
7.7506 -6.0787 0.5000
6.4200 -3.2021 0.5000
6.8938 -8.9119 0.5000
5.9257 -2.3659 0.5000
6.2952 -2.2160 0.5000
6.5599 -2.3082 0.5000
6.4471 -2.9623 0.5000
6.9292 -7.8782 0.5000
6.9838 -7.7156 0.5000
7.5868 -6.2606 0.5000
6.0470 -3.0004 0.5000
5.1131 -2.3831 0.5000
-2.7342 -8.7887 0.5000
4.2027 -2.4383 0.5000
3.7064 -2.1032 0.5000
6.5179 -2.3929 0.5000
6.0253 -2.3817 0.5000
5.7021 -2.3748 0.5000
5.7447 -2.1704 0.5000
3.6186 -2.3457 0.5000
0.5693 6.4412 0.5000
2.5598 5.0298 0.5000
9.2034 1.1751 0.5000
4.0699 -1.8018 0.5000
3.8129 1.9219 0.5000
6.1947 -2.2263 0.5000
5.7173 -2.2970 0.5000
5.5732 -2.2998 0.5000
4.3894 0.2498 0.5000
9.1914 1.0691 0.5000
6.5884 -2.7877 0.5000
6.5036 -2.7418 0.5000
7.0230 -8.8303 0.5000
4.0551 -2.1056 0.5000
5.9271 0.1145 0.5000
8.5499 -2.2914 0.5000
6.5975 -2.6061 0.5000
7.1692 -7.8074 0.5000
4.3982 -2.7476 0.5000
4.0404 -2.6667 0.5000
6.2602 -2.4739 0.5000
8.1218 -2.7845 0.5000
7.6115 -6.0543 0.5000
7.6443 -5.9647 0.5000
6.7532 -8.8897 0.5000
5.7440 0.0450 0.5000
8.3293 -2.3847 0.5000
6.9297 -8.6544 0.5000
6.5214 1.1572 0.5000
9.1598 0.6884 0.5000
9.0372 0.2622 0.5000
6.4897 -2.4032 0.5000
6.4791 -2.4814 0.5000
6.2942 -2.5457 0.5000
6.1313 -2.5563 0.5000
6.0617 -2.5203 0.5000
5.7390 -2.5862 0.5000
4.0145 1.4303 0.5000
4.5308 1.3084 0.5000
6.6521 3.7655 0.5000
5.7591 -2.4475 0.5000
9.3401 0.9352 0.5000
9.0430 -0.0739 0.5000
6.4433 -2.3422 0.5000
6.5640 -2.6990 0.5000
6.1053 -2.5036 0.5000
5.5502 -2.7353 0.5000
1.5357 1.5968 0.5000
9.2480 1.3616 0.5000
9.2210 1.3341 0.5000
9.0636 0.7704 0.5000
7.1937 -8.1702 0.5000
7.1907 -8.0574 0.5000
6.8248 -2.5094 0.5000
7.7265 -6.1995 0.5000
6.5970 -2.9408 0.5000
6.4241 -3.3450 0.5000
6.3091 -2.8517 0.5000
6.1189 -2.7769 0.5000
5.2590 -1.9537 0.5000
5.7787 0.0105 0.5000
5.8765 0.0833 0.5000
5.9839 -2.4776 0.5000
3.1540 -1.0469 0.5000
5.4924 0.3771 0.5000
6.7512 -8.7942 0.5000
6.7437 -8.7696 0.5000
4.5117 4.0086 0.5000
8.0893 3.6671 0.5000
8.6380 3.5136 0.5000
8.7972 -1.2840 0.5000
6.8969 -9.2008 0.5000
6.0610 -2.7472 0.5000
5.1814 -2.7638 0.5000
3.4826 -3.0215 0.5000
0.4902 6.4581 0.5000
5.4581 0.3451 0.5000
6.0692 -2.9886 0.5000
5.6746 -2.7491 0.5000
5.4438 -2.7736 0.5000
5.1186 -2.9036 0.5000
4.9130 -2.8138 0.5000
0.1635 5.2957 0.5000
6.9342 -9.3901 0.5000
5.2447 -2.3924 0.5000
3.4937 -2.9534 0.5000
0.4498 4.8360 0.5000
2.3931 4.9473 0.5000
9.0371 0.4521 0.5000
7.0644 -8.7788 0.5000
6.1361 -2.7488 0.5000
1.4770 1.5104 0.5000
6.4550 -2.2607 0.5000
5.6336 -2.1674 0.5000
4.8967 1.5667 0.5000
4.7665 -1.8756 0.5000
4.0290 -1.6457 0.5000
4.1306 4.1049 0.5000
8.7962 -1.0708 0.5000
7.8684 -2.7283 0.5000
6.1130 -9.6955 0.5000
3.4249 -3.0971 0.5000
4.7823 4.1156 0.5000
5.9992 4.2079 0.5000
8.3411 3.6952 0.5000
6.0288 -2.6485 0.5000
8.5793 -2.0716 0.5000
7.7203 -2.5740 0.5000
6.4991 -3.1026 0.5000
0.1889 3.6518 0.5000
0.1271 5.3636 0.5000
0.5648 6.4957 0.5000
7.6270 3.8378 0.5000
8.9649 0.3313 0.5000
8.7444 -1.4261 0.5000
5.2461 -2.4177 0.5000
5.0470 -2.0925 0.5000
1.4586 1.4858 0.5000
4.3434 0.2142 0.5000
5.4164 0.3613 0.5000
6.8947 0.7847 0.5000
6.0065 0.1752 0.5000
-0.6489 0.2256 0.5000
3.8533 4.1520 0.5000
5.1989 4.4202 0.5000
5.8813 4.0062 0.5000
6.6912 1.2442 0.5000
6.2821 -2.7841 0.5000
4.4501 4.0643 0.5000
4.4523 4.1486 0.5000
5.0541 4.4518 0.5000
6.3186 -2.7872 0.5000
5.9105 -2.7318 0.5000
1.5696 -8.0953 0.5000
3.5074 -2.7232 0.5000
3.7481 -1.8459 0.5000
8.7385 3.5979 0.5000
6.1646 -2.7834 0.5000
1.6504 -8.1347 0.5000
6.5217 -2.8432 0.5000
2.3426 -8.8363 0.5000
1.6118 -8.1108 0.5000
9.0116 0.5121 0.5000
6.5348 -2.2900 0.5000
6.3690 -2.8576 0.5000
6.1587 -2.8852 0.5000
4.0601 -2.4909 0.5000
4.7786 4.3518 0.5000
4.8424 4.2798 0.5000
4.2767 0.1941 0.5000
4.4068 0.4195 0.5000
6.1582 -2.1861 0.5000
5.4219 -2.8335 0.5000
5.6119 -2.2262 0.5000
6.9997 -2.4010 0.5000
6.8815 -2.5651 0.5000
6.9821 -3.0255 0.5000
3.4796 -2.8198 0.5000
3.8922 -1.8509 0.5000
2.8719 2.0536 0.5000
7.9780 -2.6879 0.5000
7.0756 -2.9242 0.5000
6.8978 -3.3267 0.5000
6.3859 -3.0211 0.5000
6.4377 -2.9227 0.5000
6.1976 -2.8175 0.5000
5.9907 -2.8133 0.5000
5.7557 -2.3157 0.5000
5.6622 -2.1899 0.5000
5.4150 1.5114 0.5000
5.7611 1.3798 0.5000
8.5487 -2.3034 0.5000
6.8486 -2.6002 0.5000
4.9059 4.1740 0.5000
6.3564 1.2620 0.5000
6.8392 -2.3968 0.5000
5.8583 -2.6503 0.5000
5.4361 0.4313 0.5000
4.8412 4.1356 0.5000
7.0934 -2.6558 0.5000
6.9972 -3.0547 0.5000
6.9939 -3.3099 0.5000
6.2849 -2.8971 0.5000
6.0529 -2.2496 0.5000
3.5516 -2.6055 0.5000
5.3458 1.4386 0.5000
7.0976 -3.3010 0.5000
7.0223 -3.2306 0.5000
6.2880 -2.5536 0.5000
6.0096 -2.8496 0.5000
6.3124 -2.2086 0.5000
5.9039 0.0517 0.5000
6.8795 -2.4930 0.5000
6.9419 -2.7360 0.5000
6.6857 -3.0166 0.5000
6.3234 -2.8060 0.5000
5.9141 -2.6937 0.5000
3.5689 -2.3577 0.5000
4.5164 -1.7956 0.5000
3.5510 4.2704 0.5000
5.7529 1.1005 0.5000
5.7589 1.0646 0.5000
7.0473 -2.9828 0.5000
7.0254 -7.7804 0.5000
7.0694 -7.8574 0.5000
6.4479 -2.8316 0.5000
6.3063 -2.5047 0.5000
5.9905 -2.7678 0.5000
4.3665 4.0828 0.5000
5.6489 4.3071 0.5000
8.1209 -2.6386 0.5000
6.8888 -3.0861 0.5000
6.6670 -2.5426 0.5000
6.6569 -2.3591 0.5000
6.5437 -2.4359 0.5000
6.4048 -2.2841 0.5000
6.3633 -2.3312 0.5000
5.9427 -3.0349 0.5000
7.0852 -2.8425 0.5000
6.8656 -2.6626 0.5000
6.3924 -2.3645 0.5000
5.9048 -3.0705 0.5000
6.9210 -2.9625 0.5000
6.8977 -3.2097 0.5000
6.6612 -2.4766 0.5000
6.0844 -2.3353 0.5000
5.5477 4.2405 0.5000
7.3173 -2.7896 0.5000
7.2397 -2.5884 0.5000
7.2544 -7.5071 0.5000
6.7007 -2.3143 0.5000
6.0862 -2.2800 0.5000
6.0657 -2.3736 0.5000
0.0314 5.1073 0.5000
3.9789 4.0444 0.5000
5.4116 1.3966 0.5000
6.9694 -3.1274 0.5000
6.8973 -2.3520 0.5000
6.7229 -2.8886 0.5000
6.7187 -2.9698 0.5000
6.5273 -2.8703 0.5000
1.0344 -8.0664 0.5000
4.3749 0.2997 0.5000
4.6389 -2.2303 0.5000
3.6464 -1.2507 0.5000
4.4175 -1.7305 0.5000
5.5522 1.1296 0.5000
3.4544 4.3072 0.5000
3.5181 4.3005 0.5000
6.9515 -3.1652 0.5000
6.7598 -2.9043 0.5000
6.2281 -2.7877 0.5000
2.5745 -8.8429 0.5000
1.8498 -8.1235 0.5000
5.3114 -1.9506 0.5000
6.8018 -2.9036 0.5000
6.6429 -2.8521 0.5000
5.7821 -2.7062 0.5000
6.2032 -2.8914 0.5000
6.1631 -2.4787 0.5000
9.2868 1.7370 0.5000
5.9326 -2.9342 0.5000
5.8881 -2.9927 0.5000
3.5940 -2.5348 0.5000
6.8243 -2.7883 0.5000
2.8618 -8.8322 0.5000
2.0360 -8.2804 0.5000
2.0747 -8.2779 0.5000
0.3966 4.7152 0.5000
3.9101 4.0432 0.5000
4.7742 4.0225 0.5000
5.3207 4.2971 0.5000
6.2909 -2.3882 0.5000
4.0384 -2.5175 0.5000
2.6712 -1.0734 0.5000
-0.2353 -0.1247 0.5000
4.3897 0.1925 0.5000
2.6307 1.8254 0.5000
3.3637 2.0033 0.5000
2.6266 5.0173 0.5000
5.7377 1.0563 0.5000
6.3305 1.2712 0.5000
5.6761 -2.2076 0.5000
5.8049 -2.0729 0.5000
4.4592 -1.7366 0.5000
3.0667 -0.9914 0.5000
-0.3842 2.5047 0.5000
2.1974 5.1607 0.5000
3.7756 4.2137 0.5000
4.4952 4.2435 0.5000
4.6508 4.0351 0.5000
5.2416 4.4093 0.5000
5.9192 4.2699 0.5000
9.5234 2.3412 0.5000
6.8871 -2.4141 0.5000
6.7074 -2.4631 0.5000
6.6689 -2.6911 0.5000
4.6425 -5.1576 0.5000
6.8763 -3.0261 0.5000
6.8894 -2.9460 0.5000
6.6838 -2.8780 0.5000
2.7153 -8.7878 0.5000
2.6925 -8.8317 0.5000
4.6631 -2.8136 0.5000
5.1097 -1.9372 0.5000
9.7722 2.7548 0.5000
2.7463 -8.8578 0.5000
2.6735 -8.8654 0.5000
8.7496 -1.3112 0.5000
6.9210 -3.0454 0.5000
6.9012 -2.6111 0.5000
6.6917 -2.9812 0.5000
-2.8945 -8.1463 0.5000
4.7009 -2.8057 0.5000
9.7843 3.0371 0.5000
9.4446 2.6029 0.5000
9.4904 1.8179 0.5000
8.8868 -0.6307 0.5000
6.8085 -2.3405 0.5000
3.6548 -2.6494 0.5000
4.6565 4.0558 0.5000
4.3462 0.1940 0.5000
3.2324 4.1904 0.5000
5.8311 0.0361 0.5000
4.8527 -1.8811 0.5000
3.2713 -1.0194 0.5000
0.5060 4.4737 0.5000
2.5649 5.0884 0.5000
2.5469 5.1157 0.5000
4.1302 4.1515 0.5000
4.0637 4.1687 0.5000
5.5375 4.3533 0.5000
6.7434 1.2098 0.5000
6.9932 0.7337 0.5000
6.7158 -2.3540 0.5000
6.6897 -2.5594 0.5000
6.2065 -2.6965 0.5000
4.6445 -5.2414 0.5000
3.5594 -2.4876 0.5000
5.0928 -1.9488 0.5000
3.5005 -1.0963 0.5000
4.6364 4.2073 0.5000
5.2582 4.4091 0.5000
9.3180 2.8835 0.5000
9.2368 1.1096 0.5000
2.7858 -8.8346 0.5000
1.7854 -8.5873 0.5000
5.1035 -2.6337 0.5000
3.7476 -1.7059 0.5000
9.4872 2.2682 0.5000
9.2913 1.2559 0.5000
7.2458 -2.6800 0.5000
5.8123 -3.1228 0.5000
9.5437 3.3992 0.5000
9.4738 2.2056 0.5000
7.2188 -2.6211 0.5000
6.1448 -3.1399 0.5000
6.0055 -2.5042 0.5000
6.6541 -2.9252 0.5000
1.9639 -8.6849 0.5000
1.9345 -8.6972 0.5000
5.6652 -2.2675 0.5000
6.4861 3.9257 0.5000
7.2549 -2.5111 0.5000
7.1402 -2.4591 0.5000
6.8259 -2.4595 0.5000
4.4903 -5.1855 0.5000
4.5254 -5.1597 0.5000
4.8461 4.0611 0.5000
6.9697 0.8738 0.5000
5.9843 0.1425 0.5000
5.6821 1.3415 0.5000
7.2580 -2.8491 0.5000
6.7912 -2.5035 0.5000
6.6745 -2.4079 0.5000
6.6340 -2.5143 0.5000
3.7138 -5.9222 0.5000
5.8186 0.3238 0.5000
6.9531 -2.9688 0.5000
2.2298 -8.7019 0.5000
5.9807 -3.0604 0.5000
4.8616 -2.5907 0.5000
3.4886 -2.7151 0.5000
4.1644 4.1129 0.5000
4.2726 4.0598 0.5000
4.9965 4.1451 0.5000
4.9550 4.1775 0.5000
6.8233 -3.0429 0.5000
6.7536 -3.0114 0.5000
6.7016 -2.6690 0.5000
6.3402 -2.5975 0.5000
3.5733 -2.4361 0.5000
9.3335 1.5937 0.5000
7.2030 -3.1680 0.5000
7.0979 -2.7915 0.5000
4.8477 4.1590 0.5000
4.8506 4.2360 0.5000
9.2726 1.5370 0.5000
7.2965 -3.1663 0.5000
6.9397 -2.6533 0.5000
6.7562 -2.5779 0.5000
6.7336 -2.6082 0.5000
0.3262 6.1076 0.5000
8.7908 -1.0317 0.5000
7.4813 -6.9274 0.5000
7.0943 -2.7223 0.5000
5.6358 -2.2566 0.5000
0.2353 3.9099 0.5000
0.1310 5.4295 0.5000
1.9566 4.9725 0.5000
4.9604 1.5151 0.5000
3.7071 4.0998 0.5000
5.5256 1.3878 0.5000
7.5029 -2.8097 0.5000
7.4545 -2.6298 0.5000
7.3336 -2.7221 0.5000
7.1141 -2.6474 0.5000
6.9101 -2.9305 0.5000
6.7001 -2.9098 0.5000
6.6772 -2.6181 0.5000
3.0155 -8.9917 0.5000
3.0945 -8.9927 0.5000
1.9851 -8.7284 0.5000
2.0308 -8.7707 0.5000
5.9056 -2.4310 0.5000
4.2811 0.1465 0.5000
7.2046 -2.8873 0.5000
7.2829 -2.4572 0.5000
7.1399 -2.4158 0.5000
7.0017 -2.3940 0.5000
6.9206 -2.8041 0.5000
6.6094 -2.6070 0.5000
6.1735 -2.5859 0.5000
5.6701 -3.1619 0.5000
5.8599 0.2212 0.5000
5.7458 1.3735 0.5000
6.9435 0.5574 0.5000
8.4852 -2.3308 0.5000
8.2333 -2.3296 0.5000
7.6310 -3.3716 0.5000
7.6459 -3.4436 0.5000
1.7044 -8.5346 0.5000
3.4514 -1.0683 0.5000
2.1305 5.1581 0.5000
3.8630 4.2036 0.5000
8.7854 -1.1848 0.5000
8.6719 -1.6786 0.5000
7.1636 -3.1744 0.5000
6.9123 -3.2116 0.5000
7.0392 -2.6993 0.5000
6.7762 -2.9930 0.5000
6.5499 -3.1192 0.5000
6.1033 -2.8516 0.5000
6.4007 -2.4157 0.5000
6.3532 -2.2376 0.5000
7.1823 -3.2476 0.5000
6.4381 -2.4868 0.5000
7.3883 3.7102 0.5000
9.4926 2.8372 0.5000
9.2703 1.6693 0.5000
6.8133 -2.9529 0.5000
6.3794 -2.5604 0.5000
7.2279 -3.1121 0.5000
7.0192 -3.0324 0.5000
6.5260 -3.1615 0.5000
2.0242 -8.7404 0.5000
5.2558 -2.3779 0.5000
0.0415 2.9494 0.5000
6.9655 0.9063 0.5000
7.5999 -2.5283 0.5000
7.4449 -2.6900 0.5000
7.2954 -2.6451 0.5000
7.1386 -2.5607 0.5000
7.1916 -2.4383 0.5000
6.8925 -2.9659 0.5000
7.0074 -2.5015 0.5000
5.7451 -3.1076 0.5000
5.7650 -3.1500 0.5000
7.1113 -2.9712 0.5000
7.0598 -2.4039 0.5000
6.9388 -2.3977 0.5000
6.6050 -2.6612 0.5000
4.2436 -4.9022 0.5000
2.5160 5.0756 0.5000
6.9660 0.6677 0.5000
7.8611 -2.6386 0.5000
7.7195 -2.6913 0.5000
7.5604 -2.8465 0.5000
7.5265 -2.6108 0.5000
7.4176 -3.2835 0.5000
7.0340 -2.8832 0.5000
6.8267 -2.8996 0.5000
6.4701 -3.2071 0.5000
6.1157 4.2265 0.5000
8.9938 -0.3200 0.5000
7.9676 -3.4354 0.5000
7.8337 -4.0099 0.5000
7.6839 -5.9942 0.5000
7.6772 -6.1346 0.5000
7.2042 -2.9810 0.5000
8.0152 -3.3679 0.5000
8.0090 -3.4166 0.5000
7.8352 -3.6555 0.5000
7.8717 -4.0156 0.5000
7.7182 -5.8174 0.5000
7.7056 -5.8589 0.5000
7.2770 -2.8850 0.5000
6.6420 -2.5649 0.5000
3.7044 -1.8578 0.5000
7.2776 3.7859 0.5000
9.0251 -0.2454 0.5000
8.0465 -3.3266 0.5000
7.8420 -3.6210 0.5000
7.8648 -3.8185 0.5000
7.8202 -5.8560 0.5000
5.7416 -3.1595 0.5000
5.9244 -2.8542 0.5000
3.5146 -2.7937 0.5000
0.0987 5.2100 0.5000
4.3488 4.1506 0.5000
8.0526 -2.7201 0.5000
7.8368 -2.6306 0.5000
7.7613 -2.5835 0.5000
7.5092 -2.7414 0.5000
6.9613 -2.9475 0.5000
6.7735 -2.8629 0.5000
6.5808 -2.8045 0.5000
1.7437 -8.1499 0.5000
0.2925 4.2953 0.5000
5.5447 1.0308 0.5000
4.8491 4.2007 0.5000
6.9457 0.7192 0.5000
6.9376 0.6834 0.5000
5.9283 -2.5450 0.5000
7.7446 -2.7912 0.5000
7.9061 -3.3770 0.5000
7.9637 -4.8681 0.5000
5.9350 -2.6282 0.5000
9.0798 0.4941 0.5000
8.8892 -0.6988 0.5000
7.7708 -3.4927 0.5000
7.7390 -5.7302 0.5000
7.4754 -3.4164 0.5000
7.2000 -7.6744 0.5000
7.2326 -3.3515 0.5000
7.0891 -2.9776 0.5000
6.5525 -3.0868 0.5000
2.3180 -8.7415 0.5000
5.6008 1.1036 0.5000
8.8348 -1.0158 0.5000
7.9927 -2.7306 0.5000
7.8266 -2.8372 0.5000
7.7989 -2.6908 0.5000
7.6704 -2.9438 0.5000
7.4679 -3.2022 0.5000
7.2786 -3.0366 0.5000
7.2993 -2.6698 0.5000
6.6026 -2.9918 0.5000
6.3891 -2.5098 0.5000
3.8536 -1.9212 0.5000
7.9647 -2.6315 0.5000
7.7832 -2.6112 0.5000
7.5970 -2.6871 0.5000
7.4855 -2.7563 0.5000
4.6111 1.6042 0.5000
7.9426 -2.9210 0.5000
8.0583 -3.3569 0.5000
7.7947 -3.2990 0.5000
7.5077 -3.2048 0.5000
7.2927 -3.1443 0.5000
0.4780 -7.9914 0.5000
6.1639 1.2096 0.5000
9.0500 0.6840 0.5000
8.0946 -2.6716 0.5000
8.1025 -3.3161 0.5000
8.0999 -3.2975 0.5000
7.8948 -3.5395 0.5000
7.8781 -3.4716 0.5000
7.9051 -5.4553 0.5000
7.9257 -5.3741 0.5000
2.6137 -8.8847 0.5000
5.7792 -3.1993 0.5000
8.7485 -1.2188 0.5000
7.7096 -2.6057 0.5000
7.5371 -2.4998 0.5000
7.3954 -2.5202 0.5000
7.2499 -2.4477 0.5000
7.2641 -2.4464 0.5000
6.9541 -2.3777 0.5000
7.1106 -2.8943 0.5000
6.7087 -2.4162 0.5000
7.9645 -2.7769 0.5000
7.6728 -6.0294 0.5000
7.0224 -2.9296 0.5000
4.6417 -5.1264 0.5000
1.8761 -8.6054 0.5000
5.6898 -3.0620 0.5000
6.9820 0.7799 0.5000
7.8387 -3.5610 0.5000
7.7826 -5.5525 0.5000
2.4346 -8.7385 0.5000
1.7450 -8.0282 0.5000
6.0716 -2.6115 0.5000
9.3015 1.5158 0.5000
8.0121 -3.2141 0.5000
7.6381 -2.7862 0.5000
7.4783 -2.7108 0.5000
4.9948 -2.0055 0.5000
3.6335 -2.1666 0.5000
4.9136 4.2562 0.5000
9.1397 0.7831 0.5000
7.8761 -2.8067 0.5000
7.6754 -2.8688 0.5000
7.5145 -3.1701 0.5000
9.2903 1.4598 0.5000
9.0939 0.1747 0.5000
8.9429 -0.4688 0.5000
8.0710 -3.3333 0.5000
7.8592 -3.5726 0.5000
7.5828 -3.5135 0.5000
7.5822 -3.5579 0.5000
7.3281 -2.8143 0.5000
1.7839 -8.1992 0.5000
7.8835 -3.4095 0.5000
7.9089 -5.2534 0.5000
6.6472 -2.7164 0.5000
4.2861 -5.2951 0.5000
7.7323 -2.5485 0.5000
7.5327 -2.5275 0.5000
7.1088 -2.3957 0.5000
7.4604 -2.5087 0.5000
7.5014 -2.6595 0.5000
7.3230 -2.4753 0.5000
7.2182 -2.4967 0.5000
7.9724 -3.1435 0.5000
7.8144 -3.5249 0.5000
7.7717 -5.4165 0.5000
3.8869 -2.3807 0.5000
4.0715 -1.6326 0.5000
7.8341 -3.2992 0.5000
7.6406 -2.5590 0.5000
7.5611 -3.2180 0.5000
5.8856 -3.0044 0.5000
6.2102 -2.1990 0.5000
3.6213 -2.5375 0.5000
8.1072 -2.8254 0.5000
7.5831 -3.2657 0.5000
7.1335 -3.0771 0.5000
4.6289 -1.8195 0.5000
0.3367 5.8991 0.5000
4.8963 4.0215 0.5000
6.4101 1.2741 0.5000
6.2322 4.1651 0.5000
8.1500 -2.8196 0.5000
0.2787 5.7914 0.5000
4.9290 1.1476 0.5000
5.6696 1.3587 0.5000
6.8667 0.5644 0.5000
9.1298 0.8231 0.5000
7.8905 -2.5887 0.5000
7.9373 -2.7714 0.5000
7.7487 -2.7479 0.5000
7.1619 -2.8230 0.5000
6.9122 -3.0562 0.5000
7.0226 -2.6122 0.5000
6.7108 -3.0359 0.5000
6.8407 -2.5671 0.5000
7.9929 -3.3125 0.5000
8.0351 -4.8739 0.5000
8.0454 -4.9193 0.5000
7.2073 -3.2547 0.5000
7.2135 -3.2143 0.5000
2.1265 -8.7730 0.5000
4.4704 -2.2571 0.5000
7.8342 -2.6655 0.5000
7.8123 -2.5850 0.5000
6.9948 -2.7187 0.5000
6.7602 -2.8213 0.5000
6.7513 -2.3561 0.5000
7.8095 -2.7599 0.5000
6.9431 -2.8638 0.5000
6.7301 -2.8432 0.5000
6.5621 -2.7477 0.5000
4.5969 -5.1966 0.5000
5.7217 -2.6212 0.5000
7.9550 -3.4609 0.5000
7.1806 -3.1184 0.5000
1.9732 -8.6436 0.5000
4.3463 -1.6895 0.5000
6.0525 0.2520 0.5000
7.6166 -2.8530 0.5000
7.4323 -2.8450 0.5000
7.2023 -2.9373 0.5000
-0.2065 0.1216 0.5000
8.1196 -2.9132 0.5000
7.4735 -3.3930 0.5000
6.0788 -2.4442 0.5000
0.3454 5.1237 0.5000
6.9122 -2.5112 0.5000
0.1453 5.2407 0.5000
5.1707 1.2163 0.5000
7.8636 -2.9225 0.5000
7.6509 -2.7840 0.5000
7.4790 -2.8044 0.5000
7.2652 -2.9330 0.5000
2.5262 -8.8664 0.5000
-0.0206 -8.3983 0.5000
7.4480 -2.4642 0.5000
7.2786 -2.5887 0.5000
6.9646 -2.5687 0.5000
6.3402 -2.3674 0.5000
6.8218 -2.6862 0.5000
3.8873 -6.2191 0.5000
6.0735 -2.4866 0.5000
7.9805 -3.3738 0.5000
7.8138 -3.9457 0.5000
7.7973 -3.8674 0.5000
7.6373 -6.0430 0.5000
7.2015 -3.0347 0.5000
2.8818 -0.9327 0.5000
0.4067 4.0263 0.5000
5.6091 1.4366 0.5000
8.5714 -1.9989 0.5000
7.9990 -3.0967 0.5000
7.6011 -2.7044 0.5000
7.5134 -3.4009 0.5000
7.4123 -2.6489 0.5000
6.1016 -2.6078 0.5000
5.9845 -2.4052 0.5000
3.6822 -1.9257 0.5000
3.2010 -1.0487 0.5000
0.3318 3.9190 0.5000
0.2554 5.3506 0.5000
8.0202 -2.6368 0.5000
7.8977 -2.7907 0.5000
3.6421 -2.2668 0.5000
0.2361 5.4478 0.5000
7.9393 -2.8643 0.5000
7.7066 -2.8284 0.5000
7.4819 -2.5901 0.5000
7.1310 -2.7430 0.5000
6.9497 -2.7513 0.5000
6.7730 -2.6333 0.5000
6.4918 -2.5475 0.5000
0.1705 5.3475 0.5000
0.5042 6.6039 0.5000
9.1351 0.9704 0.5000
8.9712 0.3602 0.5000
7.8588 -5.6088 0.5000
2.4322 -8.8255 0.5000
6.2106 -2.8116 0.5000
0.4861 -7.8609 0.5000
8.6383 -1.8835 0.5000
7.7572 -2.8624 0.5000
7.7679 -2.7428 0.5000
7.6724 -3.4039 0.5000
7.6922 -3.3230 0.5000
4.3742 -5.1481 0.5000
7.5843 -2.7803 0.5000
7.3915 -2.7327 0.5000
7.3845 -3.2136 0.5000
2.0838 -8.6706 0.5000
4.2325 -5.0554 0.5000
3.7560 -1.1383 0.5000
7.9649 -3.2732 0.5000
7.9629 -3.1831 0.5000
7.7886 -3.6526 0.5000
7.7905 -3.6453 0.5000
7.6479 -6.1130 0.5000
2.4727 5.0859 0.5000
4.9149 4.1389 0.5000
7.8467 -3.4765 0.5000
7.1452 -2.9470 0.5000
7.1788 -2.4708 0.5000
6.9775 -2.6789 0.5000
6.5901 -2.2874 0.5000
7.1478 -2.8267 0.5000
7.7364 -2.8663 0.5000
7.5354 -2.7559 0.5000
7.0941 -2.4815 0.5000
6.7655 -2.3399 0.5000
3.5949 -2.6892 0.5000
7.8186 -5.7956 0.5000
7.8031 -5.8376 0.5000
0.1910 5.4800 0.5000
4.8813 1.1468 0.5000
6.1397 1.2220 0.5000
7.7758 -2.7692 0.5000
7.6313 -3.0232 0.5000
7.4477 -3.0245 0.5000
-0.2952 -8.3745 0.5000
7.4086 -2.5169 0.5000
6.8819 -2.6305 0.5000
6.5715 -2.8583 0.5000
6.0056 0.2410 0.5000
7.9296 -2.6141 0.5000
7.8679 -3.2973 0.5000
7.6347 -3.0656 0.5000
-0.1788 3.2336 0.5000
0.3081 5.5914 0.5000
9.0492 0.3998 0.5000
8.0944 -3.0032 0.5000
7.4093 -3.4746 0.5000
7.5607 -2.7160 0.5000
7.4127 -3.5015 0.5000
6.4570 -2.3642 0.5000
3.5288 -2.8247 0.5000
-0.1571 3.0004 0.5000
8.0097 -3.4576 0.5000
7.7287 -3.4374 0.5000
7.7351 -3.3795 0.5000
7.4677 -3.2544 0.5000
7.4929 -3.1972 0.5000
6.9304 -2.5534 0.5000
6.7645 -2.4557 0.5000
4.9264 -2.6597 0.5000
3.8646 -1.5402 0.5000
2.9948 -1.1076 0.5000
7.8782 -2.6737 0.5000
7.5560 -3.3717 0.5000
7.5833 -3.3045 0.5000
7.3585 -2.6535 0.5000
7.1769 -2.7734 0.5000
6.6173 -3.0651 0.5000
5.9215 -2.4889 0.5000
5.2922 -2.2236 0.5000
7.3565 -2.5828 0.5000
6.6235 -2.2961 0.5000
4.2385 -5.0227 0.5000
7.8779 -5.1427 0.5000
7.4839 -3.0991 0.5000
7.3550 -6.7897 0.5000
5.9279 -2.7507 0.5000
5.5653 -2.0432 0.5000
4.0825 1.8572 0.5000
5.0219 1.6072 0.5000
5.6959 1.4303 0.5000
7.3472 -3.1601 0.5000
7.0869 -3.0643 0.5000
6.7352 -2.7384 0.5000
6.1390 -2.1685 0.5000
4.5555 4.0067 0.5000
5.1118 4.4087 0.5000
7.8207 -3.1160 0.5000
7.3622 -3.1627 0.5000
7.1105 -3.0180 0.5000
6.9873 -2.7619 0.5000
7.9222 -3.3334 0.5000
7.1596 -2.9912 0.5000
6.9735 -2.8094 0.5000
5.9844 -3.1097 0.5000
5.8923 -2.5947 0.5000
6.8123 -3.0501 0.5000
6.5687 -3.0001 0.5000
5.7500 -3.2109 0.5000
7.3521 -2.9307 0.5000
6.4858 -3.1942 0.5000
6.0393 -2.6855 0.5000
7.3305 -6.7650 0.5000
7.1331 -2.7537 0.5000
2.7414 -0.8826 0.5000
0.3476 5.5064 0.5000
7.8443 -3.4341 0.5000
7.7521 -2.8055 0.5000
7.5686 -6.3969 0.5000
7.3226 -3.2101 0.5000
7.8445 -2.8709 0.5000
7.3380 -3.0387 0.5000
7.8740 -3.3633 0.5000
7.6424 -3.2965 0.5000
7.0479 -2.7139 0.5000
0.0798 5.1636 0.5000
0.0966 5.1296 0.5000
0.3303 6.4391 0.5000
7.9427 -3.2843 0.5000
7.7957 -5.9237 0.5000
7.8439 -5.9896 0.5000
6.0932 -2.5645 0.5000
3.6057 -2.6468 0.5000
4.0722 -2.5029 0.5000
7.4963 -2.4921 0.5000
4.2728 -5.0516 0.5000
7.6402 -5.8612 0.5000
7.3791 -3.0491 0.5000
6.9984 -2.8755 0.5000
5.9665 -2.1071 0.5000
5.6150 -2.0380 0.5000
3.7846 -2.4060 0.5000
4.5503 -1.7668 0.5000
8.3950 -2.2906 0.5000
7.5463 -2.8978 0.5000
3.7108 -1.1496 0.5000
5.3289 1.1576 0.5000
0.3943 5.7837 0.5000
5.5334 1.4535 0.5000
8.0851 -2.9735 0.5000
7.6366 -2.5111 0.5000
7.5667 -2.6288 0.5000
4.2306 4.1144 0.5000
8.2781 -2.7640 0.5000
8.2996 -2.8013 0.5000
8.1394 -2.9635 0.5000
8.2343 -3.3645 0.5000
8.6575 -2.1651 0.5000
7.6551 -3.2495 0.5000
7.4470 -3.1788 0.5000
7.5262 -3.0960 0.5000
1.6467 -8.0076 0.5000
-0.8243 0.2617 0.5000
7.9880 -3.5142 0.5000
7.9499 -3.4835 0.5000
7.4167 -3.0620 0.5000
0.4386 5.0967 0.5000
8.2274 -3.0906 0.5000
0.4962 6.6233 0.5000
0.1496 3.5321 0.5000
0.1331 3.4629 0.5000
8.0075 -2.9359 0.5000
7.9867 -5.2467 0.5000
7.5565 -3.0727 0.5000
5.3833 -2.4800 0.5000
-1.1946 -0.9069 0.5000
3.6473 -9.0675 0.5000
6.0793 -2.6550 0.5000
5.9665 0.2355 0.5000
7.4704 -3.3391 0.5000
1.5157 -7.9714 0.5000
-0.2578 -8.1683 0.5000
2.4458 5.0719 0.5000
8.6422 -1.8224 0.5000
4.8774 4.1459 0.5000
7.8004 -2.9134 0.5000
7.5882 -3.0491 0.5000
0.0416 3.0652 0.5000
9.1222 0.8995 0.5000
7.9064 -3.4059 0.5000
7.6627 -6.7600 0.5000
1.8858 -8.1706 0.5000
5.7334 -2.3337 0.5000
-2.0631 -7.0050 0.5000
7.4493 -3.3147 0.5000
4.3882 -5.1649 0.5000
4.4083 -5.1771 0.5000
7.0509 0.9907 0.5000
7.8980 -3.3017 0.5000
1.9009 -8.0809 0.5000
-2.2924 -7.0857 0.5000
3.0152 -0.9936 0.5000
0.2491 5.2646 0.5000
0.2391 5.3406 0.5000
3.7491 4.2124 0.5000
9.1515 1.1153 0.5000
0.5343 4.9237 0.5000
8.1106 -3.0521 0.5000
7.4317 -2.7410 0.5000
7.2178 -2.7160 0.5000
7.1679 -3.0594 0.5000
6.0386 -2.9896 0.5000
0.1431 5.1831 0.5000
9.2323 2.8903 0.5000
9.4420 2.2935 0.5000
7.4521 -3.0417 0.5000
6.5478 -3.2146 0.5000
8.8940 -0.7072 0.5000
7.9220 -3.0559 0.5000
7.4767 -2.6669 0.5000
7.1920 -2.8857 0.5000
1.6757 -8.0263 0.5000
5.2008 -1.9469 0.5000
6.0248 0.2841 0.5000
7.8745 -5.1592 0.5000
7.7223 -3.2379 0.5000
7.4620 -3.1225 0.5000
4.3105 4.0636 0.5000
7.5103 -3.1008 0.5000
6.2785 -3.2184 0.5000
3.0755 4.3555 0.5000
4.9167 4.2259 0.5000
5.7298 4.3347 0.5000
9.0174 -0.1467 0.5000
7.8070 -3.2485 0.5000
5.7514 -3.0568 0.5000
3.5443 -2.9113 0.5000
3.7956 -2.5897 0.5000
9.0979 0.8554 0.5000
9.0308 0.4042 0.5000
7.5906 -6.7596 0.5000
7.3642 -2.8080 0.5000
7.6528 -2.5338 0.5000
7.1329 -3.1562 0.5000
7.5219 -6.4890 0.5000
0.3918 -7.8050 0.5000
-0.6941 0.2495 0.5000
4.5203 0.7343 0.5000
4.6921 1.6514 0.5000
9.1710 1.0237 0.5000
8.0963 -2.9362 0.5000
7.9310 -3.2414 0.5000
7.6310 -3.1560 0.5000
7.3799 -3.0620 0.5000
7.1738 -2.9197 0.5000
0.2398 5.4628 0.5000
3.5277 -2.8976 0.5000
0.1978 5.4323 0.5000
9.5367 2.2511 0.5000
9.1358 1.0599 0.5000
7.4080 -3.1481 0.5000
7.1815 -3.0067 0.5000
4.4067 0.5868 0.5000
8.9872 -0.2356 0.5000
8.0585 -3.4205 0.5000
7.8987 -5.7367 0.5000
3.9863 -9.2122 0.5000
4.4850 -5.3023 0.5000
3.5888 -1.2517 0.5000
7.5127 -6.5414 0.5000
7.4474 -2.7784 0.5000
4.1986 -5.2072 0.5000
5.8569 -2.0952 0.5000
4.3950 -1.6985 0.5000
5.4810 -2.3677 0.5000
3.5075 -2.6102 0.5000
5.0887 1.6052 0.5000
5.7659 1.4169 0.5000
8.1193 -3.4870 0.5000
7.5180 -3.2882 0.5000
3.3602 4.3085 0.5000
8.2788 -2.8827 0.5000
8.1538 -3.4300 0.5000
8.1627 -3.4820 0.5000
8.1764 -3.5253 0.5000
7.5247 -3.3577 0.5000
7.0869 -2.8763 0.5000
3.6585 -2.2581 0.5000
7.6627 -6.3830 0.5000
2.7384 -1.0510 0.5000
3.9339 -9.1766 0.5000
4.4141 -5.2772 0.5000
5.6740 -3.1108 0.5000
3.6681 -1.1277 0.5000
7.0398 -2.4959 0.5000
6.0226 -2.1247 0.5000
4.7147 0.6671 0.5000
7.3904 -3.4861 0.5000
6.8846 -2.5293 0.5000
4.0196 4.1763 0.5000
7.4197 -3.4282 0.5000
4.6262 -2.0422 0.5000
4.6293 0.5038 0.5000
4.6820 0.5117 0.5000
7.2512 -3.0672 0.5000
5.8942 -2.6385 0.5000
7.9316 -3.5062 0.5000
3.7539 -9.0941 0.5000
1.7528 -8.3785 0.5000
2.9482 -0.9407 0.5000
2.8182 -0.9271 0.5000
4.8976 0.7688 0.5000
4.9277 0.7546 0.5000
0.6148 6.0278 0.5000
3.4109 4.3116 0.5000
8.1301 -3.5472 0.5000
7.5276 -3.3189 0.5000
4.8937 0.7468 0.5000
7.6464 -3.2226 0.5000
6.6280 -2.9407 0.5000
6.0457 -2.4248 0.5000
3.5053 -2.9768 0.5000
6.8359 0.6391 0.5000
-0.0765 -8.3862 0.5000
5.2031 -0.0144 0.5000
7.9373 -2.5790 0.5000
5.9683 -2.3981 0.5000
7.1775 -7.3163 0.5000
7.2944 -2.9905 0.5000
3.5596 -1.1467 0.5000
3.2555 1.6255 0.5000
5.8561 0.4196 0.5000
5.7586 0.4611 0.5000
7.3516 -2.6484 0.5000
3.5162 -2.6964 0.5000
4.8057 0.6077 0.5000
4.8683 0.6428 0.5000
9.1980 0.9429 0.5000
9.1165 0.5390 0.5000
7.6607 -2.4970 0.5000
4.7506 0.6925 0.5000
7.6111 -2.4959 0.5000
3.5809 -2.7527 0.5000
4.8263 0.5773 0.5000
0.1655 5.5594 0.5000
4.7544 0.4856 0.5000
0.1371 5.2555 0.5000
8.0045 -2.9545 0.5000
7.8924 -5.4440 0.5000
5.1527 -2.4506 0.5000
6.1345 -2.8136 0.5000
4.3109 1.8030 0.5000
5.8576 1.4011 0.5000
6.7333 -2.5278 0.5000
4.8523 0.8138 0.5000
3.5061 4.2503 0.5000
8.1197 -3.5651 0.5000
0.4379 6.3008 0.5000
9.1556 1.2635 0.5000
4.9159 0.3901 0.5000
0.1263 5.1221 0.5000
0.2993 6.5383 0.5000
0.3714 6.4410 0.5000
9.2165 1.2868 0.5000
7.9479 -5.5175 0.5000
8.0870 -2.7706 0.5000
6.0322 -2.7823 0.5000
7.3397 -3.1240 0.5000
5.7739 -3.0007 0.5000
7.8243 -5.4279 0.5000
7.2469 -3.0544 0.5000
5.9971 -2.9571 0.5000
5.0191 -2.4643 0.5000
4.9213 0.6611 0.5000
4.8492 0.7303 0.5000
9.3872 1.8675 0.5000
4.8484 0.6613 0.5000
7.7564 -6.0278 0.5000
3.7220 -9.1281 0.5000
5.4337 -2.5281 0.5000
5.3963 -0.0635 0.5000
4.7183 0.5583 0.5000
4.8303 0.5158 0.5000
6.5466 -2.9457 0.5000
4.1846 -1.6122 0.5000
5.0045 0.5846 0.5000
4.9697 0.5705 0.5000
5.7936 0.4283 0.5000
7.7553 -5.7440 0.5000
4.8512 0.5409 0.5000
5.4780 4.3570 0.5000
7.8342 -3.3015 0.5000
5.9359 -2.8417 0.5000
4.7843 4.1758 0.5000
9.2804 1.3057 0.5000
9.4762 2.4439 0.5000
7.9960 -3.5819 0.5000
4.8365 0.4830 0.5000
0.2939 4.9175 0.5000
0.3498 6.3774 0.5000
7.6291 -6.7886 0.5000
6.5141 -3.3379 0.5000
-0.2536 -8.3099 0.5000
4.8943 0.3336 0.5000
4.9330 0.2723 0.5000
6.7383 -3.0534 0.5000
4.4233 -4.9608 0.5000
3.9239 -2.5184 0.5000
5.4152 -0.0802 0.5000
7.5904 -3.1653 0.5000
3.6662 -9.0998 0.5000
3.7508 -2.4632 0.5000
4.9708 0.5250 0.5000
4.9512 0.4836 0.5000
7.0048 0.8214 0.5000
3.5253 -2.5823 0.5000
3.5578 -1.0833 0.5000
4.9228 0.4437 0.5000
4.9078 0.4779 0.5000
4.6174 4.0048 0.5000
8.0788 -3.6520 0.5000
7.4306 -3.3985 0.5000
7.1364 -3.3437 0.5000
4.7838 0.5253 0.5000
8.7675 -2.1794 0.5000
4.8654 0.4857 0.5000
8.1146 -3.6055 0.5000
8.1403 -3.6758 0.5000
5.7824 1.0002 0.5000
7.6649 -3.1940 0.5000
7.6538 -3.0940 0.5000
7.2126 -2.8140 0.5000
3.5873 -9.0583 0.5000
6.4539 -3.2573 0.5000
7.3394 -3.0726 0.5000
4.9397 0.3095 0.5000
0.3127 5.6828 0.5000
4.2506 4.1043 0.5000
7.0309 1.0297 0.5000
7.0518 1.0369 0.5000
4.8333 0.3864 0.5000
3.7275 -1.7899 0.5000
4.9001 0.5998 0.5000
7.5925 3.8584 0.5000
3.8898 -9.1681 0.5000
2.9352 4.2336 0.5000
4.7999 4.2026 0.5000
7.4586 3.7972 0.5000
4.9979 0.4144 0.5000
5.7353 0.3844 0.5000
4.6968 1.5561 0.5000
3.6940 4.0931 0.5000
7.8116 3.5206 0.5000
9.3912 3.3997 0.5000
8.8431 -0.7893 0.5000
8.7386 -1.3627 0.5000
8.6984 -1.4728 0.5000
4.2610 -4.8267 0.5000
1.3032 -7.8916 0.5000
5.1696 -1.9431 0.5000
4.4741 4.1825 0.5000
3.4648 -9.0033 0.5000
1.5729 -7.9623 0.5000
7.5769 -2.8720 0.5000
7.3142 -2.8615 0.5000
4.9159 0.5443 0.5000
0.2284 5.6624 0.5000
8.8482 -0.9821 0.5000
3.8405 -9.1589 0.5000
1.8424 -8.3073 0.5000
4.9272 1.5439 0.5000
7.8943 -3.2409 0.5000
7.6137 -3.3155 0.5000
4.7701 -6.5099 0.5000
4.1738 -4.8907 0.5000
-0.3204 -0.8590 0.5000
5.7751 0.5129 0.5000
7.7743 -3.5713 0.5000
0.2542 5.3355 0.5000
2.2964 5.1449 0.5000
9.3652 2.8421 0.5000
6.4832 -2.8531 0.5000
9.2552 2.8828 0.5000
7.6337 -3.1028 0.5000
4.0494 -9.2195 0.5000
2.0299 -8.3185 0.5000
-2.1884 -7.3462 0.5000
4.8958 0.4054 0.5000
-0.1881 2.9504 0.5000
4.8920 1.0915 0.5000
6.3318 1.1635 0.5000
6.8582 -2.8995 0.5000
4.9798 0.3977 0.5000
5.6982 0.4335 0.5000
0.8070 5.9922 0.5000
6.7161 3.8083 0.5000
7.5839 -6.3482 0.5000
7.5891 -2.9868 0.5000
4.8953 0.6639 0.5000
2.9865 4.3311 0.5000
3.4865 -2.9175 0.5000
2.1974 4.9931 0.5000
-0.2170 -0.0752 0.5000
6.5546 -3.1314 0.5000
4.5278 -2.2039 0.5000
1.9437 -8.1732 0.5000
5.0008 0.5193 0.5000
5.7421 0.4681 0.5000
3.6641 -2.1481 0.5000
0.1526 5.1556 0.5000
3.4947 -8.9385 0.5000
4.9903 4.4504 0.5000
5.8355 4.3221 0.5000
7.6862 -5.8549 0.5000
4.8714 0.3956 0.5000
4.4163 4.1981 0.5000
1.5053 -8.1638 0.5000
6.3423 -2.4678 0.5000
4.9798 0.3396 0.5000
4.9205 4.4571 0.5000
6.5258 3.9520 0.5000
7.7776 -5.7779 0.5000
1.6661 -8.0939 0.5000
-0.2022 -8.2992 0.5000
8.7420 -1.0440 0.5000
3.6244 -9.0492 0.5000
1.6892 -7.9690 0.5000
2.9611 -0.9342 0.5000
-0.9504 0.4168 0.5000
4.1639 4.1620 0.5000
6.3093 4.1999 0.5000
6.4658 4.1098 0.5000
7.3804 -2.7739 0.5000
6.7262 -2.5721 0.5000
7.3573 -2.8644 0.5000
3.6366 -2.2175 0.5000
4.1558 3.9991 0.5000
4.8899 4.2538 0.5000
7.2314 -2.7964 0.5000
5.2583 4.2843 0.5000
4.8022 -6.5497 0.5000
-0.0826 3.2062 0.5000
5.0230 0.6430 0.5000
2.3349 5.1147 0.5000
7.6797 -5.8499 0.5000
1.5212 -8.0213 0.5000
5.0233 0.3710 0.5000
7.7934 -2.9868 0.5000
7.7935 -3.1522 0.5000
7.7915 -5.8499 0.5000
3.6569 -9.1208 0.5000
5.0248 0.2814 0.5000
5.7855 4.0709 0.5000
6.4699 3.8937 0.5000
8.8482 -0.6803 0.5000
3.7647 -5.9626 0.5000
1.9624 -8.2192 0.5000
3.9320 -2.5867 0.5000
4.1253 -1.6460 0.5000
5.6673 0.3398 0.5000
4.9578 1.1975 0.5000
7.0612 1.0697 0.5000
7.6932 -5.9274 0.5000
7.7157 -5.7880 0.5000
3.5155 -8.9206 0.5000
1.4680 -7.9509 0.5000
-0.1643 0.1227 0.5000
3.9921 1.9036 0.5000
4.4120 4.0585 0.5000
3.5495 -2.4703 0.5000
4.9006 0.6154 0.5000
9.4256 2.8475 0.5000
7.7301 -3.2615 0.5000
6.7887 -2.7553 0.5000
6.1816 -2.6952 0.5000
8.9480 -0.4258 0.5000
6.5015 -3.3593 0.5000
5.7375 -3.2301 0.5000
7.0012 0.7818 0.5000
7.9900 3.5864 0.5000
4.9900 0.2803 0.5000
4.5546 -2.0015 0.5000
9.9013 3.2196 0.5000
9.3658 1.5620 0.5000
-2.7400 -7.7595 0.5000
4.5814 -2.1178 0.5000
4.8524 4.3930 0.5000
7.6488 3.5892 0.5000
9.5148 2.8370 0.5000
9.2474 1.4793 0.5000
9.2606 1.6195 0.5000
4.2965 1.7782 0.5000
3.6019 4.2652 0.5000
5.0226 4.4589 0.5000
9.5987 2.8450 0.5000
7.5216 -6.7911 0.5000
-0.4312 -8.1519 0.5000
9.7647 3.2815 0.5000
7.6033 -6.8076 0.5000
7.5646 -6.6792 0.5000
9.5461 2.8821 0.5000
6.5332 -3.2692 0.5000
5.0463 0.2210 0.5000
5.5848 1.0405 0.5000
4.0214 4.0377 0.5000
5.6255 4.0151 0.5000
8.6822 -1.2959 0.5000
3.6173 -5.8941 0.5000
0.9074 6.2599 0.5000
8.5915 -2.0133 0.5000
3.6577 4.2655 0.5000
9.2503 2.9046 0.5000
9.4548 2.3233 0.5000
7.3548 -7.1665 0.5000
7.3536 -3.1042 0.5000
6.6126 -2.8216 0.5000
4.8094 0.3353 0.5000
9.3340 3.3544 0.5000
9.4365 2.3969 0.5000
4.7436 -6.5071 0.5000
4.1719 1.8148 0.5000
9.3452 1.6565 0.5000
7.8160 -3.3910 0.5000
1.7899 -8.0581 0.5000
9.5770 3.0930 0.5000
9.4353 1.9093 0.5000
6.8377 -2.8488 0.5000
3.4933 -2.7923 0.5000
9.5323 2.0688 0.5000
9.3343 1.7403 0.5000
7.8644 -3.1680 0.5000
6.7349 -3.1058 0.5000
4.8473 4.3301 0.5000
5.6103 4.1602 0.5000
9.3816 1.9816 0.5000
8.8492 -0.9159 0.5000
4.9490 0.1558 0.5000
5.3206 0.3516 0.5000
0.3404 4.5466 0.5000
3.6318 4.0967 0.5000
4.2027 -1.6416 0.5000
5.8006 1.0795 0.5000
7.9495 -3.6271 0.5000
7.6869 -3.1042 0.5000
7.0894 -3.1083 0.5000
9.7162 2.5494 0.5000
9.1300 1.0015 0.5000
7.6824 -3.2553 0.5000
7.1141 -3.1354 0.5000
7.7454 -3.1021 0.5000
7.7395 -3.0848 0.5000
4.9190 0.2241 0.5000
0.1464 5.3218 0.5000
2.0372 4.9818 0.5000
4.9974 0.2075 0.5000
0.0362 2.9646 0.5000
0.4717 5.0460 0.5000
0.6189 6.3006 0.5000
4.7710 -6.4964 0.5000
1.4930 -7.9372 0.5000
5.7894 -2.5735 0.5000
9.5930 2.8971 0.5000
8.1027 -2.8802 0.5000
7.5890 -3.1007 0.5000
9.2791 1.5583 0.5000
3.7888 -9.1239 0.5000
9.5863 3.1477 0.5000
9.3116 1.7552 0.5000
4.2186 3.9373 0.5000
0.2085 5.9085 0.5000
4.6487 3.8960 0.5000
6.9686 0.9504 0.5000
5.7301 0.5129 0.5000
-3.0392 -8.0561 0.5000
0.5646 4.9158 0.5000
0.7508 6.1501 0.5000
3.8022 4.2179 0.5000
7.7511 3.5543 0.5000
7.9891 -4.0174 0.5000
8.0417 -3.8817 0.5000
8.0030 -4.0106 0.5000
7.7567 3.5489 0.5000
8.0502 -3.9610 0.5000
7.6627 3.5716 0.5000
6.3484 -3.1458 0.5000
6.9993 1.0055 0.5000
2.0847 -8.7929 0.5000
3.6619 -2.8237 0.5000
3.5647 -2.8751 0.5000
3.7879 -2.1528 0.5000
-1.1442 -0.7080 0.5000
5.7283 0.4195 0.5000
4.5064 -1.7397 0.5000
5.8027 0.4031 0.5000
3.2779 4.3584 0.5000
8.0702 -2.8133 0.5000
6.8590 -2.3427 0.5000
9.5657 2.6682 0.5000
9.4918 2.5107 0.5000
9.5278 2.6875 0.5000
9.4933 2.4704 0.5000
7.7308 -6.0351 0.5000
7.6867 -6.2144 0.5000
6.3807 -2.6184 0.5000
3.0953 4.1891 0.5000
4.2860 3.9322 0.5000
4.1933 -2.5578 0.5000
0.0973 5.0229 0.5000
3.5910 4.1419 0.5000
3.8441 4.0377 0.5000
7.0789 1.1043 0.5000
5.0442 0.4309 0.5000
5.3977 0.4169 0.5000
0.2400 5.2090 0.5000
3.9193 -9.1301 0.5000
1.8615 -8.2262 0.5000
5.3679 -1.9994 0.5000
4.0268 -9.1919 0.5000
5.4047 -6.1104 0.5000
2.0332 -8.2162 0.5000
9.4460 2.5843 0.5000
2.6014 -1.0667 0.5000
2.2100 4.9201 0.5000
4.7729 4.0804 0.5000
5.7420 0.5508 0.5000
2.6025 -0.8973 0.5000
6.2838 1.3015 0.5000
7.4714 -6.8962 0.5000
6.0931 -3.0351 0.5000
2.4934 -8.8603 0.5000
3.6001 -2.7304 0.5000
0.0459 2.8473 0.5000
5.0302 0.4964 0.5000
6.2265 1.3327 0.5000
7.9124 -3.1472 0.5000
4.4313 -5.2194 0.5000
3.1308 4.3832 0.5000
9.5288 2.6115 0.5000
9.5305 2.5086 0.5000
7.4280 3.7183 0.5000
9.4565 2.5734 0.5000
7.3138 -2.9596 0.5000
3.1234 4.1987 0.5000
7.3169 3.7292 0.5000
9.2336 2.9456 0.5000
9.4736 2.6151 0.5000
9.0211 0.5755 0.5000
7.0413 -2.7605 0.5000
1.5525 -8.1784 0.5000
5.1073 -2.8560 0.5000
1.9249 4.9854 0.5000
5.3846 4.2841 0.5000
5.9249 0.3007 0.5000
1.6184 2.0221 0.5000
4.8932 0.5934 0.5000
8.0193 -3.9387 0.5000
5.8879 -3.0678 0.5000
8.0764 -3.9102 0.5000
8.0209 -4.0654 0.5000
8.0616 -4.0098 0.5000
8.0374 -4.1046 0.5000
3.6373 -2.3932 0.5000
3.3581 4.1445 0.5000
9.0441 0.0542 0.5000
7.7163 -3.1803 0.5000
0.0469 5.0582 0.5000
8.2015 -2.7994 0.5000
7.4886 -2.9838 0.5000
6.6283 -3.1382 0.5000
5.8255 -2.8591 0.5000
-0.8480 -0.3921 0.5000
-0.0119 3.0946 0.5000
8.1326 -3.7782 0.5000
3.6504 0.9123 0.5000
8.9832 0.4661 0.5000
8.1720 -2.9168 0.5000
7.7714 -3.2342 0.5000
2.2411 -8.8059 0.5000
4.1565 -2.0874 0.5000
-0.3841 -1.2657 0.5000
7.7714 -3.1240 0.5000
4.3974 4.1039 0.5000
9.6146 2.8447 0.5000
6.5514 3.9323 0.5000
5.9034 -3.1077 0.5000
9.3526 2.8820 0.5000
9.3592 1.7929 0.5000
3.5023 -3.0050 0.5000
3.7216 -2.2417 0.5000
-1.0362 -0.2988 0.5000
7.8107 3.5723 0.5000
6.0919 -2.8383 0.5000
5.6864 -2.0431 0.5000
3.4083 -3.0265 0.5000
7.5875 -2.9007 0.5000
3.3986 -9.0051 0.5000
6.6696 -2.2807 0.5000
9.6512 3.3557 0.5000
6.8719 -2.7921 0.5000
7.0503 -2.3917 0.5000
9.2357 1.4002 0.5000
3.5557 -9.1171 0.5000
3.5216 -9.0935 0.5000
9.5459 2.4748 0.5000
9.3879 2.2914 0.5000
3.9792 3.9877 0.5000
5.7099 3.9814 0.5000
6.0620 -2.1428 0.5000
9.2021 3.4615 0.5000
7.1607 -3.3356 0.5000
7.2480 3.7741 0.5000
8.1917 -2.8767 0.5000
3.7683 4.0434 0.5000
5.0219 4.3064 0.5000
5.0562 0.5134 0.5000
2.1625 -0.9103 0.5000
-1.3734 -1.2216 0.5000
3.5028 -8.8855 0.5000
3.9203 -6.0141 0.5000
9.2365 1.5244 0.5000
7.4017 -2.9860 0.5000
4.1439 3.9896 0.5000
4.7018 4.0373 0.5000
4.2878 -2.5766 0.5000
3.9402 -1.4163 0.5000
2.9181 -1.1212 0.5000
2.8857 -1.1025 0.5000
-1.1938 -1.1379 0.5000
2.5835 -0.8799 0.5000
8.6837 -1.6352 0.5000
8.6872 -1.5739 0.5000
8.0276 -3.2780 0.5000
4.7229 4.0983 0.5000
7.7040 -2.9804 0.5000
3.7876 -9.1674 0.5000
3.8207 -9.1454 0.5000
0.0481 4.9848 0.5000
4.2774 3.8965 0.5000
4.6685 3.8398 0.5000
-1.3799 -1.9441 0.5000
4.9833 0.1283 0.5000
4.6249 3.8283 0.5000
3.3290 -1.0425 0.5000
-1.4029 -1.3740 0.5000
5.8790 0.3503 0.5000
1.4986 1.7568 0.5000
8.0959 -2.8920 0.5000
3.5296 -9.0046 0.5000
2.2432 -8.6880 0.5000
5.0046 -1.8872 0.5000
0.3783 5.1141 0.5000
5.1237 4.4512 0.5000
8.2365 -2.9888 0.5000
8.2248 -3.0392 0.5000
9.4471 2.0606 0.5000
7.8964 -3.1324 0.5000
-0.8945 0.3752 0.5000
3.9673 -9.1984 0.5000
3.8528 -2.0492 0.5000
3.7762 -1.4868 0.5000
4.8597 4.4772 0.5000
6.2666 -3.1357 0.5000
4.9017 4.3145 0.5000
6.8801 -3.1822 0.5000
6.5263 3.9077 0.5000
9.6992 2.6686 0.5000
7.9338 -3.1603 0.5000
4.3031 3.9152 0.5000
9.1897 2.8982 0.5000
9.5835 2.5944 0.5000
9.4668 2.0900 0.5000
6.9431 0.5372 0.5000
5.9373 4.1348 0.5000
4.1404 -9.1579 0.5000
1.7169 -8.0779 0.5000
3.6382 -2.0956 0.5000
3.7909 -1.4186 0.5000
3.4739 -2.6788 0.5000
3.7363 -1.6535 0.5000
5.7344 4.0536 0.5000
8.1384 -3.7338 0.5000
8.1019 -3.8949 0.5000
4.2017 -9.2550 0.5000
-0.7999 0.7998 0.5000
-0.7430 1.0302 0.5000
3.2301 1.4741 0.5000
1.5328 1.9156 0.5000
5.7427 4.1967 0.5000
9.4960 2.8639 0.5000
-0.3016 -8.1614 0.5000
9.4056 2.8591 0.5000
9.5071 2.9526 0.5000
4.0797 -9.2079 0.5000
3.6985 -2.0822 0.5000
9.4934 2.9628 0.5000
9.7351 3.3743 0.5000
2.7408 -8.9090 0.5000
9.4526 2.9104 0.5000
9.4471 2.4582 0.5000
-1.0443 -0.2012 0.5000
0.0982 2.8421 0.5000
3.5694 4.0996 0.5000
5.2308 4.2932 0.5000
6.6290 3.8841 0.5000
0.1116 2.8088 0.5000
0.0935 5.0834 0.5000
5.7597 3.9358 0.5000
7.7217 3.6570 0.5000
-0.9095 0.6531 0.5000
3.6220 -4.9133 0.5000
4.4347 -1.9865 0.5000
2.6046 -8.8152 0.5000
9.6553 3.2802 0.5000
5.6115 0.3927 0.5000
5.6569 1.1197 0.5000
7.7002 -3.0433 0.5000
3.9006 -6.2300 0.5000
4.7675 -2.3942 0.5000
-1.6234 -2.2059 0.5000
-1.0034 0.3318 0.5000
7.5059 3.6201 0.5000
7.8844 -3.0779 0.5000
6.0920 -2.7681 0.5000
5.0496 0.1928 0.5000
-1.1232 -0.8155 0.5000
-1.1067 -0.1684 0.5000
4.8367 4.4956 0.5000
2.6540 -8.7867 0.5000
3.7470 -1.6409 0.5000
3.3734 -1.0500 0.5000
8.9274 -0.3404 0.5000
4.2139 -9.2201 0.5000
2.8861 -8.8817 0.5000
3.6913 -1.8934 0.5000
2.9378 -8.9369 0.5000
4.2890 -9.2596 0.5000
2.9537 -8.9169 0.5000
2.8860 -8.9413 0.5000
9.4424 1.9841 0.5000
0.1099 2.7745 0.5000
0.0962 4.9718 0.5000
5.5342 0.3507 0.5000
6.9826 -2.6067 0.5000
3.0879 -8.9276 0.5000
0.3701 5.0401 0.5000
8.9996 0.4081 0.5000
8.2828 -2.6276 0.5000
8.3411 -2.9209 0.5000
4.7895 3.8486 0.5000
6.3509 3.8814 0.5000
3.5418 -1.2530 0.5000
-1.2034 -1.4306 0.5000
6.5112 -2.7640 0.5000
9.4067 2.0171 0.5000
7.8226 -3.1855 0.5000
4.3498 -9.2596 0.5000
6.0229 -3.1198 0.5000
3.8656 -1.5961 0.5000
3.4738 4.0778 0.5000
4.0793 3.9715 0.5000
5.6792 0.5238 0.5000
6.5772 1.2520 0.5000
5.2514 1.1885 0.5000
-0.9116 0.6240 0.5000
4.3457 -6.3464 0.5000
3.1054 -8.9574 0.5000
6.4753 -2.6247 0.5000
8.9418 -0.2928 0.5000
8.2020 -2.9142 0.5000
8.2685 -2.9742 0.5000
8.1708 -3.3059 0.5000
4.3356 4.1382 0.5000
5.8568 -2.8052 0.5000
5.8805 -2.8679 0.5000
4.7274 -2.2055 0.5000
3.2291 4.0770 0.5000
5.4094 4.2381 0.5000
7.8493 3.4739 0.5000
5.8203 0.3886 0.5000
5.0636 0.4366 0.5000
-1.1499 -1.1380 0.5000
-0.6497 1.2896 0.5000
-1.3217 -0.9845 0.5000
-1.1787 -0.3808 0.5000
-1.0105 0.2539 0.5000
-0.8515 0.8659 0.5000
2.8250 2.3302 0.5000
9.2991 1.7556 0.5000
9.0494 0.6445 0.5000
8.2485 -2.8285 0.5000
4.7756 4.4877 0.5000
6.4144 3.9345 0.5000
9.5497 2.4219 0.5000
8.9617 0.1642 0.5000
7.7351 3.5501 0.5000
9.0490 0.0057 0.5000
3.8716 4.0486 0.5000
4.6958 4.4208 0.5000
7.5920 3.6711 0.5000
3.6811 -2.5767 0.5000
-0.6488 1.3348 0.5000
-0.5916 1.6769 0.5000
-1.0518 0.0724 0.5000
-0.7500 1.3011 0.5000
9.3888 1.9375 0.5000
9.3986 1.8289 0.5000
1.7676 -8.1340 0.5000
3.7900 -1.3983 0.5000
9.2388 1.5752 0.5000
8.6429 -1.6943 0.5000
7.9902 -3.9355 0.5000
7.9812 -3.9588 0.5000
7.4733 -2.9328 0.5000
9.4378 2.4453 0.5000
8.1900 -3.0323 0.5000
3.5206 -3.0562 0.5000
7.6361 3.6411 0.5000
5.2768 -2.4310 0.5000
4.7623 1.1341 0.5000
5.5107 4.1973 0.5000
7.8560 3.4447 0.5000
4.4672 -6.3901 0.5000
-0.6629 1.7712 0.5000
0.1561 5.2248 0.5000
8.5649 3.4829 0.5000
9.2452 1.6457 0.5000
7.0416 -2.8469 0.5000
0.1200 5.0652 0.5000
9.6926 2.8841 0.5000
8.9822 -0.0059 0.5000
8.9891 -0.1231 0.5000
8.9991 -0.1668 0.5000
3.7994 -2.0469 0.5000
0.0512 4.9214 0.5000
6.6539 -2.7814 0.5000
-1.3651 -2.0278 0.5000
-0.8488 0.5486 0.5000
6.3314 3.7840 0.5000
9.4468 2.1133 0.5000
9.3899 2.0459 0.5000
6.3751 3.8106 0.5000
8.8437 -0.8582 0.5000
4.6371 0.5782 0.5000
4.9840 4.7619 0.5000
7.1585 -3.3588 0.5000
4.9965 4.7429 0.5000
7.7569 3.6446 0.5000
9.5869 2.4783 0.5000
9.0429 0.2371 0.5000
7.7311 3.6477 0.5000
9.6311 2.9222 0.5000
8.0963 -3.1102 0.5000
5.2907 1.0831 0.5000
6.5258 3.7416 0.5000
9.6868 2.8141 0.5000
6.6683 1.2797 0.5000
5.5553 1.4398 0.5000
9.6696 2.9462 0.5000
9.4277 2.3117 0.5000
9.0482 -0.0437 0.5000
9.4817 2.1860 0.5000
1.4961 -8.1887 0.5000
-0.5453 -8.2850 0.5000
3.9619 -2.0576 0.5000
-1.3813 -2.0651 0.5000
7.4696 3.7401 0.5000
9.5797 2.9433 0.5000
5.7518 0.9980 0.5000
4.9519 1.0875 0.5000
6.1692 4.0363 0.5000
7.4490 3.5697 0.5000
9.4214 3.2686 0.5000
9.1798 1.2245 0.5000
8.9385 0.3252 0.5000
8.8388 -0.8219 0.5000
-0.8024 1.1023 0.5000
9.1981 2.9078 0.5000
9.4263 2.5200 0.5000
3.2169 -8.9797 0.5000
8.1054 -3.2140 0.5000
6.0717 -3.1624 0.5000
9.1752 1.3108 0.5000
9.1862 1.1749 0.5000
9.2173 1.0148 0.5000
8.3172 -2.4618 0.5000
3.7223 -9.1551 0.5000
4.8466 0.4321 0.5000
4.7423 1.1991 0.5000
4.7067 4.3499 0.5000
7.9838 3.6761 0.5000
9.1881 1.3558 0.5000
9.1436 1.2355 0.5000
9.0926 0.9658 0.5000
9.2383 0.9349 0.5000
-1.1044 -0.1029 0.5000
-0.8077 1.0890 0.5000
4.2134 1.7654 0.5000
2.8998 2.2655 0.5000
5.9009 3.9557 0.5000
6.7445 3.7603 0.5000
7.4992 3.6477 0.5000
8.1493 -3.2790 0.5000
-1.4201 -1.4270 0.5000
0.1103 5.0348 0.5000
6.6028 3.7934 0.5000
8.3324 -2.8584 0.5000
-0.0328 2.8672 0.5000
9.4740 1.5260 0.5000
8.3511 -2.9231 0.5000
7.0864 -3.0379 0.5000
3.5528 -3.0471 0.5000
5.0568 0.2246 0.5000
-1.3197 -2.1139 0.5000
8.6613 -2.2920 0.5000
8.0269 -3.1671 0.5000
8.9910 0.5239 0.5000
5.0472 -2.8785 0.5000
6.6269 1.2598 0.5000
9.0457 0.7182 0.5000
4.7942 0.6031 0.5000
-1.5525 -2.0928 0.5000
-1.2651 -0.7582 0.5000
-0.9512 0.5140 0.5000
9.3978 2.3020 0.5000
8.7179 -2.0074 0.5000
8.3318 -3.0620 0.5000
4.5168 -2.2669 0.5000
9.4482 2.1856 0.5000
3.7777 -2.3192 0.5000
2.8299 -8.8627 0.5000
4.9721 -3.0185 0.5000
4.2415 -2.7822 0.5000
9.1430 1.1425 0.5000
9.2085 1.0935 0.5000
0.0169 2.8746 0.5000
-0.1082 2.8255 0.5000
9.3396 1.8141 0.5000
8.9006 -1.1590 0.5000
3.6469 -2.6773 0.5000
3.0988 -1.1515 0.5000
9.3984 2.3810 0.5000
8.8055 -1.6976 0.5000
8.0162 -2.5943 0.5000
9.1857 1.4289 0.5000
9.2936 1.8013 0.5000
7.5125 -2.9437 0.5000
5.6177 0.4565 0.5000
5.6051 0.4443 0.5000
3.4330 -3.1037 0.5000
2.9036 2.2036 0.5000
8.8500 -1.3232 0.5000
8.3928 -2.8097 0.5000
8.1834 -3.8236 0.5000
3.1620 -9.0302 0.5000
5.8815 1.1109 0.5000
2.9097 -8.8478 0.5000
3.4937 -2.6429 0.5000
-1.3176 -0.8705 0.5000
9.4670 3.3353 0.5000
9.1065 -0.2285 0.5000
9.0089 -0.7892 0.5000
8.9311 -1.2134 0.5000
8.6597 -2.3010 0.5000
7.3556 -2.9967 0.5000
8.0232 3.5752 0.5000
5.8322 -2.7915 0.5000
4.7121 4.4548 0.5000
-1.4345 -2.1794 0.5000
7.6110 3.5250 0.5000
5.1381 -3.0307 0.5000
4.4236 -2.7476 0.5000
8.8046 -1.5798 0.5000
3.6237 -2.5568 0.5000
8.0715 -3.1506 0.5000
4.6249 -9.3020 0.5000
8.0941 -3.6305 0.5000
7.5704 3.5549 0.5000
8.1555 -3.5828 0.5000
3.2930 -9.0284 0.5000
6.5244 3.7977 0.5000
8.8036 -1.7054 0.5000
8.2802 -2.7406 0.5000
9.3509 3.3419 0.5000
-0.7603 -8.1309 0.5000
8.4143 -2.6088 0.5000
8.3062 -2.8307 0.5000
2.2635 -8.8316 0.5000
8.3638 -2.7177 0.5000
4.3793 -2.3790 0.5000
9.2168 2.9760 0.5000
3.7655 -5.0670 0.5000
8.1789 -3.6550 0.5000
9.3009 2.9333 0.5000
8.8172 -1.5304 0.5000
8.8001 -1.6197 0.5000
4.8416 -6.5640 0.5000
5.8073 1.2935 0.5000
4.3475 -9.3444 0.5000
4.3807 -2.8793 0.5000
7.5106 3.5480 0.5000
8.5388 3.4900 0.5000
6.6940 3.7075 0.5000
7.4569 3.5783 0.5000
9.2972 3.2682 0.5000
8.2234 -3.2438 0.5000
3.4991 -3.1738 0.5000
8.4027 -2.7510 0.5000
8.3560 -2.9802 0.5000
3.5612 -3.1791 0.5000
8.4611 -2.5250 0.5000
5.2716 -2.4973 0.5000
4.5538 -2.2694 0.5000
9.0086 -0.7223 0.5000
5.5317 -2.0499 0.5000
7.8765 3.5421 0.5000
8.7486 3.6444 0.5000
0.4325 4.8748 0.5000
6.3252 3.8247 0.5000
1.7343 -8.1701 0.5000
3.6958 1.3692 0.5000
8.7391 -2.0615 0.5000
3.3366 -9.0044 0.5000
9.5835 2.6460 0.5000
9.1287 1.1580 0.5000
4.7708 -9.2704 0.5000
4.4824 -6.4783 0.5000
0.6216 5.5544 0.5000
7.5442 3.5814 0.5000
3.4468 -2.7946 0.5000
0.5368 5.2236 0.5000
8.0924 -3.7897 0.5000
3.4451 -2.9461 0.5000
8.1591 -3.7105 0.5000
8.1899 -3.1003 0.5000
2.1699 -8.6499 0.5000
4.9323 -2.5369 0.5000
-0.6985 1.1557 0.5000
9.6809 2.9608 0.5000
4.8601 1.2294 0.5000
4.4520 -2.6938 0.5000
9.0190 -0.6677 0.5000
8.7279 -1.9261 0.5000
7.5241 -3.0495 0.5000
7.4241 -6.8271 0.5000
9.0149 0.1869 0.5000
8.7551 -1.7201 0.5000
8.7643 -1.8127 0.5000
8.0429 -3.6796 0.5000
7.4316 -2.9282 0.5000
7.4007 -3.2390 0.5000
-0.6243 2.2309 0.5000
8.2948 -3.0943 0.5000
7.6775 -6.8507 0.5000
6.0972 -9.7391 0.5000
4.4015 -2.6200 0.5000
5.9700 0.0608 0.5000
6.4546 -2.5612 0.5000
7.0908 -3.2227 0.5000
6.4985 -2.8334 0.5000
9.2430 3.1238 0.5000
9.7204 3.1525 0.5000
8.8546 -1.3838 0.5000
8.0754 -3.2170 0.5000
9.4388 2.9665 0.5000
9.0195 0.1447 0.5000
7.7024 -6.0575 0.5000
5.5679 4.0183 0.5000
5.8991 -2.7113 0.5000
9.7593 3.1945 0.5000
9.0056 -0.6223 0.5000
8.4043 -2.5973 0.5000
5.1831 -2.6483 0.5000
6.7275 3.7334 0.5000
9.2401 3.2264 0.5000
9.2971 3.2368 0.5000
9.2248 3.0069 0.5000
1.3800 -8.0132 0.5000
4.5913 1.6896 0.5000
9.2428 3.3381 0.5000
4.1384 1.8019 0.5000
7.9461 3.5326 0.5000
9.2967 3.1608 0.5000
8.9572 -0.9543 0.5000
8.7011 -1.9561 0.5000
8.3325 -3.3347 0.5000
9.0598 -0.4599 0.5000
8.9888 0.2103 0.5000
9.0739 3.3343 0.5000
9.3407 3.2505 0.5000
9.2585 3.0236 0.5000
9.4029 1.1845 0.5000
9.5061 3.1172 0.5000
9.3997 0.9430 0.5000
5.7311 -2.7066 0.5000
4.2802 1.6962 0.5000
9.2679 3.0626 0.5000
8.8671 -1.4105 0.5000
3.1063 -9.0326 0.5000
1.7421 -8.2039 0.5000
3.4923 -4.9952 0.5000
9.0023 -0.8422 0.5000
8.7660 -1.7608 0.5000
9.0457 0.6612 0.5000
9.3050 3.0457 0.5000
9.4349 2.2260 0.5000
9.7295 3.2831 0.5000
0.6443 -7.8626 0.5000
3.5059 -5.0754 0.5000
0.6720 -7.8778 0.5000
7.7029 3.4613 0.5000
9.3500 3.1046 0.5000
8.2241 -3.5118 0.5000
9.2386 3.0861 0.5000
8.9860 -0.0768 0.5000
5.7993 -2.5256 0.5000
5.0644 -2.5603 0.5000
8.4498 -2.5060 0.5000
1.4350 -8.5344 0.5000
4.7946 4.4258 0.5000
7.6826 3.4799 0.5000
8.1148 -3.4387 0.5000
9.0775 0.9060 0.5000
6.8467 -8.8674 0.5000
5.4186 -9.5261 0.5000
4.9108 -2.2586 0.5000
4.4722 1.3185 0.5000
8.6147 3.4288 0.5000
9.2515 3.1404 0.5000
-1.2013 -0.6238 0.5000
9.4558 3.0386 0.5000
5.5756 3.9659 0.5000
-0.6435 1.3944 0.5000
7.7213 -7.2229 0.5000
5.2418 -2.6017 0.5000
8.7878 -1.9651 0.5000
8.9385 0.2938 0.5000
4.6671 -2.4910 0.5000
-0.8699 0.8065 0.5000
2.9940 2.2432 0.5000
9.8109 3.1606 0.5000
9.4367 1.2424 0.5000
9.1039 -0.3135 0.5000
8.3508 -3.0482 0.5000
4.9200 -2.3303 0.5000
4.8210 1.5669 0.5000
4.7912 1.5895 0.5000
6.2310 -9.6145 0.5000
7.5756 3.5076 0.5000
9.2530 2.9858 0.5000
7.1684 -8.1350 0.5000
5.7122 -9.5817 0.5000
5.8977 3.9259 0.5000
6.3559 3.7520 0.5000
6.4899 3.7692 0.5000
6.4442 3.7927 0.5000
9.1327 3.2975 0.5000
5.5351 4.0825 0.5000
5.5904 4.1958 0.5000
5.9059 -9.6242 0.5000
9.5275 3.4170 0.5000
5.6210 4.0653 0.5000
9.0647 -0.5185 0.5000
6.9508 0.6420 0.5000
5.5289 1.4105 0.5000
8.2883 -2.9104 0.5000
7.6739 -3.5637 0.5000
7.4321 -7.1005 0.5000
5.3948 1.4124 0.5000
5.7082 4.0474 0.5000
7.5193 3.7220 0.5000
9.5068 1.6162 0.5000
9.4509 1.3686 0.5000
9.3018 0.7055 0.5000
8.9135 -1.1172 0.5000
8.4050 -2.8287 0.5000
5.3143 -9.4839 0.5000
4.9408 -2.4275 0.5000
5.0926 0.3430 0.5000
8.8779 -1.5312 0.5000
8.1931 -3.3957 0.5000
8.1258 -2.5798 0.5000
7.7499 -3.6794 0.5000
6.8750 -3.3943 0.5000
5.3873 1.4796 0.5000
5.0019 1.4769 0.5000
4.6736 1.6221 0.5000
5.7755 4.0350 0.5000
7.2651 -8.1366 0.5000
4.9380 1.5881 0.5000
4.7322 1.6482 0.5000
8.9017 -1.2649 0.5000
8.7310 -2.1343 0.5000
8.2955 -2.6672 0.5000
6.0170 4.0496 0.5000
7.5545 -6.1556 0.5000
7.2684 3.7105 0.5000
5.3803 -9.5148 0.5000
8.3548 -2.7898 0.5000
7.0224 -9.4168 0.5000
6.9492 -8.8646 0.5000
5.3755 1.3582 0.5000
8.9250 3.5739 0.5000
9.8505 3.3646 0.5000
5.6886 4.0211 0.5000
5.6840 3.9903 0.5000
5.5167 1.1795 0.5000
4.5585 1.6398 0.5000
8.1854 -3.2636 0.5000
9.8062 3.3668 0.5000
9.2525 0.3523 0.5000
8.9575 -1.0923 0.5000
8.7707 -2.0066 0.5000
4.9766 1.4917 0.5000
9.3039 0.6955 0.5000
8.8889 -1.4570 0.5000
4.4863 1.6293 0.5000
6.0611 4.0218 0.5000
6.6148 3.7186 0.5000
2.8463 2.2852 0.5000
-2.6339 -8.4121 0.5000
-2.6762 -8.5432 0.5000
8.9597 -1.0314 0.5000
8.7028 -2.1721 0.5000
8.4328 -2.8978 0.5000
5.0524 0.3516 0.5000
4.1660 1.3510 0.5000
5.5190 1.2844 0.5000
8.2077 -2.8897 0.5000
2.5011 2.4102 0.5000
6.0863 4.0998 0.5000
9.2517 0.5000 0.5000
8.9581 -0.9072 0.5000
8.1890 -3.8644 0.5000
-3.5018 -12.9974 0.5000
8.3789 -3.1790 0.5000
6.8445 -9.7268 0.5000
4.6074 1.6664 0.5000
6.7009 3.8878 0.5000
8.6866 -1.5469 0.5000
4.7000 1.5123 0.5000
7.0961 -3.3795 0.5000
7.3547 -7.3263 0.5000
7.3243 -7.5347 0.5000
7.3623 -7.5501 0.5000
8.6532 -2.2007 0.5000
8.1383 3.5943 0.5000
6.6726 3.8965 0.5000
9.7751 2.6949 0.5000
8.0253 -4.7323 0.5000
0.5064 5.8856 0.5000
5.3426 -9.5302 0.5000
7.2115 4.0093 0.5000
6.4679 -3.3056 0.5000
8.3430 3.7003 0.5000
5.6186 1.2072 0.5000
4.6712 1.5299 0.5000
5.6573 4.1016 0.5000
9.4079 3.5062 0.5000
4.9024 -2.9222 0.5000
0.8874 -3.7560 0.5000
-1.7654 -6.5151 0.5000
-0.7483 0.9634 0.5000
9.5560 1.8453 0.5000
1.1857 -3.8159 0.5000
-2.9477 -9.7806 0.5000
8.8087 -1.8256 0.5000
8.3066 -2.5614 0.5000
4.8873 -2.4317 0.5000
9.7059 3.2273 0.5000
8.1897 -3.1730 0.5000
8.1266 -3.1339 0.5000
3.1595 2.1625 0.5000
3.0216 2.2326 0.5000
2.2194 2.5050 0.5000
0.5138 -3.6530 0.5000
7.2488 3.7133 0.5000
0.6881 -3.7190 0.5000
9.6492 3.4129 0.5000
8.4559 -2.5810 0.5000
7.9976 -5.6585 0.5000
3.0625 1.6520 0.5000
3.1493 2.1666 0.5000
9.1535 -0.1292 0.5000
5.4504 1.5070 0.5000
5.0531 1.5815 0.5000
4.6665 1.2871 0.5000
3.2056 2.1925 0.5000
3.0919 2.1625 0.5000
7.3391 3.6702 0.5000
8.0475 -3.7832 0.5000
7.8133 -5.5623 0.5000
2.3944 -1.2054 0.5000
1.8602 -3.9196 0.5000
0.9727 -3.7708 0.5000
9.2191 0.2160 0.5000
9.0569 -0.5555 0.5000
8.0616 -5.1327 0.5000
2.9960 2.1745 0.5000
8.6138 3.6841 0.5000
8.7508 -1.8891 0.5000
7.0191 -2.3348 0.5000
5.6017 3.9806 0.5000
6.0944 1.2368 0.5000
8.6452 -1.7967 0.5000
5.2637 1.5036 0.5000
3.0135 2.1706 0.5000
2.8520 2.2359 0.5000
0.4764 5.3129 0.5000
6.4130 -9.7807 0.5000
3.1541 1.9000 0.5000
3.6255 0.9542 0.5000
8.8152 -1.4654 0.5000
9.7184 2.9546 0.5000
7.8854 3.3507 0.5000
6.9470 0.9229 0.5000
5.6397 1.3418 0.5000
5.6980 0.0219 0.5000
4.5316 1.5801 0.5000
3.6007 0.9031 0.5000
8.4644 3.5468 0.5000
8.1839 -2.9769 0.5000
2.4959 -1.0358 0.5000
3.0457 4.8511 0.5000
0.3721 -3.4978 0.5000
0.3339 -3.6230 0.5000
2.8418 2.2426 0.5000
2.5797 2.3539 0.5000
9.1096 -0.2678 0.5000
5.3336 1.5767 0.5000
4.8117 1.6199 0.5000
5.8328 -2.2855 0.5000
5.0318 -2.3135 0.5000
5.0493 -2.2957 0.5000
2.7430 2.2632 0.5000
2.3731 -1.3980 0.5000
2.3958 2.4722 0.5000
4.3740 3.9460 0.5000
6.3248 4.0499 0.5000
7.4892 3.6844 0.5000
1.4413 -3.7927 0.5000
-2.9490 -9.3100 0.5000
-0.3152 -3.4636 0.5000
-2.2309 -4.8341 0.5000
3.1526 4.8165 0.5000
-2.0704 -4.8730 0.5000
8.2437 -3.5683 0.5000
7.6910 -7.2442 0.5000
-0.0246 -3.5570 0.5000
9.2813 3.5475 0.5000
3.1324 4.4741 0.5000
4.7819 0.4476 0.5000
7.0906 -7.8030 0.5000
2.6637 1.6977 0.5000
3.2225 4.7989 0.5000
2.1048 -4.0202 0.5000
2.0778 -4.0182 0.5000
1.2385 -3.8460 0.5000
1.6542 1.9020 0.5000
2.0849 -4.0512 0.5000
1.3177 -3.8089 0.5000
2.9735 4.7771 0.5000
2.2333 -4.0206 0.5000
1.5762 2.1070 0.5000
3.0907 4.4853 0.5000
3.0886 4.5108 0.5000
6.3891 4.1566 0.5000
8.2168 3.7718 0.5000
9.4530 1.2664 0.5000
4.4512 1.5096 0.5000
3.7681 1.9075 0.5000
5.9314 -2.0932 0.5000
9.5108 3.2862 0.5000
4.8389 1.1336 0.5000
4.7520 0.5975 0.5000
3.1694 4.7335 0.5000
3.1336 4.5438 0.5000
1.7062 -3.9110 0.5000
2.9257 4.7969 0.5000
-2.1905 -6.4508 0.5000
-2.6433 -7.0873 0.5000
-2.6453 -7.5000 0.5000
-2.5886 -7.1459 0.5000
3.1108 4.5778 0.5000
-1.7630 -6.0493 0.5000
6.7607 4.0585 0.5000
7.6361 -7.5870 0.5000
2.2913 -4.0483 0.5000
3.1282 4.6509 0.5000
3.1343 4.7340 0.5000
8.5339 3.7159 0.5000
9.0525 -0.6557 0.5000
8.4533 -2.7041 0.5000
3.1565 2.1475 0.5000
2.9027 2.1686 0.5000
4.8370 3.8468 0.5000
7.8016 -5.2603 0.5000
4.3651 -2.1134 0.5000
2.3614 -1.2894 0.5000
2.1144 2.5739 0.5000
3.0801 4.7815 0.5000
7.2350 3.6961 0.5000
2.4369 -1.3667 0.5000
-2.5022 -6.0144 0.5000
-2.4114 -5.7318 0.5000
0.1513 5.1465 0.5000
0.4511 4.1859 0.5000
-0.1740 -3.5153 0.5000
-2.3439 -5.7219 0.5000
-2.2278 -5.4046 0.5000
3.1692 4.7853 0.5000
1.6664 -3.8160 0.5000
-2.2839 -5.9815 0.5000
-2.3843 -6.1501 0.5000
8.4199 -2.6993 0.5000
3.0609 4.4416 0.5000
3.1664 4.5691 0.5000
4.8815 1.1639 0.5000
0.5316 5.9148 0.5000
2.9979 4.7450 0.5000
8.6603 3.4754 0.5000
7.5304 -7.1027 0.5000
2.3747 -1.3189 0.5000
8.0032 -5.1677 0.5000
7.5985 -7.1708 0.5000
1.7132 1.8902 0.5000
0.2786 5.8883 0.5000
0.6521 5.6207 0.5000
2.1210 4.9931 0.5000
0.5805 5.2045 0.5000
3.7285 1.8998 0.5000
3.1597 4.6291 0.5000
5.2406 1.1463 0.5000
2.7418 4.8458 0.5000
3.1754 4.6665 0.5000
0.2432 5.6267 0.5000
0.4712 5.8636 0.5000
0.4858 5.9214 0.5000
5.8851 3.8796 0.5000
3.0325 4.3610 0.5000
2.4829 4.8970 0.5000
9.7266 3.4244 0.5000
0.6975 5.8336 0.5000
3.1091 4.6157 0.5000
2.7611 2.1612 0.5000
0.5938 5.0556 0.5000
4.5771 3.8957 0.5000
1.6562 -3.9218 0.5000
-2.7158 -7.0692 0.5000
1.5150 2.2018 0.5000
-1.5107 -2.6251 0.5000
-1.3517 -1.1063 0.5000
0.5319 5.1532 0.5000
0.4578 5.5619 0.5000
1.7475 -3.9819 0.5000
1.6925 -3.9532 0.5000
0.0271 -3.5512 0.5000
1.7975 -4.0043 0.5000
1.7897 -3.9732 0.5000
0.0643 -3.5504 0.5000
-2.1820 -6.4323 0.5000
6.5893 3.6894 0.5000
0.6563 5.3658 0.5000
9.5508 1.8969 0.5000
5.0064 -2.7444 0.5000
1.8808 -3.9607 0.5000
7.9714 -5.3652 0.5000
0.5492 5.0653 0.5000
0.6011 5.0873 0.5000
2.0098 6.2649 0.5000
5.8912 -2.7934 0.5000
1.6138 -3.9307 0.5000
0.7811 -3.7021 0.5000
0.5207 5.1358 0.5000
0.6048 5.2036 0.5000
3.0957 4.5774 0.5000
8.3588 3.7207 0.5000
3.1388 2.2164 0.5000
5.4959 -2.9797 0.5000
2.1230 1.9360 0.5000
2.2573 -1.0439 0.5000
2.2844 2.5247 0.5000
7.1193 3.8440 0.5000
2.4245 -4.1982 0.5000
-1.3006 -1.9847 0.5000
-1.2190 -0.4798 0.5000
3.1194 4.7830 0.5000
-0.9873 -3.3061 0.5000
8.4720 -2.4727 0.5000
8.2153 -3.7566 0.5000
2.5171 -1.6051 0.5000
2.4897 -1.7252 0.5000
7.8781 -6.3528 0.5000
2.6119 -1.1499 0.5000
2.6555 -5.2078 0.5000
2.9323 2.2604 0.5000
6.7489 -2.2542 0.5000
2.1398 -1.0735 0.5000
1.4988 1.6892 0.5000
3.0415 4.7429 0.5000
2.3990 -1.6315 0.5000
0.9946 -3.8087 0.5000
-0.6126 -1.0800 0.5000
-0.5990 -1.0328 0.5000
-1.5213 -3.1826 0.5000
2.0919 5.2733 0.5000
3.2523 4.7641 0.5000
3.2417 4.7189 0.5000
-1.5487 -3.4167 0.5000
2.5217 -1.5507 0.5000
-1.2529 -3.2525 0.5000
2.6224 -1.2529 0.5000
2.5919 -1.3615 0.5000
2.5707 -6.0660 0.5000
1.4653 -6.7686 0.5000
9.5305 1.5272 0.5000
9.1002 -0.3988 0.5000
6.9592 -2.2646 0.5000
2.0125 2.5523 0.5000
2.3861 -1.5628 0.5000
0.8731 -9.9793 0.5000
2.1965 5.7338 0.5000
-1.0720 -2.4700 0.5000
-1.2038 -3.2583 0.5000
-0.6487 1.4278 0.5000
2.2371 6.0499 0.5000
2.2434 5.9901 0.5000
2.1949 5.7552 0.5000
3.9542 -1.2295 0.5000
2.6229 -5.2384 0.5000
8.9236 3.6027 0.5000
1.5506 2.2056 0.5000
2.8620 2.1530 0.5000
2.1095 5.4122 0.5000
2.3968 -1.4633 0.5000
0.7211 -12.2209 0.5000
1.0744 -3.8591 0.5000
2.2089 5.8102 0.5000
2.2479 5.9406 0.5000
0.2941 -3.6081 0.5000
-1.4108 -1.3435 0.5000
-1.3004 -3.2580 0.5000
-0.8486 0.5753 0.5000
8.2040 -4.7137 0.5000
2.4637 -1.7938 0.5000
2.6771 -4.0583 0.5000
-0.6990 1.2474 0.5000
4.3782 1.2683 0.5000
2.4464 -4.1251 0.5000
2.4152 -4.3573 0.5000
0.5543 -3.6804 0.5000
-1.5906 -1.9411 0.5000
-0.7058 1.5308 0.5000
0.2235 5.1679 0.5000
0.6146 5.2708 0.5000
0.6792 5.5462 0.5000
0.5792 5.6558 0.5000
0.7377 5.7582 0.5000
0.3815 5.3347 0.5000
2.0422 5.1727 0.5000
0.5907 5.1406 0.5000
0.5680 5.3367 0.5000
0.6276 5.7262 0.5000
0.7000 5.9754 0.5000
2.6159 -1.1521 0.5000
2.5083 -1.4763 0.5000
2.3037 -6.1088 0.5000
-0.6824 1.1392 0.5000
-0.4908 2.0541 0.5000
2.2919 -1.8423 0.5000
2.3299 -1.7281 0.5000
-0.3555 -1.3515 0.5000
-0.6792 -3.2377 0.5000
-0.6778 -3.2650 0.5000
-0.2879 0.0050 0.5000
-0.8562 0.9268 0.5000
0.5533 4.7302 0.5000
0.4235 5.1355 0.5000
0.5647 5.1559 0.5000
0.4240 5.4331 0.5000
0.3386 5.0896 0.5000
9.6055 2.0457 0.5000
2.5343 -5.9441 0.5000
2.1689 -5.9872 0.5000
-1.3663 -1.1647 0.5000
3.2641 4.7296 0.5000
0.8038 6.0017 0.5000
0.8965 6.4425 0.5000
2.0804 5.5333 0.5000
3.3098 4.7949 0.5000
-1.0261 -3.3119 0.5000
0.7926 6.0423 0.5000
7.2928 -8.6467 0.5000
2.5975 -1.2678 0.5000
4.5714 1.7410 0.5000
3.0185 1.6874 0.5000
2.0832 5.3010 0.5000
1.5143 2.1713 0.5000
1.1963 -6.5941 0.5000
-0.5827 -3.4075 0.5000
0.8733 6.1760 0.5000
0.8292 6.2840 0.5000
2.5250 -4.1881 0.5000
2.4917 -4.3380 0.5000
0.5536 6.2486 0.5000
2.0770 6.1740 0.5000
0.4273 6.4873 0.5000
7.3443 -7.0578 0.5000
0.5454 6.1722 0.5000
2.1701 6.0282 0.5000
2.1159 5.8958 0.5000
0.3683 5.5782 0.5000
0.6232 5.3992 0.5000
0.4274 5.8091 0.5000
0.6467 5.8395 0.5000
0.8353 6.1461 0.5000
-0.6383 -1.1126 0.5000
-1.6649 -2.9959 0.5000
0.3660 6.2866 0.5000
2.1134 5.5513 0.5000
2.1346 5.6834 0.5000
0.7455 5.8416 0.5000
0.7760 6.0568 0.5000
0.8416 6.1521 0.5000
0.7409 6.4803 0.5000
2.1008 5.5158 0.5000
0.2282 5.0705 0.5000
0.2245 5.0465 0.5000
-0.7522 1.4092 0.5000
0.1091 4.9956 0.5000
0.5575 6.1654 0.5000
0.5558 5.0376 0.5000
0.3484 5.2899 0.5000
0.4980 5.4377 0.5000
0.4581 5.6161 0.5000
0.5674 5.8250 0.5000
0.8047 6.2205 0.5000
-0.6400 -3.1539 0.5000
0.6408 5.9969 0.5000
0.8653 6.3438 0.5000
6.8401 0.5070 0.5000
2.0125 1.9152 0.5000
2.4884 -4.0847 0.5000
0.1514 5.0869 0.5000
2.3083 -5.2342 0.5000
0.4798 6.4164 0.5000
0.8903 6.3763 0.5000
0.6373 5.3119 0.5000
0.7419 5.7209 0.5000
0.9018 6.4165 0.5000
2.0398 2.5409 0.5000
-0.8491 -1.3702 0.5000
-1.2041 -0.5895 0.5000
-0.8070 1.1663 0.5000
0.1992 5.0227 0.5000
-1.2091 -2.2163 0.5000
-1.0601 0.1776 0.5000
-1.0666 0.1311 0.5000
0.5909 6.1495 0.5000
0.7715 6.2780 0.5000
1.4868 6.4499 0.5000
2.1468 5.8380 0.5000
0.5246 5.0486 0.5000
0.4842 5.1546 0.5000
0.6272 5.4604 0.5000
0.8671 6.2027 0.5000
0.6513 6.1515 0.5000
0.7649 6.1343 0.5000
2.0726 5.6671 0.5000
0.4518 5.1375 0.5000
-0.7038 1.6225 0.5000
-1.1394 -0.0901 0.5000
-0.7634 1.3882 0.5000
1.8224 6.4252 0.5000
1.5646 1.9095 0.5000
2.0271 6.1943 0.5000
0.7060 5.9441 0.5000
0.4645 5.3746 0.5000
0.4411 5.6256 0.5000
0.5351 5.7895 0.5000
0.1930 4.9829 0.5000
0.4489 5.5431 0.5000
-2.7478 -9.4062 0.5000
-1.5457 -12.1649 0.5000
0.8299 6.4435 0.5000
0.2975 5.1370 0.5000
0.5977 5.2595 0.5000
0.6051 5.4136 0.5000
0.4128 5.5723 0.5000
0.4646 5.8076 0.5000
0.5247 5.9521 0.5000
-0.6293 -3.4097 0.5000
4.8996 1.2660 0.5000
2.1342 5.9269 0.5000
3.2528 4.8066 0.5000
3.0950 4.6375 0.5000
0.6210 5.5266 0.5000
-0.8424 -0.4490 0.5000
-0.9542 0.4734 0.5000
0.6310 6.1460 0.5000
0.7618 6.4481 0.5000
-0.4927 -0.8938 0.5000
0.7779 5.9810 0.5000
2.1565 6.0584 0.5000
0.5376 5.3449 0.5000
0.9490 -3.7976 0.5000
-1.3484 -1.9105 0.5000
2.0895 5.6280 0.5000
0.6474 5.6866 0.5000
-1.3056 -2.0062 0.5000
-0.5514 -1.0629 0.5000
0.3743 5.4186 0.5000
0.5142 5.5299 0.5000
0.5745 5.7758 0.5000
6.8461 0.5525 0.5000
5.2215 1.0413 0.5000
3.6241 1.3972 0.5000
2.8173 1.9908 0.5000
2.9348 1.7669 0.5000
7.0401 -3.4521 0.5000
6.8987 -8.8630 0.5000
9.4607 1.3256 0.5000
4.9810 0.6469 0.5000
8.1062 -4.8342 0.5000
7.7040 -6.7809 0.5000
-1.0738 -1.2523 0.5000
0.4443 5.2639 0.5000
3.2535 2.2197 0.5000
2.8031 1.9351 0.5000
0.2516 5.0556 0.5000
5.2661 -2.8686 0.5000
0.2774 5.2437 0.5000
0.8514 6.0208 0.5000
6.0893 1.1651 0.5000
5.2974 1.0227 0.5000
3.1359 2.1421 0.5000
2.7017 2.2444 0.5000
8.1816 -3.0717 0.5000
7.0910 -3.4498 0.5000
7.5659 -6.7250 0.5000
0.2297 5.1241 0.5000
0.5258 5.3851 0.5000
0.6608 5.4772 0.5000
0.4162 5.7790 0.5000
0.5502 5.9370 0.5000
0.8168 5.9317 0.5000
9.6315 3.1616 0.5000
0.2298 4.9586 0.5000
0.3876 5.2573 0.5000
0.4285 5.4812 0.5000
0.6807 5.6630 0.5000
0.8273 6.3993 0.5000
0.8233 6.3381 0.5000
0.6579 5.4177 0.5000
0.7184 5.6244 0.5000
-1.2524 -0.6697 0.5000
0.4174 4.9287 0.5000
8.4141 -2.4784 0.5000
9.3059 3.2412 0.5000
0.5525 4.6972 0.5000
-1.1597 -2.3108 0.5000
-1.2582 -0.7182 0.5000
0.5840 6.3012 0.5000
0.6619 6.0921 0.5000
9.4024 1.0478 0.5000
-0.5489 1.8751 0.5000
0.6576 5.5632 0.5000
3.0759 2.2276 0.5000
0.4216 5.3349 0.5000
0.4673 5.5387 0.5000
5.0385 -2.3775 0.5000
-1.2131 -2.1897 0.5000
8.1109 -4.7262 0.5000
0.8234 -9.5084 0.5000
0.6718 6.2425 0.5000
0.4693 5.0643 0.5000
0.5893 5.7241 0.5000
0.5711 5.5477 0.5000
0.6549 5.7041 0.5000
9.4150 3.0816 0.5000
2.0215 5.4947 0.5000
1.4767 6.5064 0.5000
3.3527 2.2162 0.5000
0.6149 5.1884 0.5000
6.4782 -2.6956 0.5000
5.0462 -2.2305 0.5000
4.6990 0.6397 0.5000
1.2609 6.5526 0.5000
2.2512 6.2153 0.5000
8.5668 3.6797 0.5000
0.3780 5.1847 0.5000
0.5111 5.2899 0.5000
0.4859 5.7101 0.5000
0.5080 5.6637 0.5000
0.4875 5.2604 0.5000
6.7209 3.6289 0.5000
6.6963 3.6324 0.5000
3.3249 2.1376 0.5000
8.0105 -3.8410 0.5000
4.8108 0.8115 0.5000
3.1152 2.0019 0.5000
2.4528 2.4568 0.5000
4.6967 0.6795 0.5000
4.6258 0.7532 0.5000
4.4853 0.8608 0.5000
4.6461 0.7470 0.5000
-0.7914 0.1038 0.5000
4.7700 0.7010 0.5000
0.6439 6.1522 0.5000
7.8640 -5.2266 0.5000
4.4478 0.6316 0.5000
4.3993 0.6480 0.5000
7.9417 -5.1022 0.5000
9.7449 3.0041 0.5000
1.7777 6.2882 0.5000
2.0451 5.5418 0.5000
0.3981 5.0673 0.5000
0.5343 5.4845 0.5000
0.8560 6.1136 0.5000
1.7826 -6.1076 0.5000
0.7685 -3.7591 0.5000
-1.1048 -0.0196 0.5000
-1.1028 -2.3121 0.5000
8.0292 -4.7553 0.5000
4.5669 0.6163 0.5000
0.3660 6.3848 0.5000
0.3758 5.6379 0.5000
0.6991 5.7663 0.5000
9.1999 2.8244 0.5000
0.4498 -12.1418 0.5000
2.6085 2.3690 0.5000
0.4009 5.6839 0.5000
0.5343 6.1001 0.5000
9.3934 3.2807 0.5000
-1.7575 -3.5864 0.5000
0.4516 5.9771 0.5000
8.2583 3.7538 0.5000
4.5171 1.7096 0.5000
0.4960 5.2435 0.5000
0.5864 5.4301 0.5000
2.5542 4.8875 0.5000
-0.3826 -11.9359 0.5000
4.3996 0.5782 0.5000
3.2746 2.1479 0.5000
-0.5713 -0.8969 0.5000
7.5280 3.6913 0.5000
4.3187 0.5345 0.5000
4.2559 0.5377 0.5000
4.3784 0.5442 0.5000
0.6348 6.0945 0.5000
2.1708 6.1010 0.5000
-1.2023 -2.2927 0.5000
4.3482 0.4657 0.5000
4.2684 0.4827 0.5000
3.0301 4.4330 0.5000
5.8702 0.3097 0.5000
0.5399 5.6214 0.5000
1.0440 -12.2369 0.5000
0.5652 5.9967 0.5000
-0.1422 -11.9591 0.5000
4.7276 0.7106 0.5000
4.6977 0.7275 0.5000
3.1112 4.8583 0.5000
8.8631 3.6652 0.5000
3.3255 2.2145 0.5000
0.5399 6.0083 0.5000
5.2497 1.4288 0.5000
0.3005 3.5449 0.5000
9.6430 2.9524 0.5000
7.1222 -3.5497 0.5000
9.3799 3.5321 0.5000
7.6111 -6.5356 0.5000
7.6766 -6.6217 0.5000
7.6446 -6.7245 0.5000
4.6953 -1.8499 0.5000
2.1810 1.9447 0.5000
0.4504 4.2300 0.5000
0.6047 5.7808 0.5000
4.3097 0.3149 0.5000
2.3818 -4.3947 0.5000
2.6196 -6.2925 0.5000
1.3526 -3.8916 0.5000
0.7236 6.2246 0.5000
4.3986 0.3000 0.5000
7.9357 -5.7873 0.5000
0.5344 5.8063 0.5000
5.5182 0.9764 0.5000
5.7144 -0.0023 0.5000
3.2313 2.1418 0.5000
2.5110 -3.9333 0.5000
1.6866 -6.0589 0.5000
-0.5124 -1.7359 0.5000
2.2888 -1.8548 0.5000
2.8207 4.7978 0.5000
8.0669 -4.9934 0.5000
0.7836 6.3889 0.5000
0.5561 -3.5943 0.5000
9.4884 3.1814 0.5000
2.3780 1.8811 0.5000
2.5558 -1.5289 0.5000
6.4422 -2.7674 0.5000
2.3657 -1.4422 0.5000
2.3813 -1.5131 0.5000
0.7940 -12.2306 0.5000
2.5626 -1.3201 0.5000
7.9421 -6.0235 0.5000
2.5746 -1.2160 0.5000
2.5708 -6.1716 0.5000
2.3418 -1.7905 0.5000
1.9266 -6.1035 0.5000
-1.1670 -0.3396 0.5000
7.9922 -4.7617 0.5000
4.6152 0.6335 0.5000
4.4508 0.7392 0.5000
2.2203 -6.1585 0.5000
9.3456 3.1045 0.5000
6.4375 -2.7342 0.5000
7.0473 -3.4334 0.5000
7.6339 -6.3065 0.5000
2.2474 -6.0405 0.5000
7.0806 -3.4673 0.5000
8.1523 -3.7934 0.5000
6.3972 3.7242 0.5000
0.3574 3.7278 0.5000
6.6143 3.6577 0.5000
5.1780 1.0380 0.5000
4.3106 0.3855 0.5000
5.7628 -2.4544 0.5000
9.8086 3.4310 0.5000
0.4024 5.1821 0.5000
7.9092 -5.0779 0.5000
2.9140 2.0633 0.5000
9.7959 3.4508 0.5000
4.7152 3.8385 0.5000
4.5864 0.7110 0.5000
7.2568 3.6725 0.5000
2.6699 2.3163 0.5000
0.7945 6.3471 0.5000
3.0564 4.6740 0.5000
0.4928 5.4995 0.5000
3.3547 0.6134 0.5000
1.9736 5.2713 0.5000
3.4233 0.6674 0.5000
4.3938 -2.0790 0.5000
3.4929 0.6381 0.5000
6.1982 1.3404 0.5000
0.2892 5.2775 0.5000
0.3990 5.5150 0.5000
6.8129 3.8845 0.5000
9.3512 3.0343 0.5000
2.8980 4.7406 0.5000
8.2500 -4.3508 0.5000
7.8827 -5.9894 0.5000
6.7707 -2.2313 0.5000
2.2656 5.9609 0.5000
7.8422 -5.9389 0.5000
8.8632 3.6214 0.5000
2.1108 5.3167 0.5000
0.5092 6.0945 0.5000
7.9256 -4.8915 0.5000
7.5978 -6.4804 0.5000
8.0463 -4.8050 0.5000
7.9892 -4.9221 0.5000
3.0419 4.4602 0.5000
8.0860 -4.7716 0.5000
8.0073 3.8310 0.5000
7.9710 3.6270 0.5000
8.0752 -4.8318 0.5000
6.7020 4.1076 0.5000
7.9911 3.8009 0.5000
0.5005 6.2581 0.5000
-1.1927 -2.2552 0.5000
8.1018 -3.0416 0.5000
8.0761 -4.7287 0.5000
2.1206 5.9646 0.5000
7.6782 3.4394 0.5000
7.5630 3.4026 0.5000
6.8948 0.4742 0.5000
4.4440 0.6862 0.5000
7.8278 -5.6856 0.5000
8.0796 -3.8717 0.5000
7.9260 -5.6181 0.5000
-1.7234 -12.1295 0.5000
7.6358 -2.8395 0.5000
7.5873 -6.6073 0.5000
-0.4662 -11.8897 0.5000
-1.5149 -3.2512 0.5000
-0.5634 -11.9093 0.5000
8.0626 -4.4114 0.5000
7.8038 -6.0578 0.5000
7.7639 -6.2188 0.5000
7.2791 -3.4155 0.5000
-0.2313 -11.9056 0.5000
0.2940 6.0557 0.5000
2.0911 5.7464 0.5000
0.5675 5.3942 0.5000
2.7807 4.7946 0.5000
7.8895 3.6174 0.5000
-1.6999 -12.2049 0.5000
-0.7460 0.1566 0.5000
7.9605 -5.5229 0.5000
4.0252 -1.4772 0.5000
-0.7551 0.0652 0.5000
7.2462 -3.3299 0.5000
7.8195 -6.0391 0.5000
2.1664 2.5564 0.5000
8.1093 3.5441 0.5000
0.0970 -12.0745 0.5000
4.5849 0.7585 0.5000
0.4683 5.6506 0.5000
5.9069 3.8303 0.5000
3.9383 1.3482 0.5000
3.4209 0.6187 0.5000
0.2246 -3.6103 0.5000
6.4138 -2.5984 0.5000
8.1164 -4.4558 0.5000
9.1021 3.5590 0.5000
0.4042 5.3985 0.5000
0.5978 5.6381 0.5000
-1.3053 -0.9150 0.5000
8.0785 -3.7387 0.5000
8.1856 -3.6434 0.5000
3.2359 2.2034 0.5000
-0.8175 -1.2417 0.5000
9.3067 3.1940 0.5000
4.3594 -1.9844 0.5000
-1.3856 -12.3332 0.5000
7.9561 -5.0241 0.5000
-0.7943 -12.3712 0.5000
3.7137 1.9876 0.5000
5.9220 3.8523 0.5000
9.2167 3.1773 0.5000
5.3654 1.0487 0.5000
5.4602 1.0122 0.5000
-1.1177 -2.4330 0.5000
0.4274 -12.1888 0.5000
4.7003 0.6334 0.5000
-0.7312 -12.3557 0.5000
0.7340 6.2874 0.5000
9.4748 3.2053 0.5000
-0.3566 -0.8874 0.5000
7.1225 -3.4259 0.5000
0.0043 -12.0003 0.5000
0.4430 5.2262 0.5000
9.5768 2.7746 0.5000
-1.6192 -2.9481 0.5000
8.0189 -4.9547 0.5000
1.2257 -12.2664 0.5000
-0.9744 -12.3153 0.5000
6.8974 4.0559 0.5000
-0.1712 -0.9464 0.5000
-0.9631 -2.5748 0.5000
7.6922 -6.1743 0.5000
8.2241 -3.1070 0.5000
8.1160 -4.6459 0.5000
7.7435 -6.2333 0.5000
-0.1640 -11.9889 0.5000
1.4091 -6.6383 0.5000
9.2861 3.5579 0.5000
-0.9460 -2.5362 0.5000
4.4422 0.7216 0.5000
-1.0722 -12.2991 0.5000
0.5357 -12.1049 0.5000
-0.1476 -1.0297 0.5000
0.9341 -6.6295 0.5000
6.4765 -2.7510 0.5000
7.7975 -6.1303 0.5000
6.8114 4.0530 0.5000
1.0948 -9.5276 0.5000
-1.1406 -2.3626 0.5000
7.6931 -6.0853 0.5000
8.1436 -4.3295 0.5000
7.7931 -5.9582 0.5000
7.8016 -6.1270 0.5000
1.5098 -6.4340 0.5000
0.4969 -9.4850 0.5000
-1.1530 -0.2874 0.5000
7.4616 -2.8542 0.5000
1.0277 -12.8626 0.5000
7.9943 -4.9503 0.5000
4.7789 -2.5169 0.5000
1.0890 -12.2836 0.5000
-1.1718 -12.2899 0.5000
-1.0515 -2.4200 0.5000
-1.4547 -1.6057 0.5000
7.9619 -4.8127 0.5000
-0.5317 -11.9023 0.5000
8.2112 -3.3004 0.5000
-0.5615 -12.3741 0.5000
9.5828 3.1862 0.5000
0.4945 -3.6606 0.5000
-0.1284 -11.9271 0.5000
2.2065 1.9053 0.5000
1.2766 -3.6042 0.5000
0.5807 -12.1612 0.5000
-1.0632 -3.3125 0.5000
-1.1439 -12.2761 0.5000
8.1133 -3.8066 0.5000
0.8764 -6.6057 0.5000
6.1278 -2.4678 0.5000
7.7221 -6.1073 0.5000
9.5239 3.4535 0.5000
-0.7995 -12.3492 0.5000
4.6502 0.7880 0.5000
5.8963 3.8396 0.5000
-0.9631 0.5720 0.5000
6.6374 4.1080 0.5000
-0.8839 0.3442 0.5000
8.5488 -2.0847 0.5000
-0.4126 -11.8345 0.5000
7.7154 -6.4578 0.5000
-0.1337 -1.8522 0.5000
-0.6547 0.0411 0.5000
9.4849 3.2936 0.5000
4.9271 -2.1857 0.5000
1.3226 -3.6763 0.5000
8.1710 -4.2899 0.5000
7.8689 -5.9459 0.5000
6.7917 -2.6661 0.5000
0.7206 -3.7125 0.5000
8.0843 -3.8084 0.5000
0.5774 -12.1167 0.5000
7.7054 -3.3225 0.5000
7.9819 -5.4674 0.5000
-0.0692 -11.9199 0.5000
5.9148 0.3695 0.5000
1.2951 -3.7110 0.5000
8.2288 3.5991 0.5000
-1.5094 -3.2055 0.5000
3.4756 0.5800 0.5000
1.0183 -12.7906 0.5000
9.5510 3.2408 0.5000
8.1751 -4.3198 0.5000
0.6437 -3.7139 0.5000
1.5010 1.6709 0.5000
5.2474 1.4679 0.5000
1.0471 -12.7483 0.5000
1.3003 -12.8257 0.5000
2.7044 -3.9015 0.5000
0.8774 -12.3408 0.5000
-0.1175 -1.9232 0.5000
2.2944 -5.9875 0.5000
1.2369 -6.6921 0.5000
-0.5753 0.1003 0.5000
1.1095 -12.2331 0.5000
-0.1944 -1.7914 0.5000
7.5293 3.9022 0.5000
1.8944 6.2498 0.5000
0.8682 -6.4990 0.5000
9.3661 3.2176 0.5000
2.5634 -6.2031 0.5000
-1.4111 -3.2607 0.5000
-0.0982 -1.8694 0.5000
1.7239 -6.0558 0.5000
-1.6328 -3.1758 0.5000
2.9120 -6.2806 0.5000
2.5369 -6.2377 0.5000
4.6992 1.1935 0.5000
1.5187 1.8316 0.5000
2.4373 -4.0943 0.5000
1.5096 1.8554 0.5000
-1.2652 -2.1556 0.5000
2.7125 -3.8834 0.5000
1.5591 1.9840 0.5000
0.3533 5.6600 0.5000
9.5384 3.2402 0.5000
1.2452 -6.4409 0.5000
-1.5046 -1.7450 0.5000
0.5069 5.4437 0.5000
0.6963 6.3259 0.5000
0.9924 -9.9391 0.5000
1.0196 -6.6382 0.5000
0.5361 -12.1756 0.5000
-0.1480 -0.9674 0.5000
0.4064 -9.4816 0.5000
-1.2547 -2.0571 0.5000
9.0089 3.5595 0.5000
9.6955 2.7781 0.5000
1.1025 -6.4560 0.5000
3.0576 4.7384 0.5000
2.8599 -3.7323 0.5000
9.8176 3.4738 0.5000
5.3250 0.4283 0.5000
0.5341 5.5932 0.5000
2.0983 5.7931 0.5000
2.2323 5.7995 0.5000
7.1781 3.8473 0.5000
9.6720 2.2459 0.5000
2.0411 5.5974 0.5000
2.2354 2.4497 0.5000
0.6757 6.3905 0.5000
-0.2140 -0.9411 0.5000
3.7194 1.9075 0.5000
3.9379 1.4648 0.5000
2.0487 5.6632 0.5000
5.2472 1.0808 0.5000
2.7544 2.3170 0.5000
6.2374 4.0399 0.5000
1.5136 1.9858 0.5000
8.4005 3.7147 0.5000
1.5652 2.0226 0.5000
1.5233 2.0133 0.5000
3.7047 1.7584 0.5000
3.6790 1.7581 0.5000
3.4377 0.5829 0.5000
1.5305 2.0672 0.5000
2.6757 1.7039 0.5000
1.5947 2.0508 0.5000
-0.2422 -0.9829 0.5000
-0.1902 -0.9766 0.5000
5.6495 -3.2736 0.5000
2.0980 2.4988 0.5000
-1.4460 -2.4550 0.5000
7.4478 3.6938 0.5000
8.0936 -4.5509 0.5000
7.5572 -2.4846 0.5000
8.1623 -4.4882 0.5000
9.4512 3.5170 0.5000
-0.3581 -1.1987 0.5000
7.4831 3.9072 0.5000
7.0269 4.0321 0.5000
4.4203 -1.6981 0.5000
2.0767 6.2531 0.5000
2.1423 6.0089 0.5000
0.3143 6.7858 0.5000
4.5495 3.8922 0.5000
3.5273 0.6211 0.5000
8.8144 3.6431 0.5000
0.2125 6.7794 0.5000
7.3205 3.9715 0.5000
0.8856 6.6089 0.5000
7.7349 3.4146 0.5000
6.0558 4.2729 0.5000
6.2929 4.2096 0.5000
4.4250 1.3503 0.5000
2.3842 2.3917 0.5000
-0.4705 -1.1941 0.5000
-0.8511 -2.5554 0.5000
8.8448 3.4448 0.5000
0.2209 6.7416 0.5000
0.3129 6.7474 0.5000
2.0949 5.8482 0.5000
5.6447 4.1064 0.5000
2.9909 2.0945 0.5000
-1.9015 -12.1662 0.5000
-0.0484 -11.9702 0.5000
6.5684 4.1345 0.5000
3.7287 1.8451 0.5000
1.2867 -3.6868 0.5000
7.3508 3.6765 0.5000
-0.7515 -3.3781 0.5000
1.2175 -9.6262 0.5000
3.0522 2.1137 0.5000
2.5415 -5.2629 0.5000
8.0531 -4.1029 0.5000
0.0852 -11.9828 0.5000
2.6090 -4.1946 0.5000
-0.4407 -11.9402 0.5000
-0.2019 -0.8457 0.5000
5.7761 4.3303 0.5000
7.1678 4.0051 0.5000
9.5120 3.5164 0.5000
9.6367 3.4965 0.5000
8.2624 -2.5812 0.5000
5.9893 -2.0722 0.5000
6.5685 4.1605 0.5000
2.9379 2.1294 0.5000
-0.1920 -1.0217 0.5000
-0.1563 -1.0850 0.5000
-0.2855 -0.9407 0.5000
6.1103 4.0125 0.5000
0.0670 6.8261 0.5000
7.3901 3.9778 0.5000
0.5707 6.7064 0.5000
2.1110 5.2852 0.5000
3.1782 4.5224 0.5000
8.4541 3.4985 0.5000
-0.1388 3.6122 0.5000
8.2522 -3.3343 0.5000
4.4540 0.7562 0.5000
7.8771 3.8526 0.5000
3.1528 4.4375 0.5000
2.9729 4.4063 0.5000
6.9747 4.0598 0.5000
7.0866 4.0553 0.5000
8.7642 3.6760 0.5000
4.9452 1.6207 0.5000
-0.0105 6.7544 0.5000
0.0493 6.7712 0.5000
6.1000 4.2507 0.5000
-0.0174 6.7168 0.5000
8.8933 3.3942 0.5000
0.0414 6.8236 0.5000
6.1903 4.2211 0.5000
7.5852 3.9012 0.5000
9.7073 2.4364 0.5000
0.1479 6.7795 0.5000
7.0630 4.0052 0.5000
8.7251 3.6704 0.5000
-0.0864 6.7601 0.5000
0.0962 6.7697 0.5000
2.1536 5.4942 0.5000
3.0494 4.5472 0.5000
-0.1082 -1.0928 0.5000
6.4423 4.1840 0.5000
7.9155 3.8057 0.5000
5.2289 1.2176 0.5000
2.0498 5.7057 0.5000
2.5632 2.3498 0.5000
3.5879 0.5151 0.5000
1.2143 -12.8735 0.5000
2.7001 -3.8038 0.5000
-0.8731 -0.3405 0.5000
-0.1194 4.0623 0.5000
3.2299 4.6789 0.5000
-0.1424 6.7390 0.5000
4.4747 0.1976 0.5000
2.5639 -4.1050 0.5000
6.2312 4.2113 0.5000
4.7065 0.7523 0.5000
4.5134 0.7782 0.5000
2.7014 -4.0125 0.5000
2.4160 -5.3626 0.5000
-0.1206 4.0076 0.5000
7.1623 4.0685 0.5000
8.9368 3.6716 0.5000
8.9688 3.6630 0.5000
9.6203 2.7417 0.5000
3.2174 4.6023 0.5000
2.7550 1.5906 0.5000
-1.0500 -0.7596 0.5000
-0.7619 -1.3943 0.5000
-0.0903 6.8260 0.5000
2.1108 6.2586 0.5000
-0.1789 3.9237 0.5000
6.7514 4.1132 0.5000
6.6683 4.1021 0.5000
8.1812 3.7828 0.5000
-0.2647 3.5436 0.5000
-0.1595 3.9977 0.5000
1.9374 5.1875 0.5000
3.1602 4.4745 0.5000
7.4141 3.6451 0.5000
2.6850 -3.8569 0.5000
7.1010 4.0329 0.5000
-0.1082 4.1550 0.5000
-0.1223 6.8298 0.5000
2.9088 -2.9879 0.5000
1.6156 -12.9719 0.5000
6.9397 3.7864 0.5000
1.3733 -12.8922 0.5000
2.6230 -6.2134 0.5000
1.4058 -12.8732 0.5000
-0.1750 6.7248 0.5000
0.0510 -9.3600 0.5000
-0.5321 0.1010 0.5000
-0.8104 0.0999 0.5000
-0.5446 0.0469 0.5000
2.8380 1.8061 0.5000
2.5193 -4.1148 0.5000
2.2171 -5.4027 0.5000
1.3650 -6.2499 0.5000
-0.3360 -0.0365 0.5000
2.6393 -4.0110 0.5000
0.3150 3.4856 0.5000
2.8659 -2.7729 0.5000
2.9770 -6.3709 0.5000
1.3934 -12.9160 0.5000
-0.1106 6.7864 0.5000
2.9239 -3.7742 0.5000
0.8761 6.0622 0.5000
-0.0268 6.8074 0.5000
0.1466 6.7433 0.5000
2.1302 1.8409 0.5000
2.8566 -2.9687 0.5000
-0.5630 0.0449 0.5000
-0.8079 -0.5949 0.5000
7.4618 -2.4309 0.5000
-0.6924 -0.0585 0.5000
8.1462 3.7896 0.5000
6.2750 -9.4477 0.5000
-2.3189 -5.9687 0.5000
-0.2550 -1.6701 0.5000
-2.1649 -4.6209 0.5000
5.9872 -10.1002 0.5000
2.9658 -6.3237 0.5000
3.0092 -6.3536 0.5000
-2.0856 -4.7469 0.5000
-2.1035 -5.0791 0.5000
0.6818 6.2856 0.5000
-2.1566 -4.6878 0.5000
3.6142 1.7459 0.5000
-0.8958 -0.5733 0.5000
-0.8030 -0.5052 0.5000
8.4814 3.7152 0.5000
0.1380 6.8175 0.5000
0.3353 6.4976 0.5000
0.7523 5.7745 0.5000
5.1202 4.1157 0.5000
5.0749 4.0768 0.5000
-1.2953 -1.6432 0.5000
7.8144 3.8674 0.5000
9.3256 3.5432 0.5000
2.6996 2.1448 0.5000
-0.8239 -0.4620 0.5000
-0.8564 -0.5075 0.5000
2.8190 -6.3124 0.5000
-3.4286 -13.0531 0.5000
9.8751 2.9988 0.5000
2.5439 -4.2351 0.5000
2.9617 -6.2702 0.5000
2.3417 -6.1887 0.5000
1.2287 -3.8793 0.5000
3.0694 -6.3198 0.5000
1.0005 -3.6989 0.5000
-4.0351 -12.9286 0.5000
3.5576 0.5956 0.5000
3.3333 1.9027 0.5000
4.8301 1.4467 0.5000
2.9532 -2.8121 0.5000
2.5304 -4.3367 0.5000
6.6485 -8.6384 0.5000
6.5515 -8.8793 0.5000
2.6113 -4.2357 0.5000
3.1614 -6.3029 0.5000
8.5401 -2.1758 0.5000
2.9417 -2.8001 0.5000
0.2631 3.2175 0.5000
6.3513 -8.9634 0.5000
2.6489 -3.7429 0.5000
1.4565 -5.9455 0.5000
0.7610 -3.6494 0.5000
6.7063 -8.3807 0.5000
3.6694 0.4671 0.5000
7.0515 3.8493 0.5000
2.6737 -3.7413 0.5000
1.9536 6.3084 0.5000
4.7345 1.5908 0.5000
-0.2635 -0.0359 0.5000
1.5547 1.5905 0.5000
2.8512 2.1366 0.5000
3.1875 1.8407 0.5000
-0.5492 1.8484 0.5000
-0.4485 2.2711 0.5000
0.3596 6.8351 0.5000
8.7989 3.4342 0.5000
1.4243 -3.6571 0.5000
2.6049 2.0048 0.5000
4.4632 1.7111 0.5000
4.0550 1.3368 0.5000
3.6337 0.5153 0.5000
-0.1874 3.3493 0.5000
7.0880 -4.6828 0.5000
1.3257 -3.5695 0.5000
-1.2544 -1.5728 0.5000
7.1345 -4.6555 0.5000
7.2052 -4.4366 0.5000
-0.3532 -1.3461 0.5000
-0.2555 3.5674 0.5000
-0.2183 3.8140 0.5000
-0.1882 6.7649 0.5000
6.9457 4.0660 0.5000
6.9720 1.0885 0.5000
1.9725 1.9011 0.5000
-0.1919 3.2948 0.5000
6.0613 3.9813 0.5000
-0.4308 -1.2742 0.5000
-0.5954 1.5531 0.5000
-0.4855 2.0306 0.5000
-0.2901 2.8388 0.5000
9.6510 2.1580 0.5000
3.0911 -2.2631 0.5000
3.0729 -2.3020 0.5000
3.1241 -2.3479 0.5000
3.1250 -2.2846 0.5000
1.3591 -3.5860 0.5000
3.0959 -2.2363 0.5000
-0.3568 -1.2078 0.5000
-0.2076 3.8651 0.5000
-0.1802 -1.2425 0.5000
-0.3352 2.6619 0.5000
0.2306 6.8506 0.5000
-0.5932 1.6468 0.5000
6.7175 1.0861 0.5000
3.0650 -2.1165 0.5000
1.1869 -3.6806 0.5000
-1.2019 -4.6099 0.5000
-1.2370 -4.4787 0.5000
9.7800 2.5918 0.5000
3.1068 -2.3986 0.5000
3.0386 -2.5822 0.5000
-1.2293 -5.2601 0.5000
-2.5124 -6.1229 0.5000
3.0951 -2.3912 0.5000
3.0511 -2.6166 0.5000
-0.9866 -4.8253 0.5000
3.0499 -2.6476 0.5000
-1.1707 -2.4415 0.5000
3.0485 -2.0890 0.5000
-1.0032 -2.4589 0.5000
-1.1978 -1.4245 0.5000
-0.2807 -1.2688 0.5000
-0.3075 3.4748 0.5000
2.4356 -1.9562 0.5000
-0.1352 3.5046 0.5000
-0.2119 6.8134 0.5000
0.1805 6.8804 0.5000
9.8513 2.8973 0.5000
3.1085 -2.2187 0.5000
3.0997 -2.1764 0.5000
3.0988 -2.4176 0.5000
3.0404 -2.6847 0.5000
-0.3600 -1.9009 0.5000
4.5470 0.1608 0.5000
2.9194 -2.8794 0.5000
3.1109 -2.1709 0.5000
3.1084 -2.1110 0.5000
2.9551 -2.8502 0.5000
1.2963 -3.8507 0.5000
2.9332 -2.0114 0.5000
3.0799 -2.5243 0.5000
2.8994 -2.7211 0.5000
-0.3365 -2.0386 0.5000
-0.3922 3.1557 0.5000
0.8214 6.6045 0.5000
9.7227 3.1440 0.5000
-0.1987 -1.1545 0.5000
2.4652 -1.9577 0.5000
3.0576 -2.7915 0.5000
-0.4879 -1.8995 0.5000
-0.4047 -1.9283 0.5000
-0.8354 0.3266 0.5000
3.0697 -2.4885 0.5000
3.0304 -2.7197 0.5000
1.3346 -3.9002 0.5000
1.5442 -3.7996 0.5000
1.3465 -3.8500 0.5000
-0.6324 2.0034 0.5000
0.3417 6.5686 0.5000
4.3877 0.6565 0.5000
3.0728 -2.5766 0.5000
-0.4251 -2.0104 0.5000
-0.5145 2.5240 0.5000
-0.5031 2.6193 0.5000
-0.2783 3.7101 0.5000
-0.2013 3.9691 0.5000
0.1727 6.8138 0.5000
1.4472 2.2152 0.5000
1.9857 2.5543 0.5000
2.7340 -1.9635 0.5000
-0.1112 -1.3366 0.5000
-0.1601 -1.3332 0.5000
-0.1327 -1.1075 0.5000
2.6294 -1.9915 0.5000
1.0722 -3.6662 0.5000
3.0515 -2.6529 0.5000
-0.5281 -1.9522 0.5000
2.9081 4.3946 0.5000
3.0716 -2.0622 0.5000
3.0357 -2.0483 0.5000
-0.2834 -2.0113 0.5000
-0.1783 -1.2756 0.5000
1.4398 2.1967 0.5000
-0.0834 -1.2698 0.5000
-0.1394 -1.2549 0.5000
-0.5413 -1.9452 0.5000
3.6062 0.6028 0.5000
-2.3209 -5.6812 0.5000
2.9161 -2.0664 0.5000
2.5081 -4.4051 0.5000
2.4878 -5.1997 0.5000
2.2854 -5.9349 0.5000
-1.0680 -4.7295 0.5000
2.9886 -2.0787 0.5000
3.0112 -2.8000 0.5000
1.3350 -6.5963 0.5000
-0.3660 0.0058 0.5000
2.5150 -5.1893 0.5000
-0.9161 -4.0184 0.5000
-0.3464 -0.1097 0.5000
2.8800 -2.0043 0.5000
2.8120 -1.9873 0.5000
2.9253 -2.7188 0.5000
-0.3085 3.5240 0.5000
3.1032 -2.4146 0.5000
-0.2461 -1.9122 0.5000
-0.1275 -1.2366 0.5000
-0.2288 -0.8737 0.5000
-0.5982 1.5400 0.5000
-0.2432 3.0742 0.5000
9.8537 2.7398 0.5000
1.3078 -6.4263 0.5000
-3.1171 -8.8013 0.5000
-1.1606 -4.6746 0.5000
-1.2126 -4.5543 0.5000
-2.3253 -5.2018 0.5000
-0.2984 2.8913 0.5000
-1.3731 -5.6053 0.5000
-2.5468 -6.2796 0.5000
-1.3481 -5.6010 0.5000
-2.4978 -6.2376 0.5000
-1.1619 -4.5914 0.5000
9.7121 3.0572 0.5000
1.2836 -3.5576 0.5000
-0.5498 -2.0020 0.5000
-0.4566 2.7153 0.5000
2.9784 -2.0339 0.5000
-0.2473 -0.7796 0.5000
4.7582 1.1976 0.5000
2.6878 -2.0126 0.5000
2.9244 -2.7925 0.5000
-0.1891 -0.8930 0.5000
-0.8035 0.3824 0.5000
3.0893 -2.8181 0.5000
-1.2531 -4.4931 0.5000
3.0238 -2.7616 0.5000
1.4263 -6.0928 0.5000
1.4473 -6.1273 0.5000
2.4920 -1.9230 0.5000
2.3458 -5.9051 0.5000
0.5450 -3.4782 0.5000
-0.4592 -1.9319 0.5000
0.4285 6.6048 0.5000
2.9569 -2.9185 0.5000
-0.2658 -0.7841 0.5000
2.9492 -2.9353 0.5000
4.9594 -4.6349 0.5000
1.3502 -3.9187 0.5000
-1.4486 -5.6353 0.5000
-0.9696 -4.6296 0.5000
0.5154 -3.4491 0.5000
-2.3809 -5.6240 0.5000
5.0270 -4.5492 0.5000
-0.1681 6.8443 0.5000
-0.2912 -0.8413 0.5000
-0.2789 -0.8805 0.5000
2.8455 1.7992 0.5000
3.6118 0.5996 0.5000
2.8017 -2.0320 0.5000
2.7363 -2.0295 0.5000
2.8453 -3.0149 0.5000
2.8519 -3.0009 0.5000
0.2727 6.8152 0.5000
3.1037 -2.4524 0.5000
0.1341 -3.4897 0.5000
-0.1795 4.0223 0.5000
1.8866 5.1161 0.5000
2.9817 -2.7926 0.5000
6.0703 -4.7846 0.5000
6.0967 -4.7216 0.5000
7.4028 3.9686 0.5000
0.6041 4.7309 0.5000
2.5135 -1.9662 0.5000
-0.9609 -2.0529 0.5000
-0.1435 0.0117 0.5000
2.9481 -3.1083 0.5000
6.0519 -4.8187 0.5000
2.9848 -3.0582 0.5000
2.9691 -3.0430 0.5000
-0.1511 4.0532 0.5000
3.5320 4.3552 0.5000
2.6726 -1.9607 0.5000
2.6043 -1.9375 0.5000
-0.3289 -2.0516 0.5000
-0.5806 2.2711 0.5000
-0.3200 3.5778 0.5000
4.0026 1.3427 0.5000
2.5881 -1.9779 0.5000
-1.0371 -2.2231 0.5000
-0.9458 -4.6842 0.5000
6.0277 -4.8478 0.5000
-1.3138 -2.3888 0.5000
-0.6509 1.8633 0.5000
2.6531 -1.9486 0.5000
0.0144 4.1541 0.5000
-3.1139 -8.7572 0.5000
-1.3598 -5.5964 0.5000
0.5061 6.7609 0.5000
1.3866 -6.2791 0.5000
1.2374 -6.7550 0.5000
-2.4638 -6.1896 0.5000
-2.2690 -5.5071 0.5000
-0.7034 1.5834 0.5000
-0.3613 -2.0711 0.5000
-2.3725 -5.7094 0.5000
-0.9537 -3.9843 0.5000
-1.9444 -3.9209 0.5000
6.0759 1.1393 0.5000
2.8926 -2.0543 0.5000
1.2248 -9.4885 0.5000
-3.0903 -8.9168 0.5000
-2.8004 -7.6931 0.5000
-2.4605 -6.0161 0.5000
-1.9965 -4.0931 0.5000
-1.9722 -3.9366 0.5000
3.7341 4.3888 0.5000
4.5364 4.1096 0.5000
6.9514 -6.2633 0.5000
6.7234 -7.2836 0.5000
-1.7184 -6.5814 0.5000
-2.3246 -5.5190 0.5000
6.0259 -4.8503 0.5000
6.9204 -6.3938 0.5000
6.7655 -7.2864 0.5000
1.5186 -5.9492 0.5000
-2.5671 -6.6606 0.5000
-2.2551 -5.4288 0.5000
-1.7843 -3.7975 0.5000
6.9714 -6.3918 0.5000
-2.8805 -8.4846 0.5000
-2.6653 -7.3522 0.5000
-1.1314 -4.7426 0.5000
-2.3620 -5.8180 0.5000
-1.9048 -4.0657 0.5000
1.4773 2.2022 0.5000
3.1230 1.3386 0.5000
-1.3282 -5.5747 0.5000
-2.3676 -6.0556 0.5000
-1.9495 -4.1919 0.5000
-0.8423 -2.5153 0.5000
-3.2005 -9.2681 0.5000
-1.3848 -5.4980 0.5000
-2.0343 -4.2343 0.5000
5.4528 1.3892 0.5000
3.0470 -2.1165 0.5000
6.9678 -5.6292 0.5000
6.9291 -5.6241 0.5000
2.5902 -3.9618 0.5000
-2.8536 -7.8534 0.5000
-2.4147 -5.6748 0.5000
-2.2580 -5.0857 0.5000
-2.0460 -4.2986 0.5000
0.2065 2.9584 0.5000
6.8846 -6.5348 0.5000
-2.8099 -7.7652 0.5000
-1.9803 -4.2490 0.5000
-2.7033 -7.4895 0.5000
-2.4171 -5.9845 0.5000
-1.9952 -4.1273 0.5000
3.9179 -4.3824 0.5000
6.0120 -10.3155 0.5000
6.0147 -10.3683 0.5000
-2.5826 -6.7940 0.5000
-2.3161 -5.4909 0.5000
-1.9276 -4.1259 0.5000
1.5965 -3.6831 0.5000
-0.9859 -4.7765 0.5000
-1.9408 -3.9602 0.5000
-1.0541 -4.5862 0.5000
-1.0204 -3.9528 0.5000
-0.6200 -2.5991 0.5000
-0.6662 -2.2130 0.5000
5.5228 -11.7268 0.5000
-2.3631 -5.6764 0.5000
6.8871 -6.4560 0.5000
6.6854 -7.4415 0.5000
0.6462 4.9750 0.5000
3.2070 1.7660 0.5000
2.8478 -2.9660 0.5000
6.9483 -6.4594 0.5000
6.1418 1.3065 0.5000
7.0426 -5.5261 0.5000
7.0396 -6.2532 0.5000
6.9630 -6.4522 0.5000
6.7500 -7.4515 0.5000
-2.3649 -6.0040 0.5000
7.0783 -6.1936 0.5000
6.8689 -7.1924 0.5000
5.8777 -11.2309 0.5000
-2.4281 -6.2081 0.5000
1.3739 -3.7157 0.5000
-0.7496 -2.6158 0.5000
-0.8924 -2.5070 0.5000
-0.1280 -1.1589 0.5000
-0.0870 -1.1979 0.5000
-3.0747 -8.8212 0.5000
-1.1493 -1.2167 0.5000
2.9447 1.8680 0.5000
4.5919 1.4045 0.5000
6.6335 -7.6489 0.5000
-3.1999 -9.3772 0.5000
5.0222 -4.6041 0.5000
6.8914 -6.5724 0.5000
6.6513 -7.5958 0.5000
5.9234 -10.6457 0.5000
7.0146 -5.6667 0.5000
3.8948 -4.3926 0.5000
2.5521 -4.0319 0.5000
5.9691 -10.7497 0.5000
-1.6578 -6.5910 0.5000
-1.6482 -6.5669 0.5000
1.4854 2.1883 0.5000
2.5668 -1.9435 0.5000
2.4429 -6.1254 0.5000
1.4359 -5.9311 0.5000
-1.3334 -5.2926 0.5000
-2.4523 -5.8868 0.5000
-0.8429 -2.1836 0.5000
3.8442 -4.4201 0.5000
5.7237 -10.9757 0.5000
-1.2920 -2.3255 0.5000
-2.0148 -4.3610 0.5000
-0.3082 -1.3268 0.5000
6.8187 -7.2667 0.5000
-3.0097 -9.4641 0.5000
-2.5499 -7.0607 0.5000
-2.2705 -5.5532 0.5000
-2.2952 -5.6512 0.5000
-0.2145 -1.3889 0.5000
-1.0989 -5.3700 0.5000
-0.0996 -1.3529 0.5000
6.8417 -6.6560 0.5000
6.5875 -7.7401 0.5000
-3.0605 -8.6014 0.5000
-2.6140 -6.5889 0.5000
-2.3137 -5.2630 0.5000
-2.0454 -4.3207 0.5000
6.5817 -7.8274 0.5000
-2.3564 -5.4271 0.5000
-2.0514 -4.3675 0.5000
4.6333 0.2588 0.5000
-2.0317 -4.4076 0.5000
2.7987 1.8389 0.5000
6.6967 -7.6876 0.5000
-2.5864 -6.9835 0.5000
5.9910 -10.9539 0.5000
-1.1460 -5.3252 0.5000
-2.3451 -5.9395 0.5000
-1.8929 -4.0574 0.5000
-0.2202 -1.4513 0.5000
-0.2456 -1.4426 0.5000
5.6586 -11.4834 0.5000
5.6293 -11.6830 0.5000
-2.4166 -5.8037 0.5000
-0.1371 -1.4346 0.5000
-2.4616 -6.1251 0.5000
1.3609 -6.8069 0.5000
-2.7212 -8.3644 0.5000
-2.4474 -6.4066 0.5000
-2.4247 -6.5111 0.5000
-1.9383 -4.3394 0.5000
-0.1258 -1.4000 0.5000
3.0532 -2.0345 0.5000
5.9801 -11.2933 0.5000
-0.9460 -4.8316 0.5000
-2.2436 -5.7161 0.5000
-1.0522 -5.2816 0.5000
-3.0167 -8.4795 0.5000
-1.1188 -4.6711 0.5000
3.7496 1.3251 0.5000
6.2906 1.1788 0.5000
6.8261 -6.7941 0.5000
-2.6700 -6.8498 0.5000
-2.6585 -6.7804 0.5000
6.8624 -6.6525 0.5000
6.9410 -6.6442 0.5000
6.7422 -7.6853 0.5000
-2.5649 -6.9351 0.5000
2.7056 -3.7424 0.5000
5.7717 -11.6650 0.5000
-3.0746 -9.8810 0.5000
-3.0899 -10.0223 0.5000
-2.5807 -7.2625 0.5000
-1.8985 -3.9842 0.5000
-1.8803 -4.0023 0.5000
-0.1803 -1.3920 0.5000
2.4813 -6.1409 0.5000
-0.0943 -1.2409 0.5000
4.9819 -4.6514 0.5000
6.6803 -7.5384 0.5000
5.6838 -11.3999 0.5000
-1.2601 -5.1836 0.5000
-2.7437 -7.2987 0.5000
-2.4178 -5.7788 0.5000
-2.7632 -7.5563 0.5000
-2.4930 -5.9817 0.5000
-1.9783 -4.0087 0.5000
-0.7068 -0.4213 0.5000
-2.3691 -5.9481 0.5000
-2.6696 -7.7754 0.5000
-2.3990 -6.1329 0.5000
2.8862 -2.9160 0.5000
7.0360 -6.3649 0.5000
-2.7967 -8.5400 0.5000
-2.2500 -5.3235 0.5000
6.4934 -8.0536 0.5000
-3.0134 -8.3857 0.5000
-2.2553 -5.1605 0.5000
3.6853 0.5530 0.5000
-2.6138 -6.6068 0.5000
-2.6068 -6.5276 0.5000
-2.2525 -5.2516 0.5000
-2.5280 -6.5591 0.5000
-2.5289 -6.5169 0.5000
-2.2283 -5.2019 0.5000
-1.9944 -4.2885 0.5000
6.9463 -6.7375 0.5000
6.6988 -7.7615 0.5000
2.5916 -4.2439 0.5000
3.1271 -6.3210 0.5000
-1.6477 -6.6135 0.5000
-2.9263 -8.8520 0.5000
-2.5389 -6.7045 0.5000
-1.0342 -4.7224 0.5000
-1.9991 -4.4293 0.5000
3.1149 -2.7599 0.5000
5.9698 -11.1412 0.5000
-1.1782 -5.2335 0.5000
6.5316 -7.9886 0.5000
-2.9646 -8.3123 0.5000
-2.5757 -6.4018 0.5000
-2.5818 -6.5238 0.5000
-0.8665 -0.3930 0.5000
2.5454 -6.1781 0.5000
-2.8673 -8.7163 0.5000
-2.5300 -6.6197 0.5000
-2.4981 -6.6990 0.5000
6.6787 -8.0530 0.5000
-0.9962 -1.3932 0.5000
4.8008 1.1812 0.5000
7.0564 -5.1071 0.5000
5.6031 -11.5518 0.5000
-3.3574 -9.9816 0.5000
-3.3206 -9.9049 0.5000
-2.7063 -7.2358 0.5000
-2.6336 -7.2975 0.5000
-2.6458 -7.2086 0.5000
-2.3708 -5.7817 0.5000
7.1186 -4.7733 0.5000
3.9465 -4.3395 0.5000
-3.2449 -10.6433 0.5000
-1.1484 -5.3755 0.5000
-0.3643 -1.9677 0.5000
5.6939 -7.0814 0.5000
6.8002 -6.9093 0.5000
-2.9596 -8.2853 0.5000
-1.1098 -1.3876 0.5000
-2.5021 -6.4161 0.5000
3.0450 -6.2942 0.5000
-2.8015 -8.3211 0.5000
-2.4920 -6.4327 0.5000
2.6666 -6.2146 0.5000
-3.5616 -12.9409 0.5000
-2.8884 -8.8760 0.5000
3.1049 -2.0902 0.5000
3.5604 0.4893 0.5000
6.6227 -7.6591 0.5000
5.5628 -11.8583 0.5000
-3.1459 -9.1899 0.5000
-0.1919 -0.8014 0.5000
-2.6836 -7.0791 0.5000
-2.6611 -6.9527 0.5000
-2.6411 -7.0460 0.5000
2.7114 -6.2120 0.5000
-3.0596 -9.6421 0.5000
-3.0885 -9.7036 0.5000
-0.9207 -0.3152 0.5000
6.9636 -6.6586 0.5000
3.9506 -4.3283 0.5000
6.7544 -7.7525 0.5000
6.8086 -6.8288 0.5000
6.6966 -7.6470 0.5000
6.5719 -7.8726 0.5000
-3.0241 -8.5835 0.5000
-3.0480 -8.6308 0.5000
1.6319 1.8208 0.5000
7.0635 -4.8078 0.5000
-2.6085 -6.7188 0.5000
-2.3338 -5.3513 0.5000
-2.5693 -6.6089 0.5000
-2.5309 -6.6685 0.5000
-2.2745 -5.3205 0.5000
-1.9868 -4.3091 0.5000
7.1299 -4.7460 0.5000
6.9534 -6.5901 0.5000
2.6338 -6.1985 0.5000
-3.4875 -12.9514 0.5000
-2.9332 -9.0070 0.5000
-2.9140 -9.0635 0.5000
-2.5254 -6.8224 0.5000
-2.2918 -5.4981 0.5000
-1.9964 -4.4734 0.5000
-1.8494 -4.3378 0.5000
6.9485 -6.7998 0.5000
6.7124 -7.9460 0.5000
4.1091 -4.3064 0.5000
3.7390 1.2944 0.5000
6.9735 -5.3028 0.5000
-3.7050 -12.8448 0.5000
-3.1410 -9.1359 0.5000
-0.3214 -0.7303 0.5000
-2.6804 -7.0309 0.5000
-2.6649 -6.9214 0.5000
-2.6297 -6.9891 0.5000
-2.3270 -5.4187 0.5000
-2.5951 -6.8806 0.5000
-3.0696 -9.6656 0.5000
7.1720 -4.6186 0.5000
3.9688 -4.2971 0.5000
6.7776 -7.7000 0.5000
2.4066 -6.0188 0.5000
6.4837 -8.2091 0.5000
2.4495 -5.1997 0.5000
-2.7385 -9.3611 0.5000
-1.3398 -5.4608 0.5000
-2.5070 -6.0590 0.5000
-0.9898 -0.3192 0.5000
-2.5095 -6.1791 0.5000
-2.4358 -6.0219 0.5000
-2.4153 -6.1288 0.5000
-2.4241 -6.0660 0.5000
6.6828 -7.9918 0.5000
-2.7566 -8.1220 0.5000
-2.7542 -8.2086 0.5000
-2.4443 -6.3186 0.5000
3.0743 -2.7287 0.5000
5.9057 -11.4798 0.5000
4.0698 -4.2999 0.5000
3.3051 1.5424 0.5000
3.5268 0.5290 0.5000
5.8811 1.0797 0.5000
-3.1660 -9.2567 0.5000
-2.6303 -6.9348 0.5000
-3.0287 -9.3077 0.5000
5.8601 -11.5392 0.5000
-1.2719 -5.4699 0.5000
6.8262 -7.4794 0.5000
5.6129 -11.6476 0.5000
-1.4185 -5.3467 0.5000
2.8531 1.8607 0.5000
3.8512 1.7335 0.5000
-2.7015 -7.1963 0.5000
-2.6225 -7.1458 0.5000
-2.6366 -7.3347 0.5000
7.0044 -6.5234 0.5000
6.6593 -8.1371 0.5000
-1.1658 -5.5042 0.5000
3.8538 -4.4172 0.5000
1.1446 -3.9023 0.5000
7.0057 -5.2235 0.5000
6.5334 -7.8952 0.5000
6.4941 -8.1846 0.5000
2.2155 -5.9478 0.5000
-1.2422 -5.4181 0.5000
-2.9226 -7.9441 0.5000
-2.9521 -8.2137 0.5000
-2.9144 -8.0621 0.5000
-2.5669 -6.3144 0.5000
-0.9426 -0.2582 0.5000
4.5546 0.1751 0.5000
7.1505 -4.9802 0.5000
-2.8355 -8.3965 0.5000
7.0960 -5.0895 0.5000
6.7495 -7.5801 0.5000
5.8729 -11.4903 0.5000
4.1681 -4.2788 0.5000
-0.0658 -1.3103 0.5000
6.9098 -6.5132 0.5000
5.5977 -11.6537 0.5000
-3.2529 -9.6951 0.5000
-0.5474 -3.1977 0.5000
-1.9167 -3.8499 0.5000
-2.7240 -7.3310 0.5000
-2.6105 -7.1910 0.5000
-2.6244 -7.4255 0.5000
7.1742 -4.5390 0.5000
7.1005 -5.0460 0.5000
0.8458 -3.6498 0.5000
7.0360 -4.8874 0.5000
-2.8533 -7.7923 0.5000
-1.1504 -1.1996 0.5000
-2.8888 -7.9146 0.5000
-2.7518 -7.8256 0.5000
6.6481 -7.9805 0.5000
-2.4718 -6.3249 0.5000
-2.4472 -6.3691 0.5000
6.9882 -6.6345 0.5000
2.3346 -5.3623 0.5000
4.0208 -4.3074 0.5000
3.1849 1.3009 0.5000
6.8539 -6.6407 0.5000
-3.1162 -9.0456 0.5000
-2.6422 -6.8785 0.5000
-3.0000 -9.1890 0.5000
-2.0046 -4.4817 0.5000
2.4287 2.1753 0.5000
6.6234 -8.1493 0.5000
-1.1775 -5.4854 0.5000
7.0341 -5.1401 0.5000
-1.3030 -5.3595 0.5000
-0.1918 -0.7666 0.5000
6.6084 1.1308 0.5000
6.5075 -8.1101 0.5000
-2.9157 -8.0340 0.5000
-2.0000 -4.0741 0.5000
4.6660 0.2288 0.5000
-2.7125 -7.9137 0.5000
-3.4471 -12.9915 0.5000
-2.9944 -9.2305 0.5000
-2.9843 -9.3683 0.5000
6.9501 -6.7128 0.5000
6.7248 -7.8161 0.5000
6.9961 -5.2205 0.5000
3.8371 -4.4671 0.5000
6.4241 -8.3728 0.5000
5.5891 -11.7024 0.5000
-3.3700 -10.2075 0.5000
-2.7545 -7.3088 0.5000
-2.6673 -7.2584 0.5000
-3.2352 -10.4057 0.5000
6.9813 -6.5082 0.5000
-3.3818 -13.0213 0.5000
-2.9294 -9.1479 0.5000
-1.6356 -4.1793 0.5000
6.7316 -7.7667 0.5000
6.4507 -8.3084 0.5000
-3.3754 -10.2996 0.5000
4.2566 0.3979 0.5000
-2.7026 -7.6129 0.5000
4.7377 0.2571 0.5000
7.1033 -5.0733 0.5000
6.6358 -8.0358 0.5000
-1.1180 -5.5077 0.5000
-2.4318 -6.2657 0.5000
3.1099 -2.7479 0.5000
3.9807 1.3469 0.5000
7.0792 -4.7361 0.5000
6.7903 -6.9405 0.5000
-1.1985 -4.6458 0.5000
4.5690 0.2494 0.5000
4.6698 0.2528 0.5000
-2.9989 -8.4870 0.5000
-2.2801 -5.2374 0.5000
4.2264 0.5568 0.5000
-0.9685 -0.2545 0.5000
4.2526 0.6131 0.5000
4.3127 0.6122 0.5000
3.1048 -2.5117 0.5000
4.2997 0.5865 0.5000
-2.8386 -8.2181 0.5000
2.9201 1.7397 0.5000
6.9447 -6.6636 0.5000
6.7232 -7.7047 0.5000
5.9432 -6.9773 0.5000
-3.1519 -9.1729 0.5000
4.2751 0.7456 0.5000
4.1021 0.6940 0.5000
4.1419 0.7773 0.5000
7.1558 -4.6814 0.5000
2.4111 -6.0891 0.5000
-1.2383 -5.5071 0.5000
3.3976 0.6716 0.5000
4.8054 0.1717 0.5000
6.5155 -8.0696 0.5000
-0.4359 -1.1655 0.5000
4.6083 0.2176 0.5000
4.2144 0.4590 0.5000
7.1307 -4.9709 0.5000
5.9224 -7.1370 0.5000
-3.0732 -8.6926 0.5000
5.9663 4.0069 0.5000
-3.1148 -8.9787 0.5000
-2.3079 -5.3465 0.5000
4.1713 0.7505 0.5000
4.1896 0.7332 0.5000
5.8272 -11.6989 0.5000
-1.3485 -5.4037 0.5000
6.4328 -8.3175 0.5000
-1.2832 -5.3945 0.5000
4.6698 0.1492 0.5000
-2.8964 -7.9986 0.5000
2.9673 -2.7373 0.5000
-3.2898 -10.5448 0.5000
-2.3661 -5.9926 0.5000
4.2239 0.4245 0.5000
6.6255 -8.0678 0.5000
3.1041 -6.2898 0.5000
-2.7437 -7.9605 0.5000
-2.7428 -8.0961 0.5000
5.8875 -11.6108 0.5000
2.4296 -5.3207 0.5000
5.5800 1.2794 0.5000
4.7198 0.1398 0.5000
-1.0502 -3.9395 0.5000
-3.0298 -8.5194 0.5000
-2.6352 -6.7612 0.5000
4.1289 0.6134 0.5000
-2.5921 -6.8273 0.5000
-2.5593 -6.7314 0.5000
-2.9504 -9.0036 0.5000
4.2315 0.7584 0.5000
5.8266 -11.7335 0.5000
-3.0006 -9.5365 0.5000
-1.3809 -5.3609 0.5000
-3.2040 -9.3658 0.5000
4.0797 0.6593 0.5000
-3.0706 -9.4658 0.5000
-3.0496 -9.4393 0.5000
-2.5986 -7.0449 0.5000
-2.3463 -5.6101 0.5000
3.7587 1.7131 0.5000
5.9430 -11.4130 0.5000
-3.1811 -10.3074 0.5000
-1.2850 -5.4208 0.5000
-1.1816 -5.3990 0.5000
2.3639 -5.3584 0.5000
4.2737 0.3094 0.5000
6.4591 -8.2510 0.5000
3.1258 1.7388 0.5000
4.2074 0.3737 0.5000
4.6890 0.1573 0.5000
4.1663 0.4663 0.5000
-2.7605 -8.0559 0.5000
3.8517 1.4596 0.5000
-0.9926 -4.0121 0.5000
5.9024 -7.0679 0.5000
4.3477 0.2840 0.5000
7.0289 -4.9615 0.5000
-2.7404 -7.6826 0.5000
-2.7088 -7.5899 0.5000
4.1786 0.4485 0.5000
7.2689 -4.3550 0.5000
4.1605 0.6560 0.5000
-3.0271 -9.2915 0.5000
4.1000 0.7085 0.5000
5.8342 -11.5925 0.5000
7.1753 -4.5627 0.5000
6.4526 -8.3516 0.5000
6.9724 -5.2931 0.5000
-3.5022 -10.6821 0.5000
-2.8042 -7.5639 0.5000
-2.6976 -7.4741 0.5000
-2.6571 -7.6135 0.5000
6.6650 1.1100 0.5000
7.0701 -4.7507 0.5000
-3.0015 -8.4132 0.5000
-1.7424 -6.6073 0.5000
-3.0372 -8.6783 0.5000
-2.6064 -6.6960 0.5000
-2.5739 -6.5676 0.5000
4.2287 0.6496 0.5000
4.2857 0.6605 0.5000
7.1204 -4.8147 0.5000
6.5538 -7.9500 0.5000
2.6008 1.7345 0.5000
-2.9441 -8.2195 0.5000
1.4109 -6.4023 0.5000
-2.7987 -8.2745 0.5000
-2.7900 -8.3146 0.5000
7.1005 -5.1222 0.5000
3.8877 1.3282 0.5000
2.0003 6.3089 0.5000
-2.9227 -8.6563 0.5000
-3.5415 -12.9473 0.5000
-1.9025 -4.3653 0.5000
-1.8097 -4.2988 0.5000
-1.4351 -5.3752 0.5000
-2.7167 -7.3619 0.5000
-2.6595 -7.3271 0.5000
7.1871 -4.4891 0.5000
5.6358 -11.5307 0.5000
-3.4445 -10.5017 0.5000
-2.8517 -7.6490 0.5000
-2.8035 -7.5222 0.5000
-2.7256 -7.4095 0.5000
6.6769 -8.0472 0.5000
-2.7419 -8.1033 0.5000
6.7940 -6.8677 0.5000
2.1985 -5.9449 0.5000
-2.8633 -8.3867 0.5000
4.2807 0.2687 0.5000
4.1874 0.3642 0.5000
-2.7568 -8.1871 0.5000
2.7386 -3.6890 0.5000
5.7714 -7.0267 0.5000
3.6553 0.5449 0.5000
6.8191 -6.7393 0.5000
-3.8458 -12.8054 0.5000
-0.8544 -0.4057 0.5000
4.0703 0.5843 0.5000
6.7831 -7.5046 0.5000
-3.0008 -9.3918 0.5000
7.0404 -5.0996 0.5000
6.5155 1.1316 0.5000
6.7793 -6.9608 0.5000
6.5204 -8.0114 0.5000
-2.8509 -8.3076 0.5000
-0.4686 -1.2019 0.5000
4.1252 0.5233 0.5000
5.8054 -6.9954 0.5000
4.1848 0.5618 0.5000
-3.1805 -9.3119 0.5000
4.0135 0.6469 0.5000
-1.2333 -5.3812 0.5000
-1.3050 -5.3055 0.5000
-2.1440 -5.4813 0.5000
-2.7205 -7.8308 0.5000
-2.7899 -7.9589 0.5000
6.9253 -6.8128 0.5000
6.7001 -7.8652 0.5000
2.5995 -4.1859 0.5000
-1.0151 -4.0031 0.5000
5.8353 -7.1052 0.5000
4.1269 0.4510 0.5000
2.5668 -6.2537 0.5000
-3.7720 -12.8292 0.5000
-3.1120 -8.8994 0.5000
-2.6604 -6.7170 0.5000
-1.8027 -4.1803 0.5000
4.0036 0.5791 0.5000
3.9979 0.5828 0.5000
7.1694 -4.9310 0.5000
5.8408 -11.6486 0.5000
4.0651 0.5113 0.5000
-0.9378 -4.7356 0.5000
-3.4131 -10.4069 0.5000
-2.7505 -7.4777 0.5000
-2.7439 -7.5164 0.5000
-2.4392 -5.9179 0.5000
-2.6880 -7.4279 0.5000
-2.3895 -5.8645 0.5000
-2.6272 -7.5285 0.5000
-1.2732 -5.5083 0.5000
3.3962 0.8164 0.5000
7.0215 -6.4149 0.5000
2.4065 -5.9976 0.5000
-2.9783 -8.4313 0.5000
-2.8480 -8.2899 0.5000
3.8503 -4.4613 0.5000
5.5625 -11.9636 0.5000
4.0232 0.5477 0.5000
6.9544 -6.4319 0.5000
-2.6892 -7.2304 0.5000
3.0500 -2.5388 0.5000
7.6652 3.8926 0.5000
-2.5981 -7.3148 0.5000
7.0831 -5.1544 0.5000
-1.1100 -5.4981 0.5000
4.1385 -4.2227 0.5000
3.9551 -4.3510 0.5000
5.8971 -11.7696 0.5000
-2.8994 -8.0127 0.5000
-2.7896 -7.9365 0.5000
4.4771 1.4221 0.5000
4.5051 1.4648 0.5000
6.7569 -7.7458 0.5000
5.8255 -11.7597 0.5000
2.6706 -6.1922 0.5000
4.0230 -4.2702 0.5000
6.8486 -6.6103 0.5000
0.1694 -3.4953 0.5000
-3.2227 -9.5992 0.5000
-3.0395 -9.6375 0.5000
-1.2938 -5.3315 0.5000
-2.7780 -7.6719 0.5000
-2.6555 -7.5116 0.5000
1.3073 -6.8041 0.5000
7.1344 -4.9283 0.5000
5.9734 -6.9541 0.5000
5.6647 -7.1918 0.5000
-2.9825 -8.5218 0.5000
-2.5007 -6.4711 0.5000
-2.8817 -8.7982 0.5000
-2.8861 -8.9154 0.5000
6.5623 1.1251 0.5000
-2.9008 -8.1195 0.5000
2.3789 -6.1410 0.5000
-2.8490 -8.6485 0.5000
-0.9559 -4.6925 0.5000
3.0993 -6.2888 0.5000
-2.6943 -7.9571 0.5000
-2.3864 -6.2059 0.5000
2.9060 -3.7128 0.5000
5.5933 -11.7977 0.5000
-3.3414 -10.2026 0.5000
-1.3607 -5.4241 0.5000
-2.7569 -7.5234 0.5000
5.5218 -11.9527 0.5000
-2.7039 -7.1303 0.5000
-2.6806 -7.1035 0.5000
-0.8973 -0.4741 0.5000
-3.0909 -9.8305 0.5000
-1.1516 -5.4268 0.5000
1.4339 -3.9003 0.5000
3.4683 0.5447 0.5000
5.6529 -11.5826 0.5000
-0.4043 -1.8918 0.5000
5.7160 -7.0268 0.5000
-3.0959 -8.9756 0.5000
-2.9054 -8.7482 0.5000
-3.3904 -12.9679 0.5000
-2.9893 -9.3180 0.5000
-2.2744 -5.6036 0.5000
4.1171 -4.2930 0.5000
2.2599 -5.4044 0.5000
-2.6586 -7.1955 0.5000
9.0655 3.5618 0.5000
5.9227 -11.3396 0.5000
-3.1929 -10.4376 0.5000
7.0399 -5.1976 0.5000
6.4468 -8.2988 0.5000
2.8472 2.1176 0.5000
-2.8579 -7.8391 0.5000
6.6897 -7.8964 0.5000
-2.7711 -8.3648 0.5000
-2.4445 -6.4684 0.5000
-1.0100 -3.9467 0.5000
-2.9937 -9.2543 0.5000
2.8099 1.8985 0.5000
-0.7534 -0.3673 0.5000
7.0042 -6.4760 0.5000
5.0264 4.0707 0.5000
7.0502 -4.8847 0.5000
-3.0908 -8.8670 0.5000
-3.0374 -8.7005 0.5000
-2.9408 -8.6386 0.5000
2.1306 2.3409 0.5000
-2.9201 -8.9667 0.5000
5.8653 -11.5910 0.5000
