# .PCD v0.7
VERSION 0.7
FIELDS x y z
SIZE 4 4 4
TYPE F F F
COUNT 1 1 1
WIDTH 19598
HEIGHT 1
POINTS 19598
DATA ascii
-0.3768 1.8091 0.5000
-0.3596 1.8711 0.5000
-0.2613 2.6956 0.5000
-0.2478 2.7479 0.5000
0.1107 5.0908 0.5000
0.1113 5.3522 0.5000
1.8498 7.0118 0.5000
1.7449 6.4760 0.5000
1.9641 5.1834 0.5000
2.0181 5.1227 0.5000
7.4055 4.2539 0.5000
2.5618 1.1135 0.5000
4.6933 0.8922 0.5000
2.8903 -1.1393 0.5000
2.8315 -1.5465 0.5000
7.8121 -5.3755 0.5000
2.5299 -5.9250 0.5000
2.1396 -12.3289 0.5000
0.1698 -3.4935 0.5000
-0.2362 -3.4362 0.5000
-0.5593 -3.3379 0.5000
-0.6163 -3.3489 0.5000
-1.0687 -3.4594 0.5000
-1.0655 -3.4111 0.5000
-1.0931 -2.4938 0.5000
-1.0796 -2.3912 0.5000
-0.9038 -1.6221 0.5000
-0.9452 -1.5959 0.5000
-0.8672 -1.1780 0.5000
-0.8502 -1.1351 0.5000
-0.8141 -0.8814 0.5000
-0.8486 -0.8012 0.5000
-0.8021 -0.6663 0.5000
-0.8325 -0.6464 0.5000
-0.7653 -0.4880 0.5000
-0.7855 -0.3991 0.5000
-0.7104 -0.3158 0.5000
-0.5887 0.5559 0.5000
-0.5642 0.7222 0.5000
-0.5034 0.8837 0.5000
-0.5478 1.0939 0.5000
-0.4917 1.3711 0.5000
-0.4151 1.8270 0.5000
0.0962 5.0677 0.5000
0.0613 4.9157 0.5000
3.0781 23.1612 0.5000
1.7479 6.9861 0.5000
1.6954 6.7625 0.5000
1.9095 5.1737 0.5000
2.5197 1.9374 0.5000
6.2558 4.5056 0.5000
3.0080 1.7671 0.5000
2.5958 1.4363 0.5000
2.6430 1.1622 0.5000
2.6746 1.1152 0.5000
3.7971 1.0518 0.5000
9.4475 1.4519 0.5000
9.3275 0.3225 0.5000
9.1527 -0.7924 0.5000
8.7207 -1.7928 0.5000
2.9471 -0.9512 0.5000
2.8123 -1.0523 0.5000
2.8763 -1.3312 0.5000
2.8027 -1.7251 0.5000
2.6926 -5.9276 0.5000
2.0541 -6.4730 0.5000
2.3804 -12.1925 0.5000
0.9139 -11.9826 0.5000
0.2568 -3.4836 0.5000
-0.0928 -1.8121 0.5000
-0.5025 -3.3842 0.5000
-0.5151 -3.3210 0.5000
-0.6563 -2.3196 0.5000
-0.8391 -1.9913 0.5000
-0.9171 -1.6918 0.5000
-0.7511 -0.6533 0.5000
-0.7876 -0.5209 0.5000
-0.7146 -0.3636 0.5000
-0.5972 0.6691 0.5000
-0.5951 0.8094 0.5000
-0.5055 1.0015 0.5000
-0.4544 1.2905 0.5000
-0.4076 1.6575 0.5000
-0.3091 2.4916 0.5000
-0.3006 2.4232 0.5000
-0.0509 4.2596 0.5000
-0.0262 -1.7105 0.5000
-0.0041 -1.6625 0.5000
-0.3392 -2.6409 0.5000
-0.5682 -2.3855 0.5000
-0.7682 -2.0790 0.5000
-0.7441 -2.0809 0.5000
-0.8784 -1.3497 0.5000
-0.8118 -0.9740 0.5000
-0.8352 -0.7067 0.5000
-0.7585 -0.5671 0.5000
-0.7779 -0.4464 0.5000
-0.5753 0.6010 0.5000
-0.5814 0.7849 0.5000
-0.5659 0.9403 0.5000
-0.5280 1.1078 0.5000
-0.4983 1.4654 0.5000
-0.6347 -0.8109 0.5000
-0.6020 -0.8881 0.5000
-0.6102 -0.6236 0.5000
-0.6057 -0.6745 0.5000
-0.6863 -0.5146 0.5000
-0.7349 -0.6405 0.5000
-0.7396 -0.4768 0.5000
-0.6312 0.5057 0.5000
-0.6271 -0.7738 0.5000
-0.6245 -0.5130 0.5000
-0.7201 -0.5320 0.5000
-0.7515 -0.3392 0.5000
-0.7460 -0.2905 0.5000
-0.5649 0.5347 0.5000
-0.5166 0.8243 0.5000
-0.5280 0.9632 0.5000
0.0058 -1.6961 0.5000
-0.2505 -1.0865 0.5000
-0.7822 -2.1608 0.5000
-0.9694 -1.4943 0.5000
-0.9704 -1.4451 0.5000
-0.8920 -1.0790 0.5000
-0.8967 -1.0232 0.5000
-0.8374 -0.7855 0.5000
-0.4456 1.3608 0.5000
-0.4732 1.3166 0.5000
-0.3808 1.7625 0.5000
1.6581 -3.8078 0.5000
1.6934 -3.8542 0.5000
0.5688 -8.6026 0.5000
-0.1406 -1.8003 0.5000
-0.7373 -2.3475 0.5000
-0.8840 -1.9879 0.5000
-0.8886 -2.0393 0.5000
-0.9623 -1.7322 0.5000
-0.9486 -1.2319 0.5000
-0.9227 -1.1638 0.5000
-0.8945 -0.9469 0.5000
-0.3675 1.6986 0.5000
-0.2877 2.3879 0.5000
-0.2890 2.3249 0.5000
-0.0459 3.9396 0.5000
0.3266 2.8926 0.5000
2.1656 9.1993 0.5000
2.2059 6.2030 0.5000
2.5130 5.0383 0.5000
2.4326 1.9333 0.5000
7.3631 4.2201 0.5000
2.3731 1.1128 0.5000
2.6225 1.1410 0.5000
9.7117 2.8994 0.5000
4.7195 0.8178 0.5000
9.4299 0.4815 0.5000
9.1732 -0.6345 0.5000
9.0448 -1.7424 0.5000
2.9102 -0.9261 0.5000
2.9003 -1.0489 0.5000
2.8091 -1.2884 0.5000
2.8418 -1.3771 0.5000
2.7631 -1.6692 0.5000
2.7879 -1.7872 0.5000
2.0357 -6.0691 0.5000
2.0479 -6.1649 0.5000
2.6833 -12.7829 0.5000
2.6307 -12.7858 0.5000
1.0820 -12.0598 0.5000
-0.4739 -3.3661 0.5000
-0.8596 -3.3344 0.5000
-0.9457 -3.2893 0.5000
-1.0397 -2.6036 0.5000
-1.0700 -2.6407 0.5000
-1.0171 -1.8715 0.5000
-1.0311 -1.8108 0.5000
-0.9456 -1.2994 0.5000
-0.8703 -0.9904 0.5000
-0.5178 0.7551 0.5000
-0.4585 1.2272 0.5000
-0.4023 1.6444 0.5000
-0.3007 2.2675 0.5000
0.2936 2.8775 0.5000
2.0517 9.3704 0.5000
2.0502 9.2334 0.5000
2.1466 6.2764 0.5000
2.2038 6.2542 0.5000
2.3793 5.0604 0.5000
6.8775 4.3086 0.5000
2.6328 1.2565 0.5000
5.1007 1.8220 0.5000
3.8247 0.8568 0.5000
5.6170 0.6015 0.5000
9.1114 -1.0145 0.5000
8.6881 -1.9512 0.5000
2.8669 -1.0228 0.5000
2.7805 -1.7278 0.5000
2.0988 -6.0251 0.5000
2.0778 -6.1519 0.5000
-0.0873 -3.3123 0.5000
-0.0965 -3.4473 0.5000
-0.9967 -1.8335 0.5000
-0.9456 -1.3437 0.5000
2.6538 1.2280 0.5000
9.5115 1.9113 0.5000
9.3544 0.8423 0.5000
9.2594 -0.2235 0.5000
9.1468 -1.2307 0.5000
8.9657 -2.2996 0.5000
6.6875 -4.4345 0.5000
2.0809 -6.4220 0.5000
2.0162 -6.5766 0.5000
-0.1495 -3.4441 0.5000
-0.1985 -3.4370 0.5000
-0.5642 -3.3680 0.5000
-0.9663 -3.2763 0.5000
-1.1476 -2.5773 0.5000
-0.9866 -1.6049 0.5000
-0.4298 1.7507 0.5000
-0.2866 2.5380 0.5000
-0.2587 2.5997 0.5000
0.0111 4.4646 0.5000
0.0462 4.6805 0.5000
0.7611 6.5485 0.5000
2.0191 15.9555 0.5000
2.2475 9.1701 0.5000
1.7512 7.3189 0.5000
1.9982 5.4208 0.5000
1.9429 5.2491 0.5000
2.6081 1.2058 0.5000
4.7468 1.5487 0.5000
9.7085 2.7003 0.5000
9.4888 1.5246 0.5000
9.3978 0.3758 0.5000
9.2251 -0.7321 0.5000
8.8516 -1.7806 0.5000
2.8157 -1.0119 0.5000
2.8996 -1.4380 0.5000
2.6457 -5.9495 0.5000
2.0583 -6.5227 0.5000
2.5357 -12.7247 0.5000
-0.0882 -1.8662 0.5000
-0.8672 -1.2326 0.5000
-0.8395 -0.9057 0.5000
-0.4124 1.7114 0.5000
-0.3165 2.5290 0.5000
-0.0134 4.3265 0.5000
-0.0647 4.2103 0.5000
0.5061 4.8057 0.5000
0.4827 4.8129 0.5000
2.0052 5.7569 0.5000
3.0138 1.8045 0.5000
2.3328 1.1049 0.5000
2.9468 -0.8681 0.5000
2.8803 -1.2341 0.5000
2.8259 -1.6238 0.5000
3.4393 -2.5707 0.5000
-0.0464 -1.8212 0.5000
-0.4258 -3.3839 0.5000
-0.6134 -2.3600 0.5000
-0.8553 -1.2509 0.5000
-0.7942 -0.7185 0.5000
-0.5717 0.9514 0.5000
-0.5005 1.1566 0.5000
-0.4590 1.5818 0.5000
-0.4537 1.5112 0.5000
-0.3732 2.1956 0.5000
0.0766 -1.6594 0.5000
-0.2025 -1.0809 0.5000
-0.9339 -1.4902 0.5000
-0.8200 -1.0524 0.5000
-0.8077 -1.1137 0.5000
-0.7680 -0.6262 0.5000
-0.6193 0.5982 0.5000
-0.5933 0.8869 0.5000
-0.6094 -0.5726 0.5000
-0.6492 -0.4782 0.5000
-0.5806 -0.5068 0.5000
-0.6852 -0.4860 0.5000
-0.6407 -0.7399 0.5000
-0.6968 -0.5615 0.5000
-0.4784 1.1411 0.5000
0.0906 -1.8232 0.5000
-0.1249 -1.6550 0.5000
-0.1071 -1.7922 0.5000
-0.4868 -2.6299 0.5000
-0.7089 -2.2514 0.5000
-0.6746 -2.2913 0.5000
-0.9630 -1.6734 0.5000
-0.8775 -0.8899 0.5000
-0.0481 3.8979 0.5000
2.5404 1.8874 0.5000
3.0107 1.7454 0.5000
2.6561 1.1535 0.5000
2.8833 -1.2753 0.5000
2.8330 -1.6844 0.5000
3.4832 -2.6829 0.5000
2.0716 -6.1077 0.5000
2.0530 -6.0666 0.5000
2.0896 -9.8819 0.5000
2.7015 -12.8290 0.5000
0.8057 -8.8636 0.5000
0.8113 -8.6535 0.5000
-0.0956 -1.7871 0.5000
-0.0123 -1.7988 0.5000
-0.6188 -2.4065 0.5000
-0.8121 -2.0830 0.5000
-0.4418 1.5868 0.5000
-0.3181 2.1749 0.5000
-0.3217 2.2390 0.5000
0.2827 3.0167 0.5000
0.2698 2.9060 0.5000
2.0661 9.9791 0.5000
2.0500 9.6253 0.5000
2.0518 6.2675 0.5000
2.3379 5.0737 0.5000
2.4236 5.0899 0.5000
3.2247 2.0923 0.5000
2.6461 1.3248 0.5000
2.5499 1.1554 0.5000
2.7344 1.0434 0.5000
9.8504 3.1321 0.5000
3.7998 0.9387 0.5000
9.5083 1.8076 0.5000
9.4629 0.6658 0.5000
9.2934 -0.4178 0.5000
9.0904 -1.5024 0.5000
3.0236 -0.8920 0.5000
3.4225 -2.6635 0.5000
2.1005 -5.9363 0.5000
2.0695 -5.9603 0.5000
-0.0069 -1.8753 0.5000
-0.0009 -3.2901 0.5000
-0.8083 -3.3321 0.5000
-0.9550 -2.6213 0.5000
-1.0385 -1.9661 0.5000
-1.0165 -1.9119 0.5000
-0.9295 -1.3655 0.5000
0.2472 3.0281 0.5000
2.0322 10.2215 0.5000
2.0423 9.6892 0.5000
2.0156 6.2897 0.5000
3.8395 0.9022 0.5000
5.6304 0.7456 0.5000
9.3097 0.1129 0.5000
9.1516 -0.8718 0.5000
-0.3399 2.0698 0.5000
-0.3172 2.1474 0.5000
2.0699 10.3206 0.5000
1.9770 6.2992 0.5000
2.2939 5.0799 0.5000
6.6412 4.3819 0.5000
2.5666 1.3234 0.5000
3.7210 0.9094 0.5000
9.3894 1.2636 0.5000
9.3227 0.1756 0.5000
9.1770 -0.8105 0.5000
8.9956 -1.8278 0.5000
2.2324 -5.9381 0.5000
0.0327 -3.4977 0.5000
-0.0395 -3.3991 0.5000
-0.3504 -3.3787 0.5000
-0.7796 -3.3263 0.5000
-0.9585 -2.7446 0.5000
-1.0025 -2.0607 0.5000
-0.9230 -1.4332 0.5000
-0.5185 0.9005 0.5000
-0.4552 1.1727 0.5000
-0.4254 1.5284 0.5000
1.9911 10.4980 0.5000
1.9769 10.2884 0.5000
2.2532 5.1115 0.5000
3.1786 2.1488 0.5000
9.8540 3.3092 0.5000
3.7430 0.9635 0.5000
9.5212 2.0072 0.5000
9.3892 0.8828 0.5000
9.1214 -1.3183 0.5000
8.9310 -2.4386 0.5000
2.8774 -1.1584 0.5000
3.5162 -2.6357 0.5000
2.2832 -5.8816 0.5000
3.2962 -12.8544 0.5000
3.1640 -12.7692 0.5000
1.6161 -12.1009 0.5000
1.1491 -8.6687 0.5000
0.0103 -1.8052 0.5000
-0.3031 -3.3946 0.5000
-0.7062 -3.3235 0.5000
-0.9788 -2.7991 0.5000
-0.9459 -2.7321 0.5000
-0.9905 -2.0263 0.5000
-0.8083 -1.0427 0.5000
-0.3900 2.0401 0.5000
0.2013 4.0370 0.5000
0.1790 4.0220 0.5000
2.6431 -0.9730 0.5000
2.8760 -1.4996 0.5000
0.0747 -1.8937 0.5000
-0.1620 -2.7211 0.5000
-0.4754 -2.5852 0.5000
-0.6325 -3.3749 0.5000
-0.6686 -2.2212 0.5000
-0.9406 -1.5205 0.5000
-0.7319 -0.4457 0.5000
-0.5783 -0.6046 0.5000
-0.5819 0.4576 0.5000
-0.6927 -0.7116 0.5000
-0.3001 -2.6956 0.5000
-0.6124 -2.5341 0.5000
-0.5722 -2.5107 0.5000
-0.7795 -2.1428 0.5000
-0.4474 1.4052 0.5000
-0.3690 1.9202 0.5000
-0.1995 2.7714 0.5000
0.1641 3.5586 0.5000
2.7654 1.8337 0.5000
2.7286 0.9931 0.5000
3.7594 0.8617 0.5000
5.4640 0.6380 0.5000
2.6961 -1.0392 0.5000
2.8452 -1.1647 0.5000
2.8404 -1.4873 0.5000
2.8439 -1.5543 0.5000
6.6393 -4.4877 0.5000
2.4149 -5.9962 0.5000
0.9945 -3.6487 0.5000
1.8819 -12.1515 0.5000
-0.1512 -1.8526 0.5000
-0.2636 -3.4372 0.5000
-0.6640 -3.3413 0.5000
-1.1410 -3.4893 0.5000
-1.1002 -2.3728 0.5000
-0.9559 -1.5815 0.5000
-0.4860 1.0606 0.5000
-0.4354 1.3148 0.5000
-0.2447 2.6434 0.5000
-0.2486 2.6896 0.5000
0.1045 4.8458 0.5000
0.1799 5.0492 0.5000
3.4489 23.1109 0.5000
3.5748 23.1246 0.5000
1.9056 7.1840 0.5000
1.8310 6.6954 0.5000
2.0090 5.1943 0.5000
2.0794 5.1280 0.5000
2.5728 1.8874 0.5000
2.7922 1.0738 0.5000
9.7464 2.4796 0.5000
4.7954 0.8707 0.5000
9.5345 1.2272 0.5000
9.3998 0.1416 0.5000
9.1668 -0.9580 0.5000
8.8010 -2.0213 0.5000
-1.0206 -3.3342 0.5000
-1.1079 -3.5817 0.5000
-1.1081 -2.4884 0.5000
-0.2465 2.5752 0.5000
0.1075 4.7968 0.5000
0.1517 5.1444 0.5000
1.8699 7.2909 0.5000
1.8320 6.7541 0.5000
7.3706 4.2848 0.5000
4.7406 0.8533 0.5000
9.4056 0.6679 0.5000
9.2984 -0.3611 0.5000
9.0620 -1.3777 0.5000
0.2415 -3.4813 0.5000
-1.0489 -3.4378 0.5000
-1.0582 -3.5361 0.5000
-1.0831 -2.4306 0.5000
0.1211 5.0379 0.5000
0.1124 5.3499 0.5000
1.8496 7.1265 0.5000
1.7291 6.5043 0.5000
7.4297 4.3386 0.5000
4.7110 0.9429 0.5000
7.8167 -5.3474 0.5000
-1.0260 -3.4581 0.5000
-1.0517 -2.5175 0.5000
-0.2649 2.6294 0.5000
0.0658 5.0024 0.5000
3.0369 23.1704 0.5000
1.7947 7.1084 0.5000
1.7289 6.9284 0.5000
9.3714 0.3146 0.5000
9.1979 -0.7387 0.5000
8.7836 -1.7950 0.5000
2.7013 -5.9480 0.5000
2.4046 -12.1766 0.5000
-0.8444 -2.0088 0.5000
-0.8515 -1.3691 0.5000
-0.5546 -0.8233 0.5000
0.5722 -8.6664 0.5000
-0.0486 3.9897 0.5000
2.2423 6.1710 0.5000
2.5236 5.0711 0.5000
9.6956 2.8213 0.5000
9.3796 0.4508 0.5000
9.2005 -0.6248 0.5000
2.8655 -1.3508 0.5000
2.0455 -6.1054 0.5000
-0.0885 -3.2988 0.5000
2.0534 9.7144 0.5000
9.1899 -0.9048 0.5000
8.8092 -1.9021 0.5000
2.8829 -0.9533 0.5000
2.8423 -1.3131 0.5000
2.1095 -6.0473 0.5000
0.2399 2.9848 0.5000
2.0179 9.9924 0.5000
2.0480 9.5641 0.5000
5.5952 0.7161 0.5000
9.1046 -1.4579 0.5000
2.1520 -5.9293 0.5000
2.9269 -12.7980 0.5000
1.3112 -12.0928 0.5000
-0.0133 -3.3126 0.5000
-0.9615 -1.9987 0.5000
-0.9910 -1.8501 0.5000
1.9186 9.9784 0.5000
1.9653 6.3074 0.5000
4.6143 1.5601 0.5000
3.2009 -0.8809 0.5000
2.9388 -1.1986 0.5000
3.2675 -12.7701 0.5000
1.1634 -8.6739 0.5000
0.0220 -1.7879 0.5000
-0.7400 -2.1379 0.5000
-0.7154 -2.1851 0.5000
-0.8512 -1.4262 0.5000
-0.3862 1.9536 0.5000
0.0941 -1.7981 0.5000
0.1023 -1.6375 0.5000
-0.0726 -1.6746 0.5000
-0.8165 -1.9428 0.5000
-0.5186 1.2778 0.5000
-0.7213 -0.5548 0.5000
-0.6911 -0.6077 0.5000
-0.6516 -2.3725 0.5000
2.7564 -1.1452 0.5000
-0.5886 -2.5809 0.5000
-1.0970 -2.1789 0.5000
-0.8224 -0.5865 0.5000
-0.5204 0.7058 0.5000
-0.1960 2.8182 0.5000
-0.1915 2.8964 0.5000
0.2733 5.7959 0.5000
0.3220 5.9413 0.5000
3.9429 23.0440 0.5000
1.8156 6.3227 0.5000
2.1776 5.1196 0.5000
2.6421 1.8812 0.5000
6.5920 4.3714 0.5000
2.6050 1.0536 0.5000
9.6602 2.2514 0.5000
9.5244 1.0773 0.5000
9.3322 -0.0120 0.5000
9.1036 -1.1244 0.5000
8.6817 -2.1185 0.5000
3.1358 -0.8736 0.5000
2.8584 -1.0715 0.5000
2.8362 -1.4330 0.5000
6.6479 -4.5185 0.5000
2.3606 -5.9770 0.5000
0.9606 -3.5904 0.5000
0.4272 -11.9884 0.5000
0.1410 -3.4933 0.5000
-0.2529 -3.3988 0.5000
-1.1133 -3.4399 0.5000
-1.1155 -3.3571 0.5000
-1.0614 -2.3080 0.5000
0.1060 4.8876 0.5000
2.2875 15.9423 0.5000
1.9067 7.3713 0.5000
1.9188 7.1102 0.5000
2.0526 5.3868 0.5000
2.9863 1.7404 0.5000
9.7498 2.5196 0.5000
4.8237 0.9118 0.5000
9.4957 1.3403 0.5000
9.3502 0.1886 0.5000
8.8204 -1.9810 0.5000
1.9582 -6.5365 0.5000
-1.1008 -2.5496 0.5000
0.0508 4.5652 0.5000
0.1169 4.9326 0.5000
0.8601 6.5905 0.5000
2.3102 9.1859 0.5000
1.8958 7.1110 0.5000
2.0277 5.3516 0.5000
7.3453 4.2925 0.5000
9.6623 3.0449 0.5000
9.4820 0.7485 0.5000
9.2617 -0.3487 0.5000
9.0736 -1.3399 0.5000
8.9328 -2.3972 0.5000
2.0247 -6.5397 0.5000
-0.9622 -3.3090 0.5000
-1.0570 -3.5727 0.5000
0.0688 4.7985 0.5000
1.8452 7.2675 0.5000
1.7981 6.8297 0.5000
1.9669 5.2453 0.5000
7.3754 4.3400 0.5000
2.5557 1.1787 0.5000
5.6424 1.7652 0.5000
9.8178 2.6461 0.5000
9.5406 1.4094 0.5000
9.4073 0.2804 0.5000
9.2128 -0.8397 0.5000
8.8506 -1.8694 0.5000
2.5768 -5.9454 0.5000
2.2203 -12.1737 0.5000
-1.0494 -3.5037 0.5000
-1.0524 -2.5904 0.5000
0.0275 4.6323 0.5000
0.7696 6.5978 0.5000
0.7529 6.4577 0.5000
1.7967 7.3915 0.5000
1.9692 5.4581 0.5000
2.9711 2.2108 0.5000
3.0636 1.7779 0.5000
3.7700 1.1259 0.5000
2.7542 -5.9304 0.5000
2.1221 -6.3984 0.5000
0.3429 -3.4824 0.5000
-0.4774 -3.3475 0.5000
-0.5382 1.2335 0.5000
-0.3575 2.3319 0.5000
-0.3632 2.2545 0.5000
0.2080 2.8951 0.5000
-0.7217 -0.2417 0.5000
-0.7337 -0.7054 0.5000
-0.1664 -1.6876 0.5000
-0.2459 -2.6804 0.5000
-0.7147 -2.2425 0.5000
-0.8702 -1.8962 0.5000
-0.9795 -1.5111 0.5000
-0.3936 1.7232 0.5000
-0.2734 2.4984 0.5000
3.3458 -2.6654 0.5000
2.7222 -6.0467 0.5000
2.0205 -6.2898 0.5000
1.9598 -9.9304 0.5000
0.7524 -9.3821 0.5000
-1.0220 -1.7710 0.5000
-0.2994 2.2953 0.5000
6.1600 4.3706 0.5000
7.6249 4.1640 0.5000
2.3629 1.0756 0.5000
2.6764 1.0692 0.5000
3.8421 1.0198 0.5000
4.7827 0.7387 0.5000
9.3808 0.2649 0.5000
9.0120 -1.9163 0.5000
2.7949 -1.8515 0.5000
2.6160 -5.9836 0.5000
1.9909 -6.3855 0.5000
1.9960 -6.4223 0.5000
2.3989 -12.7911 0.5000
2.3409 -12.7792 0.5000
-0.2988 2.4386 0.5000
0.0148 4.1374 0.5000
0.0072 4.2473 0.5000
0.5745 4.8206 0.5000
0.6206 4.7505 0.5000
2.2745 9.1866 0.5000
2.1227 5.8756 0.5000
2.1047 5.7329 0.5000
5.8657 4.5165 0.5000
3.4142 2.0519 0.5000
8.6149 -2.1675 0.5000
2.7976 -1.8162 0.5000
2.0031 -6.4349 0.5000
-0.9712 -1.7800 0.5000
-0.0359 4.1939 0.5000
0.0050 4.3854 0.5000
0.5856 4.7792 0.5000
2.1548 6.0393 0.5000
2.0500 5.6401 0.5000
7.1063 4.3170 0.5000
9.1445 -1.1607 0.5000
4.1833 -1.0483 0.5000
6.6721 -4.3972 0.5000
2.0909 -6.2853 0.5000
2.0073 -6.4840 0.5000
-0.9424 -3.3243 0.5000
-0.0344 4.2755 0.5000
-0.0074 4.3525 0.5000
2.1290 9.1947 0.5000
2.0334 5.5705 0.5000
2.5196 1.0612 0.5000
9.4649 1.6239 0.5000
9.0973 -1.6913 0.5000
2.6006 -0.9491 0.5000
2.1433 -6.2920 0.5000
2.0782 -6.3781 0.5000
2.6966 -12.7301 0.5000
2.6412 -12.7186 0.5000
1.1415 -12.0252 0.5000
1.0968 -11.9882 0.5000
-0.3111 2.3250 0.5000
-0.0848 3.9250 0.5000
-0.1123 3.8589 0.5000
2.4253 1.9660 0.5000
2.9618 -0.8439 0.5000
-0.2511 -2.6559 0.5000
-0.5782 -2.4189 0.5000
-0.1847 -1.0993 0.5000
-0.5702 -0.5843 0.5000
-0.5790 -0.4556 0.5000
-0.7455 -0.8773 0.5000
-0.4068 -2.6113 0.5000
-0.0998 3.6415 0.5000
0.2546 2.9956 0.5000
3.3875 2.0402 0.5000
3.5711 -2.6777 0.5000
3.4502 -2.7085 0.5000
0.2763 5.6174 0.5000
0.2527 5.7193 0.5000
3.8643 23.0565 0.5000
2.1065 5.1232 0.5000
8.6384 -2.1249 0.5000
3.3023 -0.9506 0.5000
-1.1265 -2.4349 0.5000
-0.2229 2.7964 0.5000
0.1503 5.1521 0.5000
0.2010 5.4666 0.5000
1.8436 6.6127 0.5000
1.8030 6.4174 0.5000
6.1909 4.4891 0.5000
7.5484 4.2439 0.5000
5.7695 1.7163 0.5000
9.2988 -0.4513 0.5000
9.0598 -1.4528 0.5000
3.1674 -0.8780 0.5000
-1.0699 -3.3995 0.5000
-0.2237 2.8452 0.5000
0.1953 5.3998 0.5000
0.2001 5.6845 0.5000
1.7698 6.5363 0.5000
1.7800 6.3964 0.5000
7.5482 4.2512 0.5000
9.6567 2.8937 0.5000
9.2124 -0.4931 0.5000
3.0755 -0.8946 0.5000
7.7839 -5.4723 0.5000
2.4430 -5.9391 0.5000
1.0324 -3.5763 0.5000
-0.4995 1.4090 0.5000
0.1678 5.4568 0.5000
3.3545 23.1116 0.5000
1.7491 6.3922 0.5000
2.9643 2.1936 0.5000
2.5876 1.3503 0.5000
2.7207 1.0672 0.5000
9.6324 2.5376 0.5000
9.4359 1.3244 0.5000
8.7453 -1.9478 0.5000
3.2867 -0.8835 0.5000
2.9221 -1.1099 0.5000
2.8849 -1.5407 0.5000
1.0502 -3.5950 0.5000
2.1950 -12.1429 0.5000
2.1358 -12.1335 0.5000
0.1122 -1.8181 0.5000
-0.1165 -1.8570 0.5000
0.0500 4.8743 0.5000
2.3605 1.0240 0.5000
0.1873 -1.8095 0.5000
-0.3646 -2.6123 0.5000
-0.6294 -2.3166 0.5000
-0.7716 -2.0447 0.5000
-0.6616 -0.8726 0.5000
-0.7695 -0.8160 0.5000
-0.2124 -1.6696 0.5000
-0.5121 -2.6264 0.5000
-0.8975 -1.9003 0.5000
2.5920 1.2948 0.5000
2.6492 0.9221 0.5000
2.5946 -0.9574 0.5000
1.3967 -9.2854 0.5000
0.2627 -9.3287 0.5000
-1.1049 -2.3037 0.5000
0.1623 4.9417 0.5000
3.5438 23.1312 0.5000
2.6268 1.3679 0.5000
9.4829 1.2515 0.5000
3.7739 -1.0114 0.5000
2.8337 -1.1344 0.5000
2.5907 -5.9909 0.5000
1.9394 -6.5618 0.5000
-1.0345 -3.2775 0.5000
0.1209 4.9578 0.5000
2.2045 15.9162 0.5000
2.3892 9.1436 0.5000
1.8595 7.0794 0.5000
2.0184 5.3396 0.5000
4.7771 0.9303 0.5000
0.0590 4.8462 0.5000
0.1403 5.1912 0.5000
1.7892 6.6997 0.5000
7.8510 -5.3411 0.5000
2.1607 -12.3077 0.5000
2.9974 23.2007 0.5000
1.7922 7.2455 0.5000
2.9885 1.7815 0.5000
2.5699 1.4516 0.5000
3.8492 1.0718 0.5000
8.8171 -1.7924 0.5000
2.4129 -12.2104 0.5000
0.7216 -9.3657 0.5000
0.0453 -1.6307 0.5000
-0.5291 -1.4688 0.5000
-0.3871 1.6239 0.5000
0.7803 -8.4430 0.5000
0.8527 -8.8355 0.5000
-0.8510 -3.2989 0.5000
2.1012 10.4221 0.5000
2.1276 10.1594 0.5000
3.1981 2.0814 0.5000
9.8522 3.1573 0.5000
9.5343 1.8528 0.5000
9.4336 0.7061 0.5000
-0.9577 -2.6503 0.5000
-1.0126 -2.0237 0.5000
0.2383 3.0851 0.5000
2.0664 10.4841 0.5000
2.0568 10.1961 0.5000
3.8306 0.9608 0.5000
5.6451 0.7740 0.5000
2.0163 10.3618 0.5000
6.6995 4.4396 0.5000
5.5574 0.7912 0.5000
3.0560 -12.8146 0.5000
1.4253 -12.0501 0.5000
0.0391 -3.3758 0.5000
-0.9597 -1.9216 0.5000
-0.3747 2.1414 0.5000
0.1776 3.0195 0.5000
0.1871 2.9789 0.5000
1.9472 10.4352 0.5000
1.9425 6.2658 0.5000
1.9336 6.3132 0.5000
2.2014 5.1171 0.5000
3.1350 2.1435 0.5000
6.7566 4.3781 0.5000
8.9915 -2.3163 0.5000
7.8180 -5.4516 0.5000
2.3273 -5.8715 0.5000
3.3712 -12.8369 0.5000
1.2138 -8.6408 0.5000
-0.5396 -2.5197 0.5000
-0.4052 1.9298 0.5000
0.1055 3.5279 0.5000
0.1094 -1.6882 0.5000
-0.4400 -0.9210 0.5000
3.3431 2.0524 0.5000
2.4399 0.9034 0.5000
9.0569 -1.4198 0.5000
3.4282 -0.9967 0.5000
7.6914 -5.6238 0.5000
3.5600 -2.7015 0.5000
3.1044 -12.9248 0.5000
3.0670 -12.9143 0.5000
1.4251 -12.1307 0.5000
-1.0112 -2.7521 0.5000
-1.0695 -2.0979 0.5000
-0.4080 1.4768 0.5000
-0.3424 2.0301 0.5000
0.2936 4.0445 0.5000
4.2770 22.9919 0.5000
2.0250 10.5087 0.5000
2.2053 5.0935 0.5000
4.8387 0.7481 0.5000
9.4675 0.8955 0.5000
9.3508 -0.2423 0.5000
2.7810 -1.6204 0.5000
2.2865 -5.9168 0.5000
-1.0366 -2.9920 0.5000
-1.0139 -2.8056 0.5000
0.2431 3.4444 0.5000
0.2312 3.2050 0.5000
6.5119 4.4363 0.5000
9.4160 1.3558 0.5000
9.0924 -1.7219 0.5000
2.3171 -5.9298 0.5000
0.0649 -3.4813 0.5000
-0.3824 -3.4270 0.5000
-1.0272 -2.9252 0.5000
-1.0134 -2.1106 0.5000
-0.3559 2.0793 0.5000
0.1747 2.8568 0.5000
1.9481 10.5009 0.5000
1.8749 6.3333 0.5000
6.5235 4.4879 0.5000
2.4654 1.2477 0.5000
9.8908 3.4804 0.5000
3.7858 1.0166 0.5000
9.5747 2.1042 0.5000
9.3905 0.9616 0.5000
9.3319 -0.1418 0.5000
9.0102 -2.3240 0.5000
3.4236 -12.8670 0.5000
3.3257 -12.8720 0.5000
1.7304 -12.0965 0.5000
1.6863 -12.0974 0.5000
-0.9923 -2.8888 0.5000
-0.9879 -2.8296 0.5000
0.1389 3.5795 0.5000
1.7651 6.3132 0.5000
3.7881 0.9656 0.5000
-0.2443 -3.3932 0.5000
-0.3130 2.5888 0.5000
-0.5988 -0.6504 0.5000
-0.7310 -0.9513 0.5000
-0.6924 -0.6987 0.5000
-0.5705 -1.4195 0.5000
0.9290 -3.6045 0.5000
-0.7932 -2.2390 0.5000
0.1554 5.0562 0.5000
0.1561 4.9655 0.5000
3.0945 2.1303 0.5000
9.3703 0.0963 0.5000
2.5266 -5.9536 0.5000
2.0098 -12.1513 0.5000
0.0569 4.5409 0.5000
1.9041 7.2036 0.5000
6.0395 4.4619 0.5000
5.5863 1.7383 0.5000
1.9710 -6.4751 0.5000
1.8894 7.4126 0.5000
9.6055 3.0363 0.5000
3.1108 23.1735 0.5000
1.7880 6.9863 0.5000
2.7102 1.1497 0.5000
9.6687 2.6836 0.5000
9.4966 1.4460 0.5000
8.7539 -1.8020 0.5000
3.7238 -0.9319 0.5000
2.9229 -1.0928 0.5000
2.3829 -12.3622 0.5000
2.2526 -12.1420 0.5000
-0.9734 -3.3883 0.5000
1.8561 -3.8766 0.5000
0.3644 -3.4769 0.5000
-0.6846 -0.8450 0.5000
-0.7782 -0.7593 0.5000
0.0468 -1.7443 0.5000
-0.2025 -2.2893 0.5000
2.6856 1.8848 0.5000
2.3948 0.9280 0.5000
3.3521 -2.8656 0.5000
1.4494 -8.6966 0.5000
2.0887 -12.2418 0.5000
0.0576 4.2636 0.5000
0.0505 4.3092 0.5000
2.3361 9.1312 0.5000
2.1816 5.7943 0.5000
2.0608 5.5337 0.5000
2.5626 5.0293 0.5000
2.4769 1.9425 0.5000
7.6055 4.2258 0.5000
2.5241 1.0222 0.5000
9.7624 2.6733 0.5000
3.8881 0.7914 0.5000
9.4179 1.4390 0.5000
9.2483 -0.7823 0.5000
9.0162 -1.8531 0.5000
2.0161 -6.3242 0.5000
0.0060 4.1895 0.5000
0.0044 4.3399 0.5000
0.6052 4.8301 0.5000
2.1050 5.8245 0.5000
2.1018 5.6210 0.5000
9.3436 0.8750 0.5000
9.2962 -0.1997 0.5000
0.0021 4.2569 0.5000
0.8135 6.5432 0.5000
2.0593 5.7063 0.5000
4.7716 1.0004 0.5000
2.4668 -12.7169 0.5000
2.0295 5.7074 0.5000
1.9814 5.6374 0.5000
2.9429 1.8117 0.5000
7.4735 4.3250 0.5000
4.7520 0.8277 0.5000
9.3602 0.5095 0.5000
9.2184 -0.5714 0.5000
2.5829 -0.9409 0.5000
2.8971 -5.9496 0.5000
2.1396 -6.2430 0.5000
2.7631 -12.7359 0.5000
1.1573 -11.9835 0.5000
-0.3559 2.2388 0.5000
-0.1035 3.7889 0.5000
-0.2857 -2.6132 0.5000
-0.5497 -2.4362 0.5000
-0.4626 -0.9210 0.5000
0.1272 -1.7465 0.5000
-0.4940 0.9713 0.5000
-0.2976 2.1744 0.5000
0.2994 3.3137 0.5000
3.3411 2.0247 0.5000
3.3904 -0.9837 0.5000
2.2347 -9.5844 0.5000
2.9755 -12.8807 0.5000
0.9775 -8.6696 0.5000
-0.8036 -2.1289 0.5000
-1.0495 -2.7133 0.5000
-1.0851 -2.0466 0.5000
-0.8305 -0.5408 0.5000
2.7025 1.8753 0.5000
2.5124 1.2412 0.5000
9.9095 3.3913 0.5000
9.6274 2.0229 0.5000
4.6788 0.6944 0.5000
9.2504 -0.2823 0.5000
8.9561 -2.4158 0.5000
2.2690 -5.9829 0.5000
0.0211 -3.4239 0.5000
-1.0575 -3.0004 0.5000
-1.0232 -2.8805 0.5000
-0.3368 1.9820 0.5000
0.2350 3.5354 0.5000
2.3228 -5.9971 0.5000
-1.0310 -3.0344 0.5000
0.1870 3.4419 0.5000
0.2477 3.4903 0.5000
6.4892 4.4145 0.5000
3.6024 -2.6613 0.5000
1.6745 -12.1467 0.5000
-1.0140 -2.1684 0.5000
3.8025 23.0761 0.5000
2.6892 1.9369 0.5000
2.4276 0.9506 0.5000
5.0698 1.9053 0.5000
4.2309 -0.9964 0.5000
2.4705 -5.8931 0.5000
1.3923 -8.6469 0.5000
-0.2621 2.7306 0.5000
0.1945 -1.8853 0.5000
-0.0412 -1.6331 0.5000
-0.2611 -2.5585 0.5000
3.1859 1.7249 0.5000
2.6201 1.0133 0.5000
4.7047 0.6483 0.5000
1.9388 -6.4733 0.5000
2.2040 -12.6416 0.5000
2.2065 -12.6661 0.5000
0.7259 -12.0068 0.5000
2.1638 5.8542 0.5000
2.1137 5.5966 0.5000
2.5924 5.0507 0.5000
4.6488 1.5093 0.5000
9.7790 2.7092 0.5000
9.5949 1.4746 0.5000
9.4218 0.3474 0.5000
9.0535 -1.8011 0.5000
2.1002 5.9337 0.5000
2.1057 5.6732 0.5000
9.5339 1.9835 0.5000
-0.0298 4.2426 0.5000
0.0092 4.4384 0.5000
2.0690 5.7711 0.5000
7.1576 4.3131 0.5000
5.5413 1.8043 0.5000
9.5339 1.5590 0.5000
9.3696 0.4174 0.5000
9.2075 -0.6811 0.5000
9.0717 -1.7914 0.5000
2.0537 -6.3379 0.5000
0.9574 -12.0481 0.5000
-0.0558 4.1297 0.5000
2.0465 9.2169 0.5000
2.0934 6.0842 0.5000
2.1548 -6.1232 0.5000
-0.1580 3.4613 0.5000
-0.6344 0.4633 0.5000
-0.7852 -1.3160 0.5000
-0.2960 2.2208 0.5000
-0.0962 3.6985 0.5000
2.1761 6.2413 0.5000
2.4664 1.8744 0.5000
2.9822 -0.8930 0.5000
3.3644 -2.6556 0.5000
2.8330 -12.8297 0.5000
2.8375 -12.8811 0.5000
0.8611 -8.6412 0.5000
2.1158 10.1493 0.5000
9.5868 1.8830 0.5000
9.3011 -0.4383 0.5000
2.0694 -5.9452 0.5000
-0.0289 -3.4135 0.5000
2.0284 9.8583 0.5000
9.6476 2.3676 0.5000
8.8304 -1.8877 0.5000
1.9807 10.0965 0.5000
1.9958 9.6593 0.5000
6.7057 4.4204 0.5000
9.8490 3.2260 0.5000
9.6027 1.9230 0.5000
9.4848 0.7734 0.5000
3.0173 -0.8426 0.5000
3.3512 -2.6331 0.5000
3.1440 -12.7981 0.5000
3.0490 -12.7821 0.5000
1.5378 -12.0588 0.5000
1.0020 -8.6200 0.5000
1.8597 10.4737 0.5000
2.2801 1.9944 0.5000
2.3242 1.9748 0.5000
3.2168 2.1345 0.5000
3.8692 0.9257 0.5000
2.3906 -5.8934 0.5000
-0.4171 1.8725 0.5000
2.6347 5.0283 0.5000
2.9369 2.1168 0.5000
3.0661 1.7046 0.5000
3.8526 1.0879 0.5000
2.6657 -6.0411 0.5000
1.9804 -6.3028 0.5000
2.4116 -12.7813 0.5000
0.8675 -12.0130 0.5000
0.0120 4.0966 0.5000
2.6728 23.2151 0.5000
2.2155 6.0390 0.5000
2.4602 5.0852 0.5000
3.3556 2.0821 0.5000
9.2661 -0.6973 0.5000
2.0804 9.1953 0.5000
9.5499 2.0679 0.5000
9.4439 0.9362 0.5000
9.2728 -0.1481 0.5000
8.6594 -2.0965 0.5000
2.0607 -6.2038 0.5000
-0.0445 4.1293 0.5000
2.0816 5.8699 0.5000
2.0297 5.6806 0.5000
3.4337 2.1216 0.5000
9.4706 1.6653 0.5000
2.6996 -0.9727 0.5000
2.8182 -1.7619 0.5000
2.7953 -5.9702 0.5000
2.7226 -12.7366 0.5000
-0.5877 -2.4620 0.5000
-0.8274 -1.1674 0.5000
-0.3041 -3.4169 0.5000
0.2383 5.1320 0.5000
1.7719 6.4196 0.5000
6.4681 4.3874 0.5000
9.3427 0.0986 0.5000
9.1913 -1.0430 0.5000
8.6979 -2.0492 0.5000
3.5943 -0.9698 0.5000
2.4646 -5.9985 0.5000
1.9985 -12.1868 0.5000
3.3101 23.1659 0.5000
1.8531 7.2367 0.5000
6.1389 4.4550 0.5000
5.6986 1.7364 0.5000
3.5243 -0.9644 0.5000
0.1705 5.2992 0.5000
1.8496 7.1681 0.5000
0.1051 5.2506 0.5000
3.2268 23.1500 0.5000
1.7421 6.8656 0.5000
1.6985 6.5622 0.5000
2.6076 1.4333 0.5000
9.6505 2.6065 0.5000
8.7455 -1.8331 0.5000
3.4749 -0.9338 0.5000
2.2562 -12.1516 0.5000
2.2374 -12.1467 0.5000
-0.0126 5.9527 0.5000
-0.0024 4.4590 0.5000
0.7327 6.5938 0.5000
2.6941 -5.9751 0.5000
0.2145 -3.5001 0.5000
2.7239 23.2253 0.5000
2.2344 6.1049 0.5000
9.7288 2.8289 0.5000
3.8223 0.8303 0.5000
2.0447 -6.2075 0.5000
2.1794 6.2865 0.5000
9.1056 -1.0908 0.5000
-0.3363 2.3853 0.5000
-0.0406 4.0989 0.5000
2.1248 6.0008 0.5000
2.8192 -5.9733 0.5000
2.1159 -6.1227 0.5000
-0.0765 3.8868 0.5000
1.9230 9.2313 0.5000
2.3686 1.9933 0.5000
2.9297 -0.8331 0.5000
2.1591 -5.9957 0.5000
3.0112 -12.7456 0.5000
0.9975 -8.6447 0.5000
0.1937 3.3144 0.5000
0.0944 -1.7451 0.5000
0.2642 3.8283 0.5000
3.7435 0.8173 0.5000
4.1660 -1.1035 0.5000
1.1807 -8.6429 0.5000
-1.0916 -3.1475 0.5000
-1.1002 -2.2953 0.5000
-1.0723 -2.2194 0.5000
3.8263 23.0493 0.5000
3.9143 23.0765 0.5000
1.8457 6.3903 0.5000
2.1870 5.0963 0.5000
3.1065 1.7468 0.5000
9.9563 3.6403 0.5000
4.7271 0.7776 0.5000
9.3656 -0.0342 0.5000
8.7774 -2.1590 0.5000
7.7531 -5.5651 0.5000
-1.0702 -2.2897 0.5000
0.2086 5.5888 0.5000
0.2662 5.8913 0.5000
9.6560 2.7938 0.5000
9.2245 -0.5374 0.5000
2.3899 -5.9182 0.5000
-0.6955 -3.3541 0.5000
-1.0912 -3.2847 0.5000
-0.2195 2.9077 0.5000
0.2244 5.8242 0.5000
7.6569 4.2735 0.5000
3.8463 1.1239 0.5000
9.4964 1.1532 0.5000
9.3674 0.0265 0.5000
9.2119 -1.0092 0.5000
8.8112 -2.0657 0.5000
2.4590 -5.9411 0.5000
1.9409 -12.1100 0.5000
-1.0787 -3.3280 0.5000
-1.0337 -2.3328 0.5000
-1.0271 -2.2759 0.5000
-0.2766 2.7527 0.5000
0.1154 5.5571 0.5000
3.3178 23.1368 0.5000
1.6893 6.4012 0.5000
2.6302 1.9034 0.5000
3.0582 2.1942 0.5000
5.5910 0.8326 0.5000
1.0767 -3.4842 0.5000
0.1565 -1.7984 0.5000
-0.5777 -1.4826 0.5000
-0.6525 -0.7911 0.5000
-0.8855 -0.8492 0.5000
3.3899 -2.7487 0.5000
2.6045 -12.8166 0.5000
1.0374 -12.0686 0.5000
-0.6582 -2.4126 0.5000
2.0607 9.6625 0.5000
2.1033 9.4783 0.5000
3.2756 2.0825 0.5000
2.7783 0.9793 0.5000
9.8218 3.0406 0.5000
9.6085 1.7332 0.5000
5.5901 0.6004 0.5000
9.4506 0.5788 0.5000
9.2956 -0.5067 0.5000
9.0802 -1.5661 0.5000
2.0515 9.8162 0.5000
9.5574 2.2503 0.5000
9.5297 1.1455 0.5000
8.6519 -1.9122 0.5000
-0.0522 -3.3623 0.5000
1.9972 9.5697 0.5000
1.9973 9.2712 0.5000
6.6259 4.2743 0.5000
5.0597 1.8465 0.5000
9.8442 3.1031 0.5000
9.5815 1.8297 0.5000
5.5674 0.6678 0.5000
2.1083 -6.0787 0.5000
2.8799 -12.7635 0.5000
1.2861 -12.0658 0.5000
0.2490 2.9086 0.5000
1.9000 9.7612 0.5000
3.3483 2.1259 0.5000
2.4191 1.2774 0.5000
3.1700 -0.8417 0.5000
1.1603 -8.7032 0.5000
-0.5139 -2.4744 0.5000
-0.4084 1.9685 0.5000
-0.5836 -0.7126 0.5000
0.1560 -3.5199 0.5000
0.0045 4.0201 0.5000
4.7755 0.7675 0.5000
1.0158 -12.0369 0.5000
2.0937 9.4941 0.5000
2.0581 9.2949 0.5000
2.6786 1.2836 0.5000
5.0699 1.7812 0.5000
9.8046 2.9803 0.5000
3.8553 0.8796 0.5000
9.5816 1.7362 0.5000
9.0902 -1.6159 0.5000
2.0445 9.4782 0.5000
9.5903 2.2220 0.5000
9.4360 1.0940 0.5000
9.3156 0.0048 0.5000
1.9819 9.2378 0.5000
5.1896 1.8311 0.5000
9.7656 3.0557 0.5000
9.4220 0.6073 0.5000
4.4613 -0.9977 0.5000
2.8920 -5.9830 0.5000
2.1769 -6.0435 0.5000
2.8924 -12.7464 0.5000
1.2656 -12.0174 0.5000
1.8596 9.5225 0.5000
2.3485 1.1569 0.5000
3.0964 -0.8154 0.5000
-0.6399 -2.4857 0.5000
-0.3449 1.9161 0.5000
2.4781 0.9254 0.5000
1.4827 -9.4668 0.5000
0.3676 -9.3487 0.5000
0.1218 4.5703 0.5000
0.1097 4.6330 0.5000
0.9159 6.5841 0.5000
0.9481 6.5429 0.5000
1.9033 7.2983 0.5000
6.3445 4.4053 0.5000
7.7340 4.1183 0.5000
2.5306 1.1070 0.5000
9.7013 2.5901 0.5000
9.5387 1.3231 0.5000
2.6472 -1.0305 0.5000
1.9311 -6.5338 0.5000
2.2534 -12.7261 0.5000
0.0511 4.3531 0.5000
0.8746 6.5246 0.5000
1.9302 7.4219 0.5000
2.0599 5.5700 0.5000
2.0590 5.4278 0.5000
7.2335 4.2584 0.5000
2.7239 1.2243 0.5000
8.9351 -2.3329 0.5000
-1.1378 -2.6020 0.5000
0.0655 4.7487 0.5000
2.0396 5.5340 0.5000
2.0118 5.2672 0.5000
7.2690 4.3178 0.5000
2.2784 -12.5468 0.5000
0.0098 4.5142 0.5000
0.0239 4.5819 0.5000
0.8407 6.5916 0.5000
1.9291 5.2660 0.5000
6.1673 4.5075 0.5000
7.6320 4.2793 0.5000
2.7397 1.1740 0.5000
8.9844 -1.7546 0.5000
2.7003 -1.0145 0.5000
2.5875 -12.7220 0.5000
0.9679 -11.9611 0.5000
-0.9404 -1.7307 0.5000
-0.0563 4.0119 0.5000
-0.6948 -0.9654 0.5000
-0.7264 -0.7706 0.5000
2.1027 -9.5422 0.5000
0.8021 -8.4149 0.5000
0.9010 -8.8510 0.5000
2.1479 10.4911 0.5000
2.0028 6.2392 0.5000
3.1070 2.0946 0.5000
2.5950 0.9854 0.5000
9.9133 3.2366 0.5000
9.3762 0.7625 0.5000
8.9048 -2.5447 0.5000
-0.0380 -3.4591 0.5000
1.9947 10.5598 0.5000
2.0723 10.5299 0.5000
9.3152 0.2327 0.5000
9.0069 -1.8057 0.5000
2.0115 10.3395 0.5000
6.5685 4.4351 0.5000
3.5119 -2.6628 0.5000
3.1177 -12.8326 0.5000
1.4624 -12.0555 0.5000
1.9200 10.4958 0.5000
1.8746 6.2961 0.5000
6.5383 4.2423 0.5000
2.6949 1.3005 0.5000
9.8126 3.4554 0.5000
9.5290 2.1354 0.5000
7.8089 -5.4022 0.5000
1.2553 -8.7225 0.5000
-0.1337 -2.6998 0.5000
-0.6340 -2.2980 0.5000
-0.4617 1.6811 0.5000
3.6961 0.8365 0.5000
1.2341 -8.7156 0.5000
1.2611 -8.6686 0.5000
0.2005 5.2836 0.5000
3.7440 23.0844 0.5000
1.7571 6.4969 0.5000
9.6982 2.3610 0.5000
8.7351 -2.0590 0.5000
3.2514 -0.9170 0.5000
9.3707 0.6003 0.5000
1.0391 -3.6434 0.5000
0.1545 5.4082 0.5000
0.2174 5.7870 0.5000
7.5772 4.2914 0.5000
0.0684 4.9668 0.5000
3.1939 23.1494 0.5000
1.6981 6.5190 0.5000
1.6980 6.4703 0.5000
2.5512 1.9065 0.5000
6.3006 4.5091 0.5000
2.3194 -12.1466 0.5000
0.2057 -1.8443 0.5000
-0.7032 -0.6692 0.5000
0.0789 -1.9130 0.5000
-0.1269 -1.7147 0.5000
-0.0494 3.8423 0.5000
4.6771 0.7906 0.5000
2.0632 -9.9689 0.5000
2.6845 -12.8201 0.5000
0.7826 -8.8590 0.5000
-1.0502 -1.9084 0.5000
2.1004 9.9934 0.5000
2.3930 1.1694 0.5000
2.7934 1.0233 0.5000
9.8612 3.0551 0.5000
9.5640 1.7843 0.5000
9.4554 0.6197 0.5000
3.4413 -2.7110 0.5000
9.4134 1.1891 0.5000
8.7336 -1.8747 0.5000
1.9988 9.5005 0.5000
1.9351 10.1276 0.5000
1.9434 10.0666 0.5000
2.4874 1.2588 0.5000
1.1946 -8.7508 0.5000
2.0132 5.2417 0.5000
2.7997 1.1246 0.5000
4.7990 0.6858 0.5000
2.2711 -12.6988 0.5000
0.7387 -11.9965 0.5000
2.1083 5.7806 0.5000
9.8221 2.7315 0.5000
5.6974 0.5176 0.5000
4.2390 -1.0744 0.5000
2.5517 1.2189 0.5000
2.0113 5.6316 0.5000
1.9576 5.3783 0.5000
5.4915 1.8009 0.5000
9.7723 2.8116 0.5000
2.5413 -12.6510 0.5000
-0.0657 4.1681 0.5000
2.0815 6.0028 0.5000
2.0334 5.9953 0.5000
2.4600 1.9665 0.5000
2.9968 1.8099 0.5000
2.9067 -1.2389 0.5000
-0.8503 -1.4914 0.5000
-0.5212 1.3004 0.5000
2.4344 5.0474 0.5000
2.9155 1.7586 0.5000
9.0203 -1.5617 0.5000
2.8692 -12.8057 0.5000
1.2410 -12.1090 0.5000
2.1127 10.3986 0.5000
2.7105 1.3770 0.5000
2.8414 1.0436 0.5000
9.6279 1.8948 0.5000
9.3128 -0.3815 0.5000
2.0426 9.7592 0.5000
2.8139 1.0584 0.5000
2.1179 -5.9527 0.5000
1.9863 10.1162 0.5000
1.9236 9.6729 0.5000
2.6949 1.3837 0.5000
2.7455 1.2973 0.5000
9.8376 3.2563 0.5000
9.4845 0.8356 0.5000
3.3951 -2.5902 0.5000
2.2382 -5.8989 0.5000
3.0915 -12.7810 0.5000
-0.9084 -2.6658 0.5000
3.9209 -0.9685 0.5000
-0.0634 -1.6280 0.5000
-0.3015 -2.8953 0.5000
0.2214 5.1657 0.5000
0.2115 4.9340 0.5000
1.8005 6.4749 0.5000
3.9177 2.0835 0.5000
2.4762 1.0662 0.5000
2.6009 0.9629 0.5000
3.6319 -1.0111 0.5000
0.5073 -11.9596 0.5000
3.0770 21.5114 0.5000
1.8627 6.9086 0.5000
5.6447 1.7431 0.5000
3.6441 -0.9666 0.5000
1.9978 -6.5794 0.5000
-1.1080 -3.5052 0.5000
0.1017 5.1092 0.5000
1.8969 7.3178 0.5000
9.6369 2.9872 0.5000
0.0869 5.1068 0.5000
3.1881 23.1631 0.5000
1.7316 6.6841 0.5000
2.5970 1.0580 0.5000
3.5894 -0.9387 0.5000
2.3204 -12.2029 0.5000
0.8118 -11.9806 0.5000
-0.9876 -3.4103 0.5000
1.8552 -3.8146 0.5000
-0.7391 -1.3676 0.5000
-0.1004 -1.6105 0.5000
1.7167 -3.6477 0.5000
2.3309 1.9493 0.5000
6.9754 4.2527 0.5000
2.6179 0.8817 0.5000
9.3585 0.7430 0.5000
3.3349 -0.9423 0.5000
3.0882 -12.8841 0.5000
3.0078 -12.8869 0.5000
0.2833 4.0651 0.5000
1.9558 10.5101 0.5000
3.9788 2.0585 0.5000
2.5579 1.0357 0.5000
2.0290 10.4194 0.5000
7.8035 4.0670 0.5000
9.3400 0.2960 0.5000
9.0178 -1.7658 0.5000
0.1909 3.0898 0.5000
1.8806 10.5426 0.5000
3.1454 2.1999 0.5000
6.8873 4.4091 0.5000
3.3165 1.7859 0.5000
2.5121 1.2578 0.5000
3.4073 -12.8463 0.5000
3.2863 -12.6581 0.5000
1.1800 -8.4274 0.5000
2.2491 2.0064 0.5000
2.2818 1.2225 0.5000
2.5790 -0.8853 0.5000
-0.1555 -2.6889 0.5000
-0.7028 -0.8297 0.5000
1.1480 -8.6256 0.5000
-1.1188 -3.1917 0.5000
0.3080 5.9727 0.5000
7.8898 3.9586 0.5000
2.5503 0.9334 0.5000
6.6686 -4.5291 0.5000
7.7325 -5.5280 0.5000
1.8738 -12.2031 0.5000
6.2171 4.4865 0.5000
7.5536 4.2088 0.5000
9.4141 0.5887 0.5000
9.0359 -1.5373 0.5000
-0.2190 2.8914 0.5000
0.2041 5.6426 0.5000
1.7439 6.4354 0.5000
7.8390 -5.5379 0.5000
1.9421 -12.2032 0.5000
0.1715 5.7482 0.5000
3.4720 23.1238 0.5000
2.7269 1.9927 0.5000
6.4720 4.4630 0.5000
3.1102 1.7681 0.5000
7.8885 4.1572 0.5000
3.1472 -0.8495 0.5000
6.7376 -4.3454 0.5000
1.0963 -3.5188 0.5000
1.5004 -8.5925 0.5000
-1.0488 -2.4122 0.5000
-1.0147 -2.3934 0.5000
0.0478 4.9686 0.5000
-0.5937 -2.3430 0.5000
-0.5960 -0.7794 0.5000
2.7683 -6.0022 0.5000
0.6618 -8.6025 0.5000
0.9877 -12.0742 0.5000
2.1012 9.4446 0.5000
2.3852 1.9264 0.5000
3.7218 0.8907 0.5000
9.5424 1.7489 0.5000
9.3833 0.5710 0.5000
2.0862 10.0963 0.5000
2.0545 9.5117 0.5000
5.6139 0.6899 0.5000
8.6799 -1.8702 0.5000
1.9897 9.3298 0.5000
1.9060 9.6275 0.5000
1.9031 9.5207 0.5000
2.0042 6.3056 0.5000
7.0627 4.4048 0.5000
2.5370 1.3480 0.5000
9.7830 3.2132 0.5000
4.7417 0.9948 0.5000
1.5248 -12.0451 0.5000
-0.4910 -2.5128 0.5000
-0.6981 -2.1757 0.5000
3.8387 0.7957 0.5000
3.5047 -1.0109 0.5000
3.0473 -12.9229 0.5000
0.9853 -8.7090 0.5000
-0.8188 -2.1792 0.5000
-0.7846 -0.2532 0.5000
0.2010 3.5618 0.5000
4.3918 22.9552 0.5000
3.8798 1.0029 0.5000
9.6301 2.0943 0.5000
9.4163 0.8541 0.5000
0.0076 -1.8820 0.5000
-1.0970 -3.0752 0.5000
-1.0553 -2.9287 0.5000
-1.0603 -2.1498 0.5000
-0.1978 2.9760 0.5000
-1.0201 -3.0628 0.5000
7.8956 4.2350 0.5000
9.1764 -1.2243 0.5000
3.5591 -2.6371 0.5000
0.1960 3.5088 0.5000
6.6494 4.4669 0.5000
1.3844 -8.5426 0.5000
2.7096 1.8357 0.5000
0.9834 -3.5307 0.5000
1.9446 -12.1990 0.5000
3.1548 21.4614 0.5000
1.9373 7.0148 0.5000
2.0903 5.2916 0.5000
2.5342 0.9957 0.5000
9.5158 1.2721 0.5000
8.8508 -1.9806 0.5000
6.5953 -4.5638 0.5000
0.1021 4.6573 0.5000
1.8542 6.8762 0.5000
0.1175 5.2377 0.5000
1.7498 6.6071 0.5000
2.4511 1.1304 0.5000
5.6534 1.7519 0.5000
9.5116 1.3545 0.5000
9.3603 0.2291 0.5000
8.8891 -1.9437 0.5000
2.1822 -12.1729 0.5000
0.0490 4.8068 0.5000
1.7608 7.2570 0.5000
1.9781 5.3267 0.5000
1.9601 5.2746 0.5000
2.1469 -6.4090 0.5000
-0.2168 -1.1421 0.5000
-0.7378 -0.9090 0.5000
0.2149 3.6657 0.5000
3.8633 0.8197 0.5000
5.4998 0.5308 0.5000
4.1463 -1.0605 0.5000
7.7235 -5.4837 0.5000
1.1575 -8.5932 0.5000
-1.1958 -3.3602 0.5000
-0.1969 2.9396 0.5000
3.8844 23.0435 0.5000
3.0401 2.1262 0.5000
9.7219 2.2687 0.5000
9.4540 1.0734 0.5000
9.3700 -0.0769 0.5000
9.1978 -1.1043 0.5000
8.8070 -2.1993 0.5000
7.7366 -5.5714 0.5000
-1.1444 -3.2943 0.5000
7.7247 4.2035 0.5000
9.7481 2.7637 0.5000
-1.0468 -2.2254 0.5000
6.3302 4.4638 0.5000
9.9395 3.6878 0.5000
9.6687 2.3198 0.5000
9.4706 1.1488 0.5000
9.1503 -1.0888 0.5000
8.8494 -2.1223 0.5000
1.9763 -12.2059 0.5000
1.8845 -12.1193 0.5000
-1.0414 -3.1153 0.5000
-0.2691 2.8274 0.5000
0.1803 5.7914 0.5000
1.6937 6.3607 0.5000
2.7139 1.9354 0.5000
2.7851 -0.9495 0.5000
2.6170 -5.8620 0.5000
-0.5298 -1.4294 0.5000
4.7320 0.7435 0.5000
1.9798 -6.2303 0.5000
1.9899 -6.2810 0.5000
2.4685 -12.7864 0.5000
0.9487 -12.0225 0.5000
0.0016 3.9913 0.5000
5.2167 1.7551 0.5000
9.6305 1.6300 0.5000
5.6404 0.5599 0.5000
9.4522 0.4672 0.5000
9.2882 -0.6149 0.5000
9.1209 -1.7179 0.5000
8.6032 -2.0598 0.5000
9.8470 3.3576 0.5000
9.2777 -0.0949 0.5000
-0.0442 4.0347 0.5000
2.0427 9.1999 0.5000
3.3653 2.1030 0.5000
9.7333 2.9234 0.5000
9.5425 1.6717 0.5000
2.7973 -0.9929 0.5000
2.8036 -5.9367 0.5000
2.1300 -6.1589 0.5000
2.8203 -12.7983 0.5000
1.2328 -12.0189 0.5000
1.1478 -11.9882 0.5000
-0.1029 3.7071 0.5000
3.0050 1.8745 0.5000
2.4840 1.1561 0.5000
3.6163 -2.5952 0.5000
0.0864 -1.6180 0.5000
9.3460 -0.1712 0.5000
4.1976 -1.0956 0.5000
1.6548 -12.1686 0.5000
-1.1250 -3.3362 0.5000
-1.0635 -3.1798 0.5000
0.2509 5.8087 0.5000
9.0307 -1.6290 0.5000
0.1766 3.4795 0.5000
9.7542 2.7693 0.5000
3.7673 23.0635 0.5000
3.1645 1.7944 0.5000
3.8569 1.1114 0.5000
9.5615 2.3355 0.5000
1.9504 -12.1161 0.5000
0.1448 5.6368 0.5000
1.6841 -3.9042 0.5000
1.5665 -8.6745 0.5000
0.5897 -9.3809 0.5000
2.2211 6.0672 0.5000
7.4126 4.2492 0.5000
2.5527 -12.7788 0.5000
2.0539 9.3267 0.5000
6.6756 4.1161 0.5000
5.1855 1.7662 0.5000
2.0453 9.2538 0.5000
2.1562 6.1595 0.5000
5.6979 0.6209 0.5000
7.2718 4.3569 0.5000
2.4375 1.2445 0.5000
9.4774 1.7571 0.5000
9.2193 -0.4453 0.5000
2.9546 -12.7531 0.5000
1.3362 -12.0393 0.5000
0.9457 -8.6919 0.5000
0.2416 3.3266 0.5000
-0.3512 -3.8601 0.5000
-0.2610 -2.2958 0.5000
-0.1991 2.7458 0.5000
1.5156 -9.4738 0.5000
0.1182 4.5022 0.5000
2.3155 15.9228 0.5000
2.1091 5.4951 0.5000
6.5971 -4.5103 0.5000
0.0574 4.4417 0.5000
2.0544 5.4697 0.5000
7.2814 4.2701 0.5000
0.0571 4.6329 0.5000
1.8496 7.3586 0.5000
1.8344 7.0587 0.5000
7.3228 4.3200 0.5000
1.7715 7.4250 0.5000
-0.1023 3.8019 0.5000
5.5117 0.6517 0.5000
6.6160 -4.4485 0.5000
-0.9247 -1.9764 0.5000
3.1161 21.4633 0.5000
6.6078 -4.5859 0.5000
1.8124 6.8359 0.5000
9.6865 2.9841 0.5000
1.7310 6.5995 0.5000
9.6882 2.5802 0.5000
9.4175 0.2134 0.5000
9.2374 -0.8503 0.5000
0.7630 -11.9953 0.5000
0.0438 4.7613 0.5000
1.9191 15.9365 0.5000
1.7479 7.3721 0.5000
2.7230 2.0315 0.5000
-0.4667 1.6047 0.5000
-0.5830 -3.0243 0.5000
2.5410 -12.7805 0.5000
5.1027 1.7562 0.5000
9.5932 1.6886 0.5000
5.5840 0.5732 0.5000
3.9393 0.8974 0.5000
-0.0811 4.0892 0.5000
9.7904 2.9963 0.5000
1.1835 -12.0474 0.5000
1.8069 6.5269 0.5000
3.0597 2.0953 0.5000
8.6209 -2.0087 0.5000
9.6034 1.3034 0.5000
1.8049 6.8662 0.5000
8.9513 -2.3878 0.5000
3.6906 -0.9475 0.5000
2.3196 -12.2740 0.5000
-0.0026 4.4099 0.5000
-0.3788 -2.6674 0.5000
-0.1796 -1.8407 0.5000
2.1729 10.3673 0.5000
3.2808 2.0189 0.5000
2.4436 1.1602 0.5000
9.7759 2.9139 0.5000
9.5428 1.6386 0.5000
2.5505 -6.0383 0.5000
2.1491 -12.2112 0.5000
2.1057 10.2625 0.5000
9.9077 3.5201 0.5000
1.9674 10.4343 0.5000
3.9073 0.9340 0.5000
0.1916 4.0574 0.5000
2.8588 -1.5763 0.5000
2.2540 1.1770 0.5000
-0.6119 0.4435 0.5000
-0.6168 0.3896 0.5000
-0.6057 0.3173 0.5000
-0.1485 3.3450 0.5000
-0.5769 0.4306 0.5000
2.1230 5.0953 0.5000
9.9616 3.5878 0.5000
9.6444 2.2105 0.5000
9.4810 1.0296 0.5000
9.3240 -0.0753 0.5000
2.6784 1.0387 0.5000
1.6326 -9.5571 0.5000
0.1584 5.5953 0.5000
0.1586 5.6948 0.5000
6.2042 4.5026 0.5000
2.5031 1.3594 0.5000
9.8626 3.8094 0.5000
9.6480 2.4658 0.5000
-0.0182 4.7536 0.5000
1.8511 15.9557 0.5000
1.7144 7.1331 0.5000
1.7250 7.4246 0.5000
1.8996 5.2446 0.5000
-0.0145 4.8553 0.5000
-0.6246 0.2829 0.5000
-0.7470 -0.1096 0.5000
-0.6666 0.1402 0.5000
-0.6924 0.1539 0.5000
-0.6391 0.2122 0.5000
-0.7456 -0.1758 0.5000
0.6526 4.8162 0.5000
2.6829 5.0053 0.5000
9.5061 1.4875 0.5000
0.8187 -8.5791 0.5000
-0.7435 -0.0699 0.5000
-0.2459 2.5390 0.5000
0.0542 4.4802 0.5000
2.1232 5.5416 0.5000
7.1188 4.2734 0.5000
4.7739 0.9894 0.5000
0.0530 4.6621 0.5000
7.2395 4.3259 0.5000
2.7738 -12.7877 0.5000
2.0297 5.4764 0.5000
9.7953 2.8911 0.5000
2.1861 -9.4837 0.5000
0.9817 -8.7761 0.5000
-0.5260 -2.5510 0.5000
3.9602 -0.9556 0.5000
1.9231 -12.0794 0.5000
1.4053 -8.5836 0.5000
-0.9382 -1.7502 0.5000
-0.6640 0.0506 0.5000
-0.6852 0.0398 0.5000
-0.6962 -0.1343 0.5000
-0.6011 0.1587 0.5000
-0.6621 0.2092 0.5000
4.2525 -1.0717 0.5000
1.9359 -6.6949 0.5000
1.9193 -6.6085 0.5000
0.2940 -3.5480 0.5000
2.4482 1.3043 0.5000
2.3974 0.9502 0.5000
3.7365 -0.9623 0.5000
-0.1458 3.2779 0.5000
-0.1494 3.3798 0.5000
3.6716 23.0801 0.5000
3.6415 23.0814 0.5000
3.6053 -0.9218 0.5000
0.3229 -3.5169 0.5000
-0.1282 3.6370 0.5000
2.4624 -12.1727 0.5000
0.4402 -3.5478 0.5000
0.4184 -3.4963 0.5000
-0.9333 -2.6408 0.5000
-0.9653 -2.0989 0.5000
-0.9167 -1.1166 0.5000
-0.7529 -0.2081 0.5000
2.4166 1.1024 0.5000
-0.0983 3.5339 0.5000
-0.0978 3.5995 0.5000
8.7555 -1.9795 0.5000
3.8328 -1.0331 0.5000
-0.1308 3.5446 0.5000
3.5911 23.0802 0.5000
-0.1252 3.5940 0.5000
-0.1190 3.6843 0.5000
2.8037 -1.8033 0.5000
-0.1798 3.1614 0.5000
-0.1747 3.2058 0.5000
1.0688 -8.5283 0.5000
-0.2211 3.0526 0.5000
-0.2244 3.0240 0.5000
2.5041 1.4259 0.5000
2.4485 1.0022 0.5000
-0.6661 -0.0881 0.5000
-0.7216 0.0922 0.5000
1.8532 -6.6745 0.5000
1.7731 -12.1629 0.5000
1.7933 -12.1404 0.5000
-0.5954 0.1064 0.5000
0.8839 10.5572 0.5000
0.9263 10.6105 0.5000
2.4871 5.0093 0.5000
9.9511 3.3733 0.5000
9.6817 2.0564 0.5000
4.8596 0.6881 0.5000
9.4858 0.9016 0.5000
8.7812 -2.2017 0.5000
3.1135 -0.9296 0.5000
2.6103 -6.0056 0.5000
1.9692 -6.6054 0.5000
0.8668 10.6311 0.5000
1.9599 -6.6931 0.5000
0.3981 -3.5292 0.5000
0.7398 10.6275 0.5000
1.9789 10.2357 0.5000
-0.5999 0.0598 0.5000
-0.0900 3.8268 0.5000
0.4273 9.7957 0.5000
0.4094 9.8071 0.5000
0.6259 -3.5458 0.5000
-0.5252 0.0265 0.5000
-0.1506 3.5716 0.5000
-0.5005 -0.1348 0.5000
-0.1867 -1.1311 0.5000
-0.6384 -0.0762 0.5000
-0.6602 -0.0334 0.5000
-0.6186 0.0265 0.5000
0.1268 -1.7553 0.5000
1.9041 -3.6465 0.5000
1.9630 -3.6584 0.5000
0.5196 -3.5834 0.5000
0.9401 -8.7630 0.5000
-0.0922 3.4171 0.5000
4.6084 0.7860 0.5000
3.6655 -0.9669 0.5000
-1.1779 -3.8198 0.5000
9.1142 -1.4158 0.5000
-0.1446 3.4142 0.5000
1.7206 16.0052 0.5000
1.8233 15.9652 0.5000
1.7913 6.8655 0.5000
1.9909 5.1471 0.5000
8.9169 -1.8092 0.5000
-0.0965 3.7477 0.5000
2.1365 15.9024 0.5000
2.8928 21.4582 0.5000
-1.1110 -3.7470 0.5000
-0.4885 0.0415 0.5000
-0.6098 0.1386 0.5000
-0.6905 0.2819 0.5000
-0.6077 0.6103 0.5000
0.2383 9.4695 0.5000
2.6406 1.4815 0.5000
2.3491 1.0202 0.5000
2.4444 -5.8925 0.5000
3.2334 -12.8796 0.5000
1.6338 -12.0746 0.5000
-1.0873 -3.8101 0.5000
-0.1510 3.5209 0.5000
0.4983 -3.5198 0.5000
0.0048 -3.3426 0.5000
0.0750 -3.3998 0.5000
-0.8928 -1.5959 0.5000
-0.6838 -0.9019 0.5000
-0.6445 -0.2146 0.5000
-0.5995 -0.1080 0.5000
-0.7374 -0.0445 0.5000
-0.7170 0.0150 0.5000
-0.8389 -1.4250 0.5000
-0.8348 -1.3959 0.5000
1.5990 -6.6659 0.5000
0.6316 -3.5962 0.5000
1.0048 -8.7019 0.5000
-1.1539 -3.6433 0.5000
3.8532 -1.0206 0.5000
2.7390 -1.0864 0.5000
2.0188 15.9349 0.5000
2.0728 5.0783 0.5000
2.7675 5.0332 0.5000
1.9094 15.9558 0.5000
5.5325 0.5864 0.5000
-0.0644 3.9811 0.5000
2.6421 21.4819 0.5000
2.7442 21.4938 0.5000
2.8135 5.0257 0.5000
9.1345 -1.5178 0.5000
5.6582 -4.1897 0.5000
3.1627 -12.8771 0.5000
-1.4167 -4.6515 0.5000
-1.0373 -2.6620 0.5000
-0.5985 0.0437 0.5000
2.3196 1.2566 0.5000
2.4928 1.3016 0.5000
2.0995 -6.6556 0.5000
0.0777 -3.3238 0.5000
-0.9959 -2.1583 0.5000
-0.0893 -1.7057 0.5000
-0.7632 -1.5705 0.5000
-0.7946 -1.6101 0.5000
-0.3123 0.0427 0.5000
2.2944 1.1313 0.5000
1.3628 -8.7893 0.5000
1.4758 -9.4440 0.5000
-0.4574 1.0400 0.5000
-0.0920 3.4920 0.5000
0.0661 9.5354 0.5000
0.0907 9.4726 0.5000
1.6714 15.9993 0.5000
1.7010 15.9703 0.5000
2.7310 5.0111 0.5000
9.4493 0.8168 0.5000
9.3184 -0.2570 0.5000
9.1148 -1.2919 0.5000
8.6414 -2.2040 0.5000
2.0323 -6.3555 0.5000
-0.1316 3.4771 0.5000
1.0570 9.4234 0.5000
0.5977 -3.5271 0.5000
1.0139 9.4680 0.5000
2.6385 5.0626 0.5000
5.0247 1.8498 0.5000
9.4383 1.0317 0.5000
8.7381 -2.0388 0.5000
1.0084 -3.5279 0.5000
-0.3516 0.0055 0.5000
-0.1877 3.3249 0.5000
0.7101 6.5144 0.5000
0.6994 6.0410 0.5000
1.8720 9.3177 0.5000
1.9888 5.5855 0.5000
1.9998 5.6782 0.5000
2.3401 1.0644 0.5000
2.1031 -3.7473 0.5000
0.7108 -3.5432 0.5000
0.7472 -3.5746 0.5000
-0.3833 -0.0770 0.5000
-0.3216 -0.0463 0.5000
-0.2438 2.9679 0.5000
-0.3351 -0.0756 0.5000
-0.1364 3.1449 0.5000
-0.1915 3.0809 0.5000
3.4708 -0.9668 0.5000
2.9002 -5.3528 0.5000
3.2800 -6.1805 0.5000
2.9966 -12.9678 0.5000
1.0987 -8.6329 0.5000
0.7851 -3.6044 0.5000
-0.4786 0.0561 0.5000
0.4917 9.4746 0.5000
0.5367 9.4572 0.5000
3.0686 21.4089 0.5000
2.9255 4.9724 0.5000
1.9130 -6.7009 0.5000
1.9180 -6.7695 0.5000
-0.1239 3.1838 0.5000
-0.1379 3.2279 0.5000
-0.1986 3.2501 0.5000
0.6093 6.5176 0.5000
0.5963 5.8826 0.5000
3.4999 -6.1392 0.5000
2.0384 -6.7568 0.5000
-0.7643 -3.3658 0.5000
-0.2179 3.1301 0.5000
3.1918 -5.0844 0.5000
0.1431 -1.8599 0.5000
-0.9978 -3.0332 0.5000
-0.9850 -3.0548 0.5000
-0.8599 -1.5074 0.5000
0.1327 -1.9142 0.5000
-0.8442 -1.5604 0.5000
-0.7616 -0.9934 0.5000
-0.3793 -0.1229 0.5000
1.7591 -3.8100 0.5000
1.8279 -3.8593 0.5000
1.8866 -6.6403 0.5000
0.8254 -3.5614 0.5000
1.2054 -8.5989 0.5000
-1.5591 -5.0017 0.5000
2.7176 -5.9742 0.5000
0.5473 -3.5302 0.5000
-1.0626 -2.9631 0.5000
2.8884 5.0180 0.5000
2.7893 -1.5544 0.5000
2.0421 -3.7926 0.5000
-0.4286 0.0571 0.5000
-0.1970 3.0318 0.5000
4.8253 0.6983 0.5000
7.7600 -2.2273 0.5000
1.7974 15.9473 0.5000
0.6946 -3.5667 0.5000
2.1267 -3.7797 0.5000
1.8104 -6.6151 0.5000
0.8294 -3.5481 0.5000
-0.6480 -0.9021 0.5000
-1.1429 -3.2104 0.5000
5.5623 0.5450 0.5000
-0.0497 3.6642 0.5000
-0.0375 3.7332 0.5000
1.7119 2.0400 0.5000
3.2025 4.6773 0.5000
2.3704 2.5164 0.5000
9.4298 1.2391 0.5000
1.8917 -6.8006 0.5000
-1.5531 -5.0558 0.5000
3.2032 4.9270 0.5000
-0.0965 3.7505 0.5000
0.9019 9.3861 0.5000
3.1508 4.8371 0.5000
2.9432 -12.8642 0.5000
1.3692 -12.0162 0.5000
0.0659 -3.4284 0.5000
-1.4980 -4.9789 0.5000
-1.4640 -4.8640 0.5000
-0.5297 0.0981 0.5000
1.8880 9.2812 0.5000
3.1495 4.8843 0.5000
3.1431 4.8001 0.5000
3.7506 -0.9428 0.5000
2.0128 -6.6802 0.5000
-0.7053 -3.3606 0.5000
-0.1506 3.4051 0.5000
1.6785 2.1858 0.5000
1.6700 1.6600 0.5000
-0.7988 -1.7267 0.5000
-0.2846 -1.1016 0.5000
3.0725 0.9634 0.5000
1.7526 -3.5150 0.5000
0.9394 -3.5887 0.5000
0.1042 -3.4073 0.5000
-0.5069 -4.0968 0.5000
-0.8743 -1.6176 0.5000
-1.0052 -1.7150 0.5000
1.8844 -6.7167 0.5000
1.8356 -6.7252 0.5000
-1.6018 -5.1897 0.5000
-0.3741 0.0591 0.5000
3.2379 4.8845 0.5000
3.1539 4.6599 0.5000
3.6294 4.3346 0.5000
9.2806 -0.7989 0.5000
-1.6303 -5.3714 0.5000
0.9724 9.3889 0.5000
3.1004 4.5467 0.5000
9.3793 0.6987 0.5000
-1.5265 -5.1169 0.5000
0.9332 9.4250 0.5000
3.1244 4.7480 0.5000
3.0876 4.5489 0.5000
9.4890 1.3745 0.5000
9.1807 -0.6575 0.5000
2.7964 -1.0471 0.5000
-1.4726 -5.2763 0.5000
-1.4660 -5.1846 0.5000
-0.9999 -2.9760 0.5000
0.6970 6.3068 0.5000
3.1892 4.9713 0.5000
1.7438 2.0804 0.5000
2.3808 2.5672 0.5000
0.6717 -3.5423 0.5000
-0.8258 -1.7067 0.5000
-0.2035 3.2811 0.5000
4.6406 0.7495 0.5000
1.7909 1.9558 0.5000
1.7540 1.9183 0.5000
2.4348 2.5043 0.5000
1.0946 -3.6545 0.5000
3.2920 4.8747 0.5000
2.4056 2.5798 0.5000
0.8861 9.3876 0.5000
1.9880 9.4372 0.5000
3.1038 4.6975 0.5000
3.5679 4.3252 0.5000
0.8251 9.4110 0.5000
0.8327 9.3696 0.5000
1.9024 9.3839 0.5000
1.9136 9.2919 0.5000
3.0950 4.6197 0.5000
3.5522 4.3745 0.5000
3.6173 4.3713 0.5000
7.8070 -2.0529 0.5000
1.8300 -12.1416 0.5000
-1.5633 -5.9438 0.5000
-1.5522 -5.8831 0.5000
-0.2537 2.9008 0.5000
0.6566 6.5136 0.5000
1.7105 1.9572 0.5000
2.7341 -0.9592 0.5000
0.7927 -3.5770 0.5000
-0.4376 -0.0851 0.5000
-0.3475 -1.1638 0.5000
0.8551 -3.5825 0.5000
-0.9139 -2.0880 0.5000
1.0169 -3.4586 0.5000
1.2760 -8.6366 0.5000
-1.1526 -3.3357 0.5000
-0.5852 0.1872 0.5000
1.7817 1.8997 0.5000
2.4848 2.5269 0.5000
4.6872 0.7260 0.5000
4.4188 -1.0569 0.5000
-0.1212 -3.3595 0.5000
-1.1872 -3.4943 0.5000
2.0412 9.5012 0.5000
3.6574 4.3069 0.5000
4.2956 4.2373 0.5000
4.3196 4.2057 0.5000
3.1503 4.7473 0.5000
3.0816 4.4787 0.5000
4.3971 4.2371 0.5000
1.9026 9.4160 0.5000
4.2842 4.2700 0.5000
7.8090 -2.0237 0.5000
-1.6181 -6.2899 0.5000
0.6838 6.4493 0.5000
-0.1213 -2.7339 0.5000
-1.1407 -3.9171 0.5000
-0.7978 -1.4814 0.5000
-0.4894 -1.0200 0.5000
-0.5308 -0.0642 0.5000
-0.3005 -1.6953 0.5000
-0.8173 -1.4988 0.5000
-1.2424 -3.8091 0.5000
-0.6775 0.3376 0.5000
3.0891 4.9874 0.5000
3.1258 4.9382 0.5000
3.4731 4.3830 0.5000
3.4556 4.3453 0.5000
4.1019 4.2963 0.5000
4.1427 4.2277 0.5000
4.8191 4.1493 0.5000
4.8526 4.1237 0.5000
9.6483 1.8342 0.5000
4.0908 -1.0511 0.5000
3.3138 -3.6167 0.5000
3.1564 -3.6810 0.5000
-1.4539 -4.4523 0.5000
-0.5402 0.1267 0.5000
3.0123 4.9033 0.5000
3.0797 4.9418 0.5000
3.4493 4.3505 0.5000
4.0759 4.2932 0.5000
4.7658 4.1017 0.5000
9.3612 1.1246 0.5000
4.0288 -1.0092 0.5000
7.3559 -8.0326 0.5000
3.2338 -3.6821 0.5000
-1.4703 -4.6112 0.5000
-1.4347 -4.4650 0.5000
0.5594 6.5162 0.5000
3.0046 4.9988 0.5000
4.7862 4.1913 0.5000
9.4377 1.1092 0.5000
7.3971 -7.9570 0.5000
0.8619 -11.9533 0.5000
-1.4312 -4.5104 0.5000
-1.3858 -4.4423 0.5000
-0.1691 3.3556 0.5000
0.5066 6.5092 0.5000
2.9568 4.9679 0.5000
3.3806 4.4235 0.5000
4.0147 4.3118 0.5000
4.0672 4.3053 0.5000
4.7443 1.0026 0.5000
9.5989 2.0035 0.5000
8.7229 -1.9871 0.5000
3.3919 -3.5719 0.5000
-0.2004 3.2014 0.5000
0.4654 4.7770 0.5000
1.4586 15.9807 0.5000
2.8090 4.9357 0.5000
3.2870 4.4022 0.5000
2.2082 2.6046 0.5000
3.9411 4.3382 0.5000
2.1560 1.9716 0.5000
2.9237 -1.2703 0.5000
2.8796 -1.6212 0.5000
-0.7838 -1.6817 0.5000
-0.4828 -0.1219 0.5000
-0.2564 2.8511 0.5000
-0.2946 -1.1619 0.5000
-0.9426 -1.9074 0.5000
0.6764 5.6924 0.5000
0.6718 5.6374 0.5000
2.3172 2.5314 0.5000
2.2953 1.9467 0.5000
3.1070 1.8738 0.5000
5.5507 0.4734 0.5000
3.3861 -3.6100 0.5000
3.0826 -4.2607 0.5000
0.9117 -8.5078 0.5000
-0.2140 0.0098 0.5000
2.9703 4.9219 0.5000
3.3375 4.3599 0.5000
3.3547 4.3505 0.5000
3.9554 4.2664 0.5000
4.0419 4.2510 0.5000
4.6858 4.1274 0.5000
4.7281 4.1464 0.5000
4.4242 -4.2386 0.5000
3.2743 -3.6431 0.5000
-1.5034 -4.9367 0.5000
4.6982 4.1862 0.5000
7.7919 -2.1627 0.5000
-1.5481 -4.9539 0.5000
-1.4763 -4.8474 0.5000
3.3222 4.4359 0.5000
4.7406 4.1617 0.5000
-0.9983 -2.9315 0.5000
-0.2196 -0.0191 0.5000
0.5276 4.7948 0.5000
1.5794 15.9979 0.5000
2.8513 4.9930 0.5000
3.8764 4.3250 0.5000
4.6443 4.2257 0.5000
3.1893 -3.9331 0.5000
-0.8056 -1.6828 0.5000
-0.4832 -0.0591 0.5000
-0.1090 4.0204 0.5000
0.2450 2.8392 0.5000
1.6792 2.2460 0.5000
1.6878 1.7230 0.5000
1.6976 1.7628 0.5000
-0.4802 -1.3513 0.5000
-0.6187 -4.0819 0.5000
-0.8224 -1.5407 0.5000
1.7376 2.1525 0.5000
1.7029 1.6334 0.5000
1.7313 1.6793 0.5000
2.5987 2.4834 0.5000
3.5093 -2.7136 0.5000
3.0926 -3.9759 0.5000
-1.6201 -5.4978 0.5000
0.3238 3.0158 0.5000
0.0158 9.5549 0.5000
0.1384 9.5516 0.5000
1.1928 9.5494 0.5000
1.4332 14.8923 0.5000
2.8093 4.9670 0.5000
3.1980 4.4411 0.5000
3.2056 4.4016 0.5000
3.7551 4.2892 0.5000
3.8042 4.2886 0.5000
3.2616 2.8339 0.5000
4.5110 4.1727 0.5000
5.8048 4.4910 0.5000
3.3934 -0.9258 0.5000
3.4445 -2.7896 0.5000
7.1088 -8.8067 0.5000
0.1254 9.5150 0.5000
1.1115 9.6495 0.5000
4.4800 4.2135 0.5000
5.7614 4.5374 0.5000
10.7706 8.8503 0.5000
1.4213 16.0101 0.5000
3.7879 4.3499 0.5000
3.8151 4.3112 0.5000
4.5493 4.2208 0.5000
5.8098 4.5200 0.5000
7.2035 -8.8509 0.5000
-1.5016 -5.5056 0.5000
-1.5104 -5.4046 0.5000
-1.0091 -3.2339 0.5000
-0.6194 -0.0071 0.5000
-0.1153 9.5528 0.5000
0.9573 9.5888 0.5000
3.1420 4.4567 0.5000
2.5265 2.5428 0.5000
-0.8187 -1.8099 0.5000
-0.4055 -0.1420 0.5000
-0.8757 -1.7228 0.5000
2.8676 1.9631 0.5000
5.6331 4.5450 0.5000
8.1996 -2.2512 0.5000
7.3245 -8.0168 0.5000
3.1108 -3.8035 0.5000
-1.1766 -3.5574 0.5000
-1.0437 -2.5943 0.5000
5.5358 4.5726 0.5000
5.5577 4.5633 0.5000
3.1879 -3.8329 0.5000
-1.1951 -3.7481 0.5000
5.4829 4.5860 0.5000
3.5043 -0.9089 0.5000
-1.6928 -6.2983 0.5000
-1.1333 -3.6667 0.5000
5.4911 4.6044 0.5000
5.5302 4.6014 0.5000
8.2641 -2.1444 0.5000
-1.7032 -6.6525 0.5000
-0.8948 -2.4890 0.5000
-0.4295 0.0022 0.5000
1.8981 5.1734 0.5000
4.1606 4.3018 0.5000
4.1460 4.3031 0.5000
5.3576 4.6321 0.5000
5.3267 4.6673 0.5000
-0.7888 -1.5294 0.5000
1.6907 2.1017 0.5000
1.7560 1.8067 0.5000
-1.2378 -3.8626 0.5000
3.1541 5.0095 0.5000
6.3658 4.4228 0.5000
3.1842 -0.9494 0.5000
3.3020 -3.6542 0.5000
6.1888 4.4464 0.5000
6.2875 4.4169 0.5000
9.3868 1.0524 0.5000
3.9924 -1.0375 0.5000
-1.4571 -4.5623 0.5000
2.0543 6.3029 0.5000
5.3354 4.6022 0.5000
3.8997 -0.9971 0.5000
3.0526 5.0280 0.5000
3.4257 4.4026 0.5000
4.8129 4.1771 0.5000
0.4018 6.5474 0.5000
1.5138 15.9830 0.5000
4.6576 4.2112 0.5000
6.0083 4.5523 0.5000
3.2527 2.1584 0.5000
-0.6475 -0.1046 0.5000
-0.1193 3.9086 0.5000
-0.2987 0.0380 0.5000
-0.0943 3.3479 0.5000
2.9711 4.8951 0.5000
2.3364 2.5639 0.5000
2.6600 2.4799 0.5000
4.0452 4.2469 0.5000
6.0639 4.3751 0.5000
9.4266 0.9862 0.5000
9.1006 -0.9966 0.5000
2.7808 -1.0781 0.5000
3.3408 -2.6318 0.5000
3.0924 -4.2427 0.5000
3.9203 4.2540 0.5000
4.6493 4.1806 0.5000
5.9552 4.4802 0.5000
6.0872 4.4829 0.5000
-1.5541 -5.3474 0.5000
-1.5783 -5.1769 0.5000
0.5051 6.5601 0.5000
6.0037 4.5226 0.5000
6.1117 4.5014 0.5000
3.1288 -4.2100 0.5000
-1.5314 -5.2209 0.5000
-1.5305 -5.0656 0.5000
0.4726 6.5533 0.5000
5.9934 4.5057 0.5000
3.7755 -0.9707 0.5000
0.0993 -12.3604 0.5000
-1.0131 -3.1947 0.5000
-0.0633 9.5500 0.5000
1.1408 14.8514 0.5000
1.7131 6.3258 0.5000
2.1749 2.6362 0.5000
2.5509 2.5009 0.5000
2.4771 2.4446 0.5000
-0.8426 -1.8620 0.5000
-0.5987 -0.0862 0.5000
1.7367 1.7100 0.5000
2.2544 1.0937 0.5000
-0.1474 -3.2853 0.5000
-0.8792 -1.8329 0.5000
-0.0443 3.7723 0.5000
2.4669 2.5841 0.5000
5.5654 4.5459 0.5000
8.5698 -2.2750 0.5000
3.1746 -3.7795 0.5000
-1.8102 -6.6900 0.5000
-1.1625 -3.7725 0.5000
4.2181 4.2222 0.5000
-1.1776 -3.8651 0.5000
4.2157 4.2686 0.5000
3.4781 -2.6376 0.5000
-1.7148 -6.5573 0.5000
-1.1230 -3.7692 0.5000
3.5015 4.3617 0.5000
5.4093 4.6033 0.5000
6.4143 4.4979 0.5000
4.4881 -4.1430 0.5000
0.4616 -3.4981 0.5000
0.1132 -1.9871 0.5000
0.3171 3.0862 0.5000
1.7498 2.1368 0.5000
2.2773 2.5745 0.5000
2.2210 1.9001 0.5000
0.1900 -3.4486 0.5000
-0.8727 -1.6887 0.5000
1.1719 9.5982 0.5000
3.1927 2.1712 0.5000
5.8983 4.4981 0.5000
3.2156 -0.9065 0.5000
7.5021 -6.8894 0.5000
-1.6739 -5.7973 0.5000
-1.6165 -5.5873 0.5000
0.0940 9.5503 0.5000
5.7301 4.5263 0.5000
-1.5833 -5.5724 0.5000
5.7316 4.5814 0.5000
5.8182 4.5525 0.5000
9.0810 -1.2719 0.5000
3.4692 -2.7548 0.5000
7.2176 -8.8465 0.5000
0.1375 -12.3718 0.5000
-1.5949 -5.7191 0.5000
-0.0738 9.5208 0.5000
1.0607 14.8642 0.5000
2.7288 4.9885 0.5000
3.7221 4.3484 0.5000
3.7421 4.3567 0.5000
4.4168 4.2344 0.5000
5.6558 4.5762 0.5000
9.3410 0.4858 0.5000
7.0539 -1.8991 0.5000
7.7013 -6.6919 0.5000
7.2148 -7.8575 0.5000
3.2361 -3.7062 0.5000
-0.6461 0.0623 0.5000
1.6947 1.8239 0.5000
1.6906 1.8571 0.5000
-0.8764 -1.7745 0.5000
-0.3426 1.8917 0.5000
0.4280 3.7217 0.5000
2.5353 18.4074 0.5000
2.8127 20.1010 0.5000
3.1982 4.9037 0.5000
3.5064 4.3353 0.5000
4.1609 4.2219 0.5000
5.2079 4.4134 0.5000
5.4286 4.5995 0.5000
6.4166 4.4133 0.5000
8.7273 -2.1928 0.5000
7.3215 -8.1367 0.5000
-1.4526 -4.5055 0.5000
-1.4008 -4.4141 0.5000
9.2992 0.0751 0.5000
-1.2914 -4.1471 0.5000
0.7479 6.4717 0.5000
4.1827 4.2570 0.5000
8.8809 -2.1353 0.5000
7.2559 -7.9433 0.5000
-0.4368 -3.4400 0.5000
-1.3785 -4.4666 0.5000
0.6496 6.4721 0.5000
2.3959 20.3834 0.5000
5.2782 4.6610 0.5000
3.3741 -0.8905 0.5000
3.4002 -3.5800 0.5000
3.1838 -4.2446 0.5000
-0.4995 -0.0311 0.5000
2.2398 1.9677 0.5000
1.7495 2.2282 0.5000
-0.1625 -3.3874 0.5000
1.0348 9.3523 0.5000
1.1086 9.4001 0.5000
2.7521 4.9630 0.5000
3.7292 4.2929 0.5000
4.4079 4.1982 0.5000
4.4918 4.1897 0.5000
5.6879 4.5293 0.5000
5.7347 4.4530 0.5000
8.0545 -2.3229 0.5000
3.1357 -3.9457 0.5000
3.0900 -5.1059 0.5000
-1.7484 -6.1399 0.5000
-1.6815 -5.9125 0.5000
-0.1884 3.1462 0.5000
7.2236 -8.6711 0.5000
-1.6356 -5.8142 0.5000
0.1734 2.9154 0.5000
3.1011 4.4446 0.5000
3.3246 -0.8820 0.5000
-1.6012 -6.0218 0.5000
0.7536 9.4028 0.5000
1.8987 9.2302 0.5000
4.3291 4.2609 0.5000
5.5536 4.6047 0.5000
3.2946 -3.5798 0.5000
0.0485 -3.2915 0.5000
-0.7858 -1.4094 0.5000
-0.9159 -1.8986 0.5000
3.1288 -4.1575 0.5000
1.0661 9.3819 0.5000
1.1329 9.4571 0.5000
2.1300 9.2413 0.5000
9.4487 0.5183 0.5000
-1.5149 -4.8524 0.5000
-1.5030 -4.7838 0.5000
9.1372 -1.3780 0.5000
8.7984 -2.2610 0.5000
-1.4814 -4.6747 0.5000
-0.0464 9.5162 0.5000
1.1734 14.8595 0.5000
5.7921 4.5514 0.5000
9.2346 -0.3667 0.5000
8.5461 -2.1956 0.5000
-1.4109 -4.7547 0.5000
-0.2036 3.1783 0.5000
0.7751 9.3527 0.5000
3.0471 4.4755 0.5000
3.0251 2.1680 0.5000
-0.8392 -1.6371 0.5000
0.1578 -1.7324 0.5000
-0.5046 -0.8628 0.5000
-0.5945 -4.0840 0.5000
3.2913 4.3891 0.5000
2.3015 2.0507 0.5000
2.6103 2.5415 0.5000
3.3433 2.7095 0.5000
4.0407 -1.0655 0.5000
3.3687 -2.8131 0.5000
3.0109 -5.1196 0.5000
1.4692 14.8616 0.5000
3.8961 4.2937 0.5000
4.5801 4.1916 0.5000
5.9343 4.4939 0.5000
3.4424 -2.8033 0.5000
7.1288 -8.9145 0.5000
-1.6100 -5.6925 0.5000
-1.6107 -5.5240 0.5000
5.9013 4.5160 0.5000
-1.5733 -5.3853 0.5000
1.3859 16.0132 0.5000
4.0796 -1.0096 0.5000
3.1805 -4.1484 0.5000
-0.2357 9.5944 0.5000
1.6207 6.4133 0.5000
2.6504 4.9742 0.5000
3.2215 2.8351 0.5000
-0.1789 -1.6318 0.5000
1.7060 1.8336 0.5000
0.7011 5.8826 0.5000
5.3966 4.5894 0.5000
6.3706 4.3690 0.5000
9.3472 -0.2185 0.5000
9.0694 -1.2292 0.5000
-1.5035 -4.5856 0.5000
4.0750 4.2329 0.5000
3.1075 4.9630 0.5000
4.8635 4.1590 0.5000
3.2169 -3.6290 0.5000
-1.4140 -4.6114 0.5000
2.2880 18.8585 0.5000
4.0717 -0.9944 0.5000
0.3525 6.5435 0.5000
0.4940 5.8831 0.5000
1.6810 2.0720 0.5000
2.2722 2.6022 0.5000
3.1337 2.0484 0.5000
-0.4489 -4.0764 0.5000
-0.2545 3.0010 0.5000
-0.6695 -0.1601 0.5000
0.0233 9.5192 0.5000
1.3966 14.8682 0.5000
9.0286 -1.6734 0.5000
7.5998 -6.8142 0.5000
7.2663 -8.3323 0.5000
3.1137 -3.9655 0.5000
-1.6585 -5.7429 0.5000
7.2347 -8.7949 0.5000
-1.5776 -5.7973 0.5000
-1.6000 -5.6413 0.5000
7.4429 -8.1769 0.5000
1.8025 9.4216 0.5000
2.9983 2.1262 0.5000
2.8795 2.0688 0.5000
-0.3017 2.6003 0.5000
-0.2142 -1.6425 0.5000
-0.4005 -0.0026 0.5000
1.7552 1.7802 0.5000
3.1121 -3.7283 0.5000
-0.9308 -2.3691 0.5000
-0.9302 -1.8265 0.5000
0.8009 6.4851 0.5000
5.5433 4.5392 0.5000
8.6323 -2.2668 0.5000
3.1119 -3.7878 0.5000
-1.2247 -3.7726 0.5000
7.2897 -8.2556 0.5000
-1.2431 -3.9335 0.5000
-1.7395 -6.7576 0.5000
-1.7424 -6.6109 0.5000
4.5461 -4.1204 0.5000
0.4693 6.5412 0.5000
0.6660 5.5092 0.5000
1.7966 2.0298 0.5000
5.5244 0.5459 0.5000
7.0476 -8.9207 0.5000
3.0589 -4.1596 0.5000
3.0834 -4.3245 0.5000
1.7772 15.9829 0.5000
3.9671 4.2464 0.5000
5.8274 4.2877 0.5000
6.1460 4.4475 0.5000
-1.5533 -5.1418 0.5000
7.8295 -2.1224 0.5000
3.9997 4.3208 0.5000
8.8654 -1.8194 0.5000
4.4713 -4.1950 0.5000
3.1428 -4.2540 0.5000
-1.4710 -5.0795 0.5000
1.3719 16.0621 0.5000
4.5866 4.2167 0.5000
3.2747 2.7565 0.5000
3.2153 -3.8862 0.5000
3.1741 -5.1061 0.5000
-0.1002 3.9712 0.5000
-0.5467 -0.1518 0.5000
-0.5327 -0.0182 0.5000
0.3067 2.9887 0.5000
0.1581 9.5695 0.5000
3.1000 -5.0918 0.5000
1.1575 9.6215 0.5000
-0.0481 9.5599 0.5000
7.6874 -6.7552 0.5000
-1.5705 -5.8105 0.5000
1.6184 6.5242 0.5000
3.6765 4.3596 0.5000
4.3895 4.2856 0.5000
-0.4067 -0.9507 0.5000
4.9025 4.1285 0.5000
9.4244 0.7918 0.5000
7.0300 -2.0246 0.5000
-1.5063 -4.8222 0.5000
7.4274 -7.9992 0.5000
-1.4088 -4.7490 0.5000
1.9660 15.9532 0.5000
3.4097 -0.8939 0.5000
2.8754 4.9263 0.5000
2.2907 2.0613 0.5000
5.8144 4.3667 0.5000
3.1069 -4.0778 0.5000
-1.0837 -3.2006 0.5000
7.1685 -8.9246 0.5000
-1.5594 -5.4298 0.5000
0.1434 9.4723 0.5000
8.5523 -2.1524 0.5000
-1.5455 -5.3816 0.5000
1.3301 16.0209 0.5000
5.8630 4.5516 0.5000
9.4237 0.3537 0.5000
7.3575 -8.3468 0.5000
3.2419 -4.1199 0.5000
-1.0225 -2.5382 0.5000
-0.2953 9.5958 0.5000
1.6025 6.4663 0.5000
1.6481 2.2490 0.5000
1.7494 1.7799 0.5000
-0.1946 -1.7869 0.5000
0.8097 6.3907 0.5000
3.0698 21.4697 0.5000
3.1409 21.4240 0.5000
5.4894 4.5353 0.5000
3.9565 -1.0848 0.5000
-1.4654 -4.3838 0.5000
3.9117 -1.0010 0.5000
7.1846 -7.9798 0.5000
9.2890 0.0151 0.5000
3.8022 -0.9725 0.5000
7.1446 -7.8905 0.5000
2.7051 21.5493 0.5000
6.3731 4.4878 0.5000
1.7206 15.9367 0.5000
2.9593 5.0108 0.5000
2.9674 1.8606 0.5000
0.3506 3.1300 0.5000
3.2500 2.7270 0.5000
7.5766 -6.8763 0.5000
7.2695 -8.4019 0.5000
0.0834 9.6022 0.5000
-1.5980 -5.5368 0.5000
9.3470 0.5847 0.5000
-1.5775 -5.6747 0.5000
-1.5056 -5.4746 0.5000
9.3192 0.4027 0.5000
9.1667 -0.5302 0.5000
7.0980 -1.9152 0.5000
7.6918 -6.6902 0.5000
7.3435 -8.0639 0.5000
3.2103 -3.7982 0.5000
0.7387 6.6397 0.5000
1.7851 9.4719 0.5000
2.4761 1.3560 0.5000
0.4021 3.6958 0.5000
2.9316 1.6380 0.5000
2.6860 19.7261 0.5000
5.1874 4.3826 0.5000
-1.5279 -4.6408 0.5000
5.1358 4.3509 0.5000
6.2894 4.4743 0.5000
7.6272 -6.6523 0.5000
3.6185 -2.6130 0.5000
-1.4399 -4.5806 0.5000
2.1793 18.5589 0.5000
9.2738 -0.0014 0.5000
3.4037 -0.9431 0.5000
3.1533 -4.1968 0.5000
2.2437 2.5565 0.5000
1.9743 15.9495 0.5000
2.0998 15.9381 0.5000
3.0155 4.8769 0.5000
6.2228 4.4414 0.5000
7.0997 -1.9807 0.5000
-1.4610 -4.9258 0.5000
-1.4852 -4.7150 0.5000
2.9036 4.9119 0.5000
6.0942 4.5538 0.5000
2.5376 2.4804 0.5000
7.1930 -8.2357 0.5000
-0.3909 1.5896 0.5000
-0.1413 3.0840 0.5000
3.6980 4.2997 0.5000
4.3999 4.1989 0.5000
8.1481 -2.2536 0.5000
7.1694 -8.5515 0.5000
-0.1197 -3.3122 0.5000
-1.7934 -6.3395 0.5000
-1.6606 -6.0077 0.5000
0.9541 9.4421 0.5000
3.0763 4.4483 0.5000
5.6076 4.5818 0.5000
8.1320 -2.1830 0.5000
3.1453 -5.0850 0.5000
-1.6072 -6.2225 0.5000
-1.1410 -3.8032 0.5000
-0.3613 -0.0020 0.5000
-1.0683 -1.9680 0.5000
2.1664 10.4039 0.5000
2.0580 9.5608 0.5000
2.8048 1.9027 0.5000
6.6530 4.3419 0.5000
8.4643 -2.3159 0.5000
3.6752 -1.0039 0.5000
3.1996 -3.6366 0.5000
-1.7609 -6.4969 0.5000
-1.1618 -3.6552 0.5000
0.8754 9.4077 0.5000
1.9887 9.7087 0.5000
-1.6519 -6.3243 0.5000
1.8606 9.5970 0.5000
7.5127 -7.8580 0.5000
2.4073 20.2210 0.5000
-0.0973 -2.7307 0.5000
0.1683 -1.9019 0.5000
-0.1431 3.0049 0.5000
0.8181 6.4016 0.5000
2.9352 20.3236 0.5000
-0.4341 -3.3465 0.5000
9.1140 -0.9075 0.5000
-1.2807 -4.0752 0.5000
2.6803 21.5317 0.5000
2.3291 2.6362 0.5000
0.3505 3.1730 0.5000
0.1833 9.4710 0.5000
1.5418 16.0093 0.5000
4.7394 0.6782 0.5000
3.0835 -4.0050 0.5000
5.9073 4.5515 0.5000
3.4765 -3.6238 0.5000
0.0317 -12.3779 0.5000
-1.4515 -5.3449 0.5000
1.2435 16.0328 0.5000
9.3472 1.4312 0.5000
4.1847 -0.9972 0.5000
3.2435 -5.0851 0.5000
0.7077 9.3749 0.5000
2.3742 1.2604 0.5000
5.7600 4.4530 0.5000
-1.6822 -5.9778 0.5000
-1.6588 -5.8105 0.5000
1.1008 9.5931 0.5000
-1.6367 -5.7390 0.5000
1.1408 14.3263 0.5000
7.7040 -6.7306 0.5000
0.2661 -12.4458 0.5000
-0.7471 -1.4044 0.5000
0.8105 6.2842 0.5000
3.4911 2.0941 0.5000
3.1765 -3.7101 0.5000
7.2004 -7.9858 0.5000
-1.4206 -4.3073 0.5000
9.5288 1.0374 0.5000
7.1728 -7.9185 0.5000
-1.7056 -6.9061 0.5000
2.1059 6.3439 0.5000
6.3623 4.5011 0.5000
3.4613 -0.8778 0.5000
-0.4815 -4.1301 0.5000
2.1959 15.9255 0.5000
2.2809 15.9522 0.5000
-1.5210 -4.7318 0.5000
5.1072 4.4091 0.5000
9.2891 0.1826 0.5000
4.1118 -1.0374 0.5000
7.6751 -6.6294 0.5000
9.3413 0.9830 0.5000
1.7505 2.0871 0.5000
3.7167 -1.0398 0.5000
1.5654 16.0112 0.5000
1.6700 16.0155 0.5000
5.8699 4.4438 0.5000
3.4002 -3.6075 0.5000
-1.6056 -5.4257 0.5000
8.5349 -2.2433 0.5000
-1.5292 -5.2933 0.5000
5.6588 4.4189 0.5000
-0.2533 2.9566 0.5000
2.3091 1.2239 0.5000
2.4909 2.4575 0.5000
2.9648 2.0377 0.5000
-1.8239 -6.5030 0.5000
6.5213 4.3743 0.5000
2.0300 10.1048 0.5000
-1.6736 -6.3962 0.5000
-1.1240 -3.6475 0.5000
3.2015 -3.8186 0.5000
-1.6828 -6.5708 0.5000
0.6685 6.4508 0.5000
2.6462 21.5499 0.5000
-0.2040 3.3012 0.5000
2.9258 1.7476 0.5000
7.3489 -7.9782 0.5000
5.1663 4.4398 0.5000
2.6109 21.7268 0.5000
-1.3869 -4.5871 0.5000
3.0033 1.9076 0.5000
3.2549 -6.1320 0.5000
0.3561 3.3701 0.5000
7.0476 -2.0613 0.5000
7.2338 -8.5514 0.5000
7.0459 -9.1222 0.5000
3.0996 -4.0778 0.5000
3.1424 -5.1115 0.5000
0.0221 0.0291 0.5000
0.6158 5.8899 0.5000
1.6344 16.0111 0.5000
3.2740 2.7198 0.5000
7.1152 -9.1198 0.5000
3.3261 -6.1495 0.5000
0.4057 6.5890 0.5000
7.6520 -6.9195 0.5000
7.3727 -8.4663 0.5000
3.4604 -3.5886 0.5000
-1.4485 -5.0240 0.5000
0.4446 4.7647 0.5000
1.6863 1.6112 0.5000
2.1941 -3.6598 0.5000
1.7135 1.9371 0.5000
0.0987 -1.9643 0.5000
3.0778 -0.9485 0.5000
-0.8847 -2.0519 0.5000
2.8197 0.9783 0.5000
2.8880 0.9885 0.5000
8.4847 -2.3652 0.5000
1.9792 -3.7990 0.5000
6.6645 4.3613 0.5000
2.7017 0.9457 0.5000
9.1675 -1.2835 0.5000
2.0143 -6.7415 0.5000
0.0169 9.4976 0.5000
1.2620 16.0083 0.5000
6.5123 4.2783 0.5000
7.8875 -2.0212 0.5000
7.4622 -8.0411 0.5000
0.6882 9.3885 0.5000
1.8221 9.6807 0.5000
1.7018 1.8657 0.5000
2.3088 -8.8619 0.5000
1.2179 -8.6684 0.5000
-0.6499 -0.1884 0.5000
0.4092 3.5967 0.5000
2.9039 -5.9340 0.5000
1.4917 -6.5983 0.5000
3.0057 21.4892 0.5000
9.5532 1.9632 0.5000
3.1161 -6.1422 0.5000
2.0842 -3.6984 0.5000
5.1785 4.5635 0.5000
5.2945 4.5958 0.5000
9.8560 3.2363 0.5000
7.3294 -8.3276 0.5000
3.7310 -6.1541 0.5000
3.3754 4.3484 0.5000
5.2712 4.6333 0.5000
7.3287 -8.3707 0.5000
2.0759 -3.7619 0.5000
2.9146 23.2101 0.5000
7.2799 4.2451 0.5000
8.9014 -1.9608 0.5000
3.2907 -6.0656 0.5000
1.0444 -11.9950 0.5000
2.8707 23.2065 0.5000
9.4475 2.0898 0.5000
-0.1385 9.5036 0.5000
1.1009 14.9069 0.5000
3.1597 4.4505 0.5000
3.7839 4.3557 0.5000
-0.0923 3.3581 0.5000
2.4203 1.8926 0.5000
3.0320 2.0638 0.5000
2.9654 1.6182 0.5000
1.6287 -3.9498 0.5000
1.1338 -3.6734 0.5000
3.2001 4.7058 0.5000
6.5774 4.2126 0.5000
9.8122 2.6575 0.5000
9.6137 1.5320 0.5000
4.3251 4.1922 0.5000
4.4507 4.2715 0.5000
6.8431 4.3827 0.5000
9.7153 2.6829 0.5000
9.7070 2.6102 0.5000
9.6140 1.5853 0.5000
9.5690 1.5219 0.5000
0.3302 6.5691 0.5000
2.5336 21.4995 0.5000
4.7363 4.2392 0.5000
-0.1520 3.6506 0.5000
9.8561 3.0237 0.5000
9.6911 2.9189 0.5000
9.3227 0.8278 0.5000
2.4249 -12.8015 0.5000
1.1368 -3.6388 0.5000
3.2442 4.8211 0.5000
-0.5560 -0.0308 0.5000
9.8180 3.0664 0.5000
9.7467 2.9599 0.5000
3.1992 4.3847 0.5000
4.6504 4.3622 0.5000
7.0039 4.3924 0.5000
7.2244 4.3834 0.5000
9.8841 3.5639 0.5000
9.8980 3.5067 0.5000
9.6353 2.3387 0.5000
0.5821 5.8360 0.5000
1.9926 9.1898 0.5000
4.4152 4.2623 0.5000
9.8103 3.7393 0.5000
5.0923 1.8805 0.5000
1.1565 -3.6496 0.5000
-0.3746 -4.1269 0.5000
1.6706 2.0290 0.5000
-0.6740 -0.2081 0.5000
3.4532 2.0378 0.5000
7.2740 -8.1268 0.5000
1.7105 -6.4188 0.5000
1.0994 -3.6300 0.5000
0.1930 9.5105 0.5000
1.4122 14.8282 0.5000
9.8040 2.7732 0.5000
1.3108 14.8767 0.5000
6.6204 4.4488 0.5000
2.3299 5.1020 0.5000
5.1768 4.6552 0.5000
5.0671 4.3716 0.5000
9.6608 2.0288 0.5000
3.1937 -3.8952 0.5000
0.7494 6.4498 0.5000
7.1951 4.3720 0.5000
9.8231 3.4293 0.5000
4.5847 1.5965 0.5000
9.5046 2.2457 0.5000
1.6851 1.9916 0.5000
0.5943 6.5831 0.5000
4.8262 4.0843 0.5000
9.4698 1.9447 0.5000
7.0851 -8.9378 0.5000
2.0921 -9.5746 0.5000
4.7320 4.2551 0.5000
7.1525 4.2681 0.5000
7.3035 4.2073 0.5000
9.9077 3.3145 0.5000
9.9229 3.2796 0.5000
9.5577 1.0693 0.5000
8.9290 -1.8800 0.5000
6.4057 -1.8681 0.5000
8.7231 -2.7531 0.5000
2.6765 0.9431 0.5000
2.6779 0.8989 0.5000
7.4888 -2.1198 0.5000
3.1002 4.3986 0.5000
4.5654 4.3254 0.5000
5.9535 4.5524 0.5000
6.9597 4.4058 0.5000
7.1433 4.3686 0.5000
9.6883 2.5000 0.5000
3.8834 0.9833 0.5000
7.1374 -1.9248 0.5000
2.1275 -6.4632 0.5000
-0.9336 -2.1979 0.5000
0.5330 5.8792 0.5000
0.6576 9.4208 0.5000
1.8497 10.0227 0.5000
3.0452 4.5184 0.5000
6.6610 4.4612 0.5000
0.3503 3.2495 0.5000
2.2605 2.0037 0.5000
2.4823 0.9756 0.5000
-0.1101 6.6635 0.5000
6.6475 4.1316 0.5000
6.7294 4.3652 0.5000
8.0623 4.1114 0.5000
9.7527 2.6249 0.5000
9.6812 2.5405 0.5000
9.5357 1.5340 0.5000
8.5404 -2.2696 0.5000
8.0822 -2.1876 0.5000
2.0975 -9.5112 0.5000
8.2208 4.1289 0.5000
2.6763 0.9936 0.5000
9.4401 0.4251 0.5000
8.4248 -2.2430 0.5000
8.1018 -2.2188 0.5000
3.1153 -6.0593 0.5000
6.9427 4.3644 0.5000
8.2820 4.1503 0.5000
8.2619 -2.1910 0.5000
3.0164 4.5557 0.5000
6.8487 4.4042 0.5000
8.0053 4.2812 0.5000
9.6692 2.7013 0.5000
9.5686 1.6103 0.5000
7.8931 -1.9740 0.5000
2.9801 -5.9798 0.5000
2.2104 -6.0167 0.5000
1.2287 -3.6466 0.5000
-0.1540 3.6255 0.5000
2.1219 19.5349 0.5000
2.9738 -0.9145 0.5000
2.5059 0.9232 0.5000
-0.0979 6.6838 0.5000
2.5908 18.6559 0.5000
3.2749 4.8236 0.5000
4.8530 4.0997 0.5000
7.6210 4.1462 0.5000
2.7069 0.8305 0.5000
9.4118 1.7461 0.5000
3.0694 -6.1120 0.5000
1.8935 -6.5915 0.5000
2.1657 -12.7881 0.5000
0.9512 -3.4925 0.5000
5.2212 4.6318 0.5000
7.5884 4.1796 0.5000
2.7491 0.8782 0.5000
2.5720 -12.8410 0.5000
-1.4683 -4.7772 0.5000
1.3322 15.1707 0.5000
3.1001 4.5591 0.5000
3.4405 4.3462 0.5000
7.9408 4.2262 0.5000
2.7730 0.8735 0.5000
9.3064 -0.3243 0.5000
8.8224 -2.2174 0.5000
3.2331 -6.0848 0.5000
2.1618 -6.0957 0.5000
-0.7973 -1.3857 0.5000
7.6084 4.3387 0.5000
7.7611 4.2652 0.5000
9.4768 1.8832 0.5000
3.1743 -5.9981 0.5000
1.9618 -3.8017 0.5000
2.0814 -9.9477 0.5000
3.1519 2.8098 0.5000
2.7096 2.4789 0.5000
4.8380 0.8552 0.5000
2.8737 -5.8802 0.5000
2.1142 -5.8881 0.5000
2.1154 9.5394 0.5000
4.9261 4.0957 0.5000
7.3811 4.1309 0.5000
7.4637 4.0693 0.5000
2.8160 1.1878 0.5000
9.6523 1.8093 0.5000
2.1123 9.5828 0.5000
3.3391 4.3492 0.5000
9.6605 1.9048 0.5000
9.5031 0.8301 0.5000
2.8600 -12.8605 0.5000
3.1593 4.8855 0.5000
7.7266 4.2624 0.5000
3.4175 -6.1495 0.5000
1.8701 9.6026 0.5000
5.0573 4.4826 0.5000
2.7574 1.1537 0.5000
9.6260 2.1298 0.5000
4.1327 -0.9845 0.5000
1.9209 -3.6512 0.5000
2.8763 2.1227 0.5000
-0.7216 -4.0723 0.5000
2.2834 -12.8142 0.5000
-0.9592 -1.3983 0.5000
2.1012 9.6261 0.5000
4.9520 4.3894 0.5000
2.0064 -3.8084 0.5000
7.6767 4.3000 0.5000
9.4595 0.9671 0.5000
9.3529 0.9420 0.5000
8.7993 -1.9309 0.5000
-0.2664 9.5411 0.5000
5.1309 4.5241 0.5000
3.2401 2.1554 0.5000
7.2991 4.4153 0.5000
9.5990 2.1822 0.5000
1.6974 1.9261 0.5000
5.9349 4.2669 0.5000
3.2305 1.7468 0.5000
0.6413 5.3912 0.5000
2.1760 10.5085 0.5000
3.2633 4.9089 0.5000
3.2465 4.3880 0.5000
6.8420 4.2957 0.5000
8.0973 4.0628 0.5000
9.7645 2.5406 0.5000
9.7734 2.4973 0.5000
9.5747 1.4107 0.5000
8.7128 -2.4721 0.5000
2.1999 -5.8788 0.5000
1.8687 -9.9307 0.5000
0.3074 9.4808 0.5000
3.4856 4.2822 0.5000
6.7718 4.3439 0.5000
2.9014 -5.8709 0.5000
2.2313 -12.7851 0.5000
0.2657 9.4870 0.5000
8.1433 4.2455 0.5000
9.5908 1.5517 0.5000
8.7921 -2.3135 0.5000
2.9654 -5.8400 0.5000
2.1348 -6.3367 0.5000
1.7926 -12.0815 0.5000
2.3833 20.4666 0.5000
-0.3360 -3.8733 0.5000
-0.2884 6.7072 0.5000
0.3882 9.4796 0.5000
3.9468 4.2203 0.5000
7.4979 4.1563 0.5000
9.6126 1.9535 0.5000
9.5127 0.9188 0.5000
9.5061 0.8531 0.5000
3.1859 4.3329 0.5000
2.1410 6.1210 0.5000
9.2496 -0.9105 0.5000
4.2035 -1.0369 0.5000
-0.1888 9.5416 0.5000
0.9143 9.6558 0.5000
2.5401 2.5540 0.5000
3.1882 2.7776 0.5000
5.7171 4.6141 0.5000
2.6433 2.4802 0.5000
4.6608 0.6265 0.5000
1.8027 -3.5614 0.5000
2.5797 18.7312 0.5000
4.6253 4.1281 0.5000
8.3637 4.0443 0.5000
9.7248 2.3443 0.5000
7.0992 -2.0150 0.5000
6.9020 -1.9981 0.5000
7.0896 4.3120 0.5000
8.5101 4.0789 0.5000
9.5639 1.2515 0.5000
7.7158 -2.2639 0.5000
8.5511 4.1401 0.5000
7.7520 -2.2583 0.5000
2.6916 5.0521 0.5000
3.0287 4.4014 0.5000
7.0502 4.3858 0.5000
8.2879 4.2023 0.5000
9.6363 2.4416 0.5000
4.4241 -0.9745 0.5000
2.1456 -6.6066 0.5000
1.7801 10.5689 0.5000
5.4066 4.6543 0.5000
0.8039 6.2427 0.5000
2.7207 2.4499 0.5000
3.9016 0.7817 0.5000
7.3833 4.0919 0.5000
7.6818 4.1434 0.5000
8.7262 -2.1407 0.5000
2.1515 -8.7923 0.5000
1.0358 9.6099 0.5000
3.3651 -6.1320 0.5000
0.1299 -3.5389 0.5000
0.9471 9.5723 0.5000
2.7828 1.2270 0.5000
9.4688 1.9877 0.5000
4.0198 -0.9974 0.5000
2.1566 -9.5475 0.5000
1.1092 16.0130 0.5000
1.6998 6.3290 0.5000
5.6035 4.4017 0.5000
-0.3790 -1.3311 0.5000
3.2076 2.7623 0.5000
6.8846 4.0978 0.5000
6.9053 -2.0471 0.5000
2.4092 18.0032 0.5000
7.0855 4.2951 0.5000
8.2779 4.0657 0.5000
9.7534 2.4146 0.5000
9.5659 1.3035 0.5000
8.0477 -2.3064 0.5000
7.0335 4.3022 0.5000
8.4661 4.0653 0.5000
3.0330 4.3947 0.5000
9.6514 2.4068 0.5000
8.7823 -2.4625 0.5000
7.8058 -2.1722 0.5000
0.5665 -3.5518 0.5000
1.8784 15.9473 0.5000
5.6364 4.6128 0.5000
6.7413 4.4535 0.5000
6.9378 4.4078 0.5000
9.6464 2.6271 0.5000
2.1881 -6.3509 0.5000
0.3226 9.5078 0.5000
7.2226 4.2274 0.5000
8.9577 -1.8560 0.5000
7.0144 -2.1584 0.5000
2.9060 20.6194 0.5000
8.4544 4.0315 0.5000
9.7038 2.2352 0.5000
9.5750 1.2427 0.5000
7.5547 -2.2965 0.5000
8.7406 4.0971 0.5000
9.5091 1.1616 0.5000
7.6539 -2.3037 0.5000
1.8061 -12.1505 0.5000
6.0680 4.5118 0.5000
7.9860 -2.3190 0.5000
7.3611 -2.1394 0.5000
2.4342 20.5319 0.5000
5.7282 4.3720 0.5000
6.8510 4.4547 0.5000
0.6044 6.1296 0.5000
3.2561 2.1458 0.5000
2.6338 18.9092 0.5000
9.6484 2.8062 0.5000
7.3003 1.3791 0.5000
7.2696 1.3774 0.5000
4.8068 4.2060 0.5000
2.4964 1.0042 0.5000
9.5944 1.9022 0.5000
9.6543 1.8937 0.5000
7.6535 4.2025 0.5000
7.4161 4.1813 0.5000
1.9046 9.8571 0.5000
1.9263 5.1238 0.5000
1.9061 -3.5882 0.5000
0.6393 5.4399 0.5000
2.3425 0.9546 0.5000
2.2972 0.9556 0.5000
3.0402 21.4469 0.5000
6.0889 4.4427 0.5000
7.0132 4.2923 0.5000
9.3856 1.1540 0.5000
6.8834 -2.0102 0.5000
-1.5166 -4.6812 0.5000
3.0687 4.3809 0.5000
9.6833 2.2400 0.5000
9.5561 1.1660 0.5000
7.8362 -2.2857 0.5000
7.6893 -2.2704 0.5000
7.7466 -2.2019 0.5000
8.7696 -2.6997 0.5000
4.4624 4.3023 0.5000
7.1056 4.4064 0.5000
7.0001 -1.9341 0.5000
2.0756 -6.6384 0.5000
0.5347 5.8127 0.5000
6.5740 4.4529 0.5000
-0.5437 -1.0038 0.5000
0.0161 3.9499 0.5000
2.1367 9.9223 0.5000
4.8475 0.8345 0.5000
-0.4858 -4.0949 0.5000
9.8033 2.8500 0.5000
9.8070 2.8041 0.5000
9.6013 1.6946 0.5000
7.7693 4.1595 0.5000
9.1922 -1.1666 0.5000
7.8000 4.2260 0.5000
9.8071 2.9057 0.5000
2.7922 -12.8041 0.5000
9.8262 3.1589 0.5000
9.7230 3.0535 0.5000
3.2275 -6.0397 0.5000
2.1208 -9.8718 0.5000
1.1938 16.0036 0.5000
5.8658 4.6049 0.5000
7.0043 4.4174 0.5000
-0.4797 -0.9660 0.5000
0.3581 3.2556 0.5000
7.1201 -8.6554 0.5000
2.0901 -8.9244 0.5000
-0.2080 6.6702 0.5000
6.8049 4.3066 0.5000
8.3386 -2.3659 0.5000
0.2781 9.5005 0.5000
1.1317 -3.5946 0.5000
0.2472 9.5082 0.5000
1.4527 16.0316 0.5000
3.1372 4.7908 0.5000
7.9856 4.2523 0.5000
8.8344 -2.2711 0.5000
8.2037 -2.0753 0.5000
3.2645 -3.7417 0.5000
-0.3925 6.6290 0.5000
6.1086 4.5644 0.5000
7.4211 4.4119 0.5000
9.6866 3.1555 0.5000
9.4932 2.0055 0.5000
3.8411 -0.9415 0.5000
-0.2638 6.6929 0.5000
2.1296 9.7276 0.5000
3.1795 4.5651 0.5000
4.2773 4.1820 0.5000
5.9535 1.6653 0.5000
-0.5075 -3.8320 0.5000
7.9146 4.1273 0.5000
0.2107 -12.4150 0.5000
7.9428 4.1714 0.5000
3.1721 -6.0551 0.5000
6.4303 4.5019 0.5000
1.4314 15.9924 0.5000
1.6787 2.2535 0.5000
4.7482 -4.0194 0.5000
2.1438 -8.7488 0.5000
6.9396 4.3044 0.5000
9.1915 -0.5692 0.5000
-0.3300 6.6748 0.5000
2.6737 2.0031 0.5000
5.9125 1.7347 0.5000
0.4555 5.8450 0.5000
-0.6625 -0.3385 0.5000
-0.7768 -0.1866 0.5000
-0.7197 0.1128 0.5000
0.7077 5.8478 0.5000
2.5500 -12.8128 0.5000
6.9510 4.3430 0.5000
7.6397 -6.8584 0.5000
7.6531 -6.8852 0.5000
4.5154 4.3262 0.5000
9.7029 2.3562 0.5000
2.1950 -6.2572 0.5000
5.6596 4.6464 0.5000
6.7765 4.4609 0.5000
1.9617 -3.5549 0.5000
0.7130 5.7650 0.5000
3.7890 0.7977 0.5000
-0.2927 -3.6047 0.5000
4.7316 4.3499 0.5000
9.8635 3.2842 0.5000
9.6826 2.1063 0.5000
9.8675 3.4047 0.5000
2.0279 -3.6002 0.5000
2.7120 -12.7806 0.5000
1.9387 9.1963 0.5000
0.5642 5.1946 0.5000
2.7542 1.8888 0.5000
2.7552 4.9398 0.5000
6.6051 4.2056 0.5000
1.8271 -3.6274 0.5000
6.5647 4.3050 0.5000
6.7607 4.4303 0.5000
2.0288 18.8963 0.5000
0.7101 5.9429 0.5000
2.8948 -5.2977 0.5000
2.0263 -9.5397 0.5000
1.2242 -3.6663 0.5000
9.7840 3.1679 0.5000
9.2756 1.0014 0.5000
2.6780 2.5246 0.5000
1.6410 6.3470 0.5000
2.2459 1.1384 0.5000
-0.3444 -1.1237 0.5000
-0.0672 -3.5393 0.5000
6.3382 4.3901 0.5000
9.7990 3.0445 0.5000
3.1413 -4.1411 0.5000
9.3486 0.9269 0.5000
9.6634 1.9798 0.5000
2.0336 -12.2011 0.5000
3.0049 5.0029 0.5000
5.1629 4.4953 0.5000
9.2647 0.9991 0.5000
7.2502 -8.7666 0.5000
0.5313 6.4965 0.5000
5.4857 1.8512 0.5000
-0.6137 -0.9828 0.5000
0.6631 5.8551 0.5000
6.1427 4.3708 0.5000
1.9927 -9.4621 0.5000
1.3558 -12.1296 0.5000
-0.2478 6.7302 0.5000
9.9069 3.4768 0.5000
9.6298 2.1609 0.5000
9.4168 0.1629 0.5000
4.7599 4.3592 0.5000
7.4931 -7.8849 0.5000
6.7505 -11.4763 0.5000
9.4722 2.3020 0.5000
7.3980 -8.2805 0.5000
1.9372 -3.8046 0.5000
0.7391 9.4195 0.5000
0.4590 3.8827 0.5000
0.7533 6.1381 0.5000
1.7903 2.1234 0.5000
5.4223 4.5228 0.5000
3.1317 -3.8746 0.5000
5.2412 4.4711 0.5000
9.0278 4.0177 0.5000
8.8586 4.0771 0.5000
2.1519 -6.1569 0.5000
1.2622 -3.6219 0.5000
0.8792 9.5399 0.5000
-0.8118 -1.7804 0.5000
-0.4024 2.0309 0.5000
-0.3042 2.6562 0.5000
0.4814 3.8415 0.5000
4.9277 1.8420 0.5000
9.0827 3.9402 0.5000
7.4052 4.1431 0.5000
8.9653 3.9761 0.5000
9.1429 4.0419 0.5000
9.4338 1.9213 0.5000
-0.2837 -0.0053 0.5000
8.9015 4.0935 0.5000
4.8601 1.8531 0.5000
4.6833 0.8481 0.5000
1.3311 -3.6388 0.5000
4.2458 1.5416 0.5000
-0.4373 1.2662 0.5000
-0.0499 3.6394 0.5000
8.3149 4.0919 0.5000
9.9671 3.7660 0.5000
9.9539 3.7393 0.5000
3.2437 -6.1274 0.5000
2.8589 -6.0038 0.5000
2.5772 -12.8793 0.5000
8.3542 4.1487 0.5000
9.9589 3.8304 0.5000
9.5807 1.3897 0.5000
6.9892 4.3529 0.5000
8.3477 4.1751 0.5000
9.9350 3.7877 0.5000
9.3354 0.3882 0.5000
-0.2399 -0.0578 0.5000
8.1649 4.2142 0.5000
9.8885 3.9891 0.5000
4.6990 0.9705 0.5000
3.4425 -6.0987 0.5000
0.3046 6.5378 0.5000
1.2719 15.9918 0.5000
3.9323 1.6625 0.5000
-0.1953 -1.1755 0.5000
1.3447 -3.6668 0.5000
7.8618 4.1223 0.5000
2.0251 -6.6281 0.5000
1.2702 -3.6740 0.5000
7.9666 4.1774 0.5000
9.3791 3.9470 0.5000
9.4549 3.9326 0.5000
9.4043 1.6885 0.5000
7.9529 4.2160 0.5000
9.4770 3.9822 0.5000
9.6458 2.8782 0.5000
5.6522 0.7989 0.5000
4.0469 1.6225 0.5000
0.6132 6.5869 0.5000
4.0367 1.9739 0.5000
4.1915 1.5798 0.5000
1.7142 -12.1634 0.5000
7.8011 4.1720 0.5000
9.1655 3.9470 0.5000
9.2530 3.9425 0.5000
0.0643 0.0048 0.5000
7.8472 4.2034 0.5000
9.2682 3.9864 0.5000
1.9657 -6.7453 0.5000
0.6983 9.3041 0.5000
2.2911 18.6286 0.5000
6.5438 4.3017 0.5000
7.8554 4.2527 0.5000
9.3018 4.0500 0.5000
3.9466 0.9646 0.5000
0.6277 9.3340 0.5000
1.5453 -3.6858 0.5000
-0.2490 2.4807 0.5000
7.1663 4.2399 0.5000
8.4445 4.0472 0.5000
9.3676 1.2391 0.5000
8.4412 4.0537 0.5000
8.4645 4.1301 0.5000
9.2669 -0.5865 0.5000
3.0625 -6.0737 0.5000
-1.7518 -6.6867 0.5000
8.4472 4.1602 0.5000
1.3685 -3.6922 0.5000
-1.0938 -4.2894 0.5000
-0.2579 -0.0595 0.5000
0.5685 9.3088 0.5000
1.7940 10.5385 0.5000
8.1266 4.2565 0.5000
9.7994 4.0278 0.5000
5.7075 1.7679 0.5000
9.6131 2.7027 0.5000
4.8279 0.7886 0.5000
9.3628 1.5089 0.5000
1.4903 -3.6774 0.5000
2.9158 2.1930 0.5000
1.8884 -3.5642 0.5000
-0.5748 -4.8253 0.5000
8.5829 4.0926 0.5000
2.3683 5.1006 0.5000
4.2187 4.3175 0.5000
8.6222 4.0938 0.5000
9.9404 3.6296 0.5000
2.9973 -5.8972 0.5000
8.6280 4.1908 0.5000
9.8774 3.6605 0.5000
2.8599 -0.9474 0.5000
3.1920 -3.9553 0.5000
-0.4779 -4.8555 0.5000
-1.5194 -5.6373 0.5000
0.2490 6.5100 0.5000
3.8081 4.3775 0.5000
5.8356 4.6008 0.5000
3.9040 1.6495 0.5000
8.1549 4.2525 0.5000
9.8220 4.0423 0.5000
9.6453 2.6645 0.5000
9.3332 1.4737 0.5000
-0.1544 3.7402 0.5000
1.7531 2.1926 0.5000
1.7298 -3.5542 0.5000
-1.4781 -4.4317 0.5000
-0.2980 2.1287 0.5000
0.8343 9.3467 0.5000
2.5850 18.6334 0.5000
9.9395 3.7397 0.5000
9.7224 2.4149 0.5000
5.5856 -4.3074 0.5000
-1.7202 -6.1786 0.5000
-1.4143 -4.2995 0.5000
0.0298 -0.0295 0.5000
5.5912 -4.2915 0.5000
-1.3544 -4.2374 0.5000
9.6310 2.2510 0.5000
7.6647 -4.8610 0.5000
-1.1856 -3.9236 0.5000
8.7279 4.1280 0.5000
9.5052 2.2736 0.5000
2.1345 -12.1785 0.5000
-1.3674 -4.5406 0.5000
-0.3055 9.4949 0.5000
1.6345 6.3756 0.5000
4.1052 1.6477 0.5000
9.7549 3.9512 0.5000
9.3560 1.4847 0.5000
-0.3194 1.7961 0.5000
-0.0828 3.2650 0.5000
0.8505 6.4986 0.5000
2.6877 19.0283 0.5000
6.6129 4.3242 0.5000
3.9672 1.5879 0.5000
7.8215 4.1199 0.5000
9.3349 3.8655 0.5000
7.1761 0.8904 0.5000
4.6240 -4.0984 0.5000
6.7309 4.2353 0.5000
8.0272 4.1302 0.5000
9.4839 3.8918 0.5000
7.7470 -5.6379 0.5000
7.3112 -7.8787 0.5000
7.2687 -7.9740 0.5000
-1.5649 -5.2709 0.5000
6.8634 4.3912 0.5000
7.7312 -5.6569 0.5000
7.3429 -7.9044 0.5000
-1.6074 -5.9360 0.5000
-0.0392 -0.0081 0.5000
8.1428 4.1819 0.5000
9.6230 3.9128 0.5000
7.7696 -5.6200 0.5000
7.3612 -7.9481 0.5000
2.9042 5.0175 0.5000
4.2434 4.3646 0.5000
8.0483 4.2372 0.5000
9.5296 4.0374 0.5000
-1.1427 -3.8938 0.5000
8.5642 4.1937 0.5000
4.0441 2.0369 0.5000
4.2379 1.5922 0.5000
4.8845 1.4396 0.5000
10.0037 3.6964 0.5000
7.7412 -4.2579 0.5000
6.8196 -10.5909 0.5000
-1.6950 -5.8933 0.5000
8.5755 4.0342 0.5000
9.5632 1.1397 0.5000
7.4436 -7.3370 0.5000
3.5877 -2.1690 0.5000
-1.5692 -5.9568 0.5000
1.8454 15.9436 0.5000
3.5796 4.4029 0.5000
7.2092 4.4020 0.5000
8.4698 4.1561 0.5000
9.8948 3.7859 0.5000
7.5653 -7.2196 0.5000
7.5942 -7.1994 0.5000
-1.3831 -4.7432 0.5000
7.4613 4.3549 0.5000
8.9721 4.1118 0.5000
9.5924 3.1553 0.5000
0.1885 -1.9863 0.5000
4.1949 1.9271 0.5000
4.9155 0.5694 0.5000
-0.5458 0.6771 0.5000
3.5327 -2.1446 0.5000
7.7279 -4.6119 0.5000
7.6935 -4.4598 0.5000
7.7561 -4.5636 0.5000
6.6667 -10.7554 0.5000
6.6826 -10.9427 0.5000
-0.0735 0.0063 0.5000
3.5447 -2.0579 0.5000
6.7288 -10.7502 0.5000
3.5576 -2.0943 0.5000
3.5500 -2.1281 0.5000
7.8149 -4.5192 0.5000
7.7698 -4.5372 0.5000
6.7780 -10.8410 0.5000
6.7783 -10.9650 0.5000
7.5193 4.3582 0.5000
8.9237 4.1296 0.5000
9.7877 3.3964 0.5000
7.8017 -4.3405 0.5000
7.7594 -4.2762 0.5000
6.5057 4.5318 0.5000
4.1322 1.6502 0.5000
7.7100 4.3002 0.5000
4.8441 1.5503 0.5000
9.3799 4.1123 0.5000
9.3802 1.6144 0.5000
9.3454 0.5387 0.5000
3.5500 -2.2641 0.5000
4.5122 1.6713 0.5000
5.1238 1.4416 0.5000
4.9496 0.6055 0.5000
3.5473 -2.3317 0.5000
3.5488 -2.2705 0.5000
-0.1186 2.9908 0.5000
0.7596 5.9650 0.5000
6.4302 4.3964 0.5000
9.0349 3.9435 0.5000
9.5088 0.9731 0.5000
3.5629 -2.2466 0.5000
6.6240 -10.8517 0.5000
-0.3479 1.8427 0.5000
6.7070 -10.6997 0.5000
-1.7837 -6.6022 0.5000
-1.7132 -6.4658 0.5000
6.7940 -10.7295 0.5000
6.8412 -10.7854 0.5000
8.7068 4.1541 0.5000
9.8420 3.5206 0.5000
6.9185 -10.4993 0.5000
3.1325 2.8348 0.5000
7.3881 4.3549 0.5000
0.1303 -2.0143 0.5000
3.9146 1.5776 0.5000
3.5223 -2.1516 0.5000
7.7324 -4.4198 0.5000
1.9608 -3.6296 0.5000
1.7291 -3.8625 0.5000
-0.4173 -2.5874 0.5000
-0.0962 3.2172 0.5000
1.5730 14.8500 0.5000
6.8945 4.2852 0.5000
8.1568 4.0890 0.5000
9.7948 3.7895 0.5000
9.8019 2.5184 0.5000
3.5244 -2.4253 0.5000
3.5468 -2.4557 0.5000
7.5738 -6.2302 0.5000
6.8150 -10.1102 0.5000
-1.7798 -6.5677 0.5000
-0.1239 2.9129 0.5000
2.1369 9.2663 0.5000
4.3709 4.1167 0.5000
3.5559 -2.4174 0.5000
3.5726 4.2877 0.5000
3.5633 -2.3604 0.5000
-1.3882 -4.3423 0.5000
3.5530 -2.0429 0.5000
7.6706 -6.0244 0.5000
-1.6800 -6.7695 0.5000
-1.3513 -4.3830 0.5000
0.6481 6.1589 0.5000
9.2239 4.0839 0.5000
9.7389 3.0369 0.5000
7.8100 -5.8024 0.5000
7.8172 -5.7823 0.5000
7.1170 -9.5572 0.5000
2.9323 -5.9830 0.5000
0.0910 -2.0420 0.5000
0.0567 4.1781 0.5000
3.9089 0.8390 0.5000
3.9884 0.7920 0.5000
5.6746 0.5542 0.5000
3.5528 -2.3247 0.5000
-0.6708 -4.1194 0.5000
-0.2864 2.0793 0.5000
10.0020 3.7509 0.5000
9.7715 2.3538 0.5000
7.7459 -4.3983 0.5000
3.4964 -2.5580 0.5000
3.3472 -2.8600 0.5000
6.7337 -10.3485 0.5000
-1.1010 -4.2886 0.5000
-0.5685 0.3225 0.5000
-0.5956 0.3625 0.5000
-0.4329 1.2376 0.5000
3.5371 -2.5199 0.5000
6.8375 -10.1598 0.5000
6.8309 -10.3150 0.5000
-1.4045 -4.3532 0.5000
-0.0074 -0.1073 0.5000
6.8663 -10.1250 0.5000
6.8520 -10.2713 0.5000
4.5990 4.3644 0.5000
7.8186 -4.1751 0.5000
3.3559 -2.7835 0.5000
6.9350 -10.0925 0.5000
6.9681 -10.1333 0.5000
2.0958 -3.7453 0.5000
-1.6596 -6.7271 0.5000
1.8488 9.2622 0.5000
2.9937 4.4479 0.5000
8.7929 4.1773 0.5000
9.4402 4.0730 0.5000
9.4421 1.6080 0.5000
3.5423 -2.0195 0.5000
3.8138 1.6560 0.5000
-0.4339 1.1768 0.5000
1.5998 16.0622 0.5000
3.2757 1.5157 0.5000
3.7895 0.8371 0.5000
5.7938 1.6588 0.5000
9.2449 3.8988 0.5000
9.7057 1.8566 0.5000
7.4446 -6.9960 0.5000
-1.3584 -4.1016 0.5000
-0.6587 -2.4734 0.5000
-0.4975 0.9233 0.5000
0.0754 -0.0890 0.5000
-0.3864 1.5067 0.5000
7.4899 -6.9672 0.5000
7.0172 -9.4925 0.5000
9.6462 1.7625 0.5000
7.7075 -5.8968 0.5000
7.5145 -6.9229 0.5000
7.0704 -9.4396 0.5000
7.0456 -9.5681 0.5000
-1.3037 -4.1156 0.5000
7.5541 4.3306 0.5000
9.0241 4.0587 0.5000
-1.5464 -5.8272 0.5000
-1.3765 -4.6613 0.5000
0.4193 4.8352 0.5000
8.0779 4.2703 0.5000
4.9689 1.5019 0.5000
2.6855 -0.9217 0.5000
3.5095 -1.9451 0.5000
-0.1953 -2.3264 0.5000
-0.7729 -0.8748 0.5000
9.3761 3.8674 0.5000
4.8379 0.9911 0.5000
1.5396 -6.5864 0.5000
-1.4025 -4.2335 0.5000
9.8804 2.9231 0.5000
7.6295 -6.0199 0.5000
2.2444 -8.7639 0.5000
-1.7335 -6.3613 0.5000
-1.5535 -5.4901 0.5000
7.6561 -5.9435 0.5000
7.6549 -5.9532 0.5000
-0.6437 -12.2682 0.5000
3.2649 -12.9416 0.5000
-1.6558 -6.4508 0.5000
7.7646 -5.7210 0.5000
7.5953 -6.7986 0.5000
2.3458 -8.8273 0.5000
-0.4208 -4.1009 0.5000
-1.5360 -5.7516 0.5000
-0.2221 3.3870 0.5000
9.7093 4.0092 0.5000
9.5974 2.5800 0.5000
-0.3587 2.4281 0.5000
0.4457 5.8645 0.5000
2.1295 2.6669 0.5000
4.0340 1.6651 0.5000
-0.5984 0.2589 0.5000
0.4214 9.4640 0.5000
2.6319 19.1097 0.5000
3.4709 1.6522 0.5000
4.0517 1.5839 0.5000
3.4877 -1.9725 0.5000
2.8718 -1.8584 0.5000
-1.7241 -6.3113 0.5000
6.7108 4.2811 0.5000
8.1324 4.1345 0.5000
9.6864 3.8529 0.5000
9.7689 2.5827 0.5000
9.6168 1.4298 0.5000
3.5062 -2.5546 0.5000
7.6208 -5.2159 0.5000
-1.6826 -6.0729 0.5000
0.1160 -0.0717 0.5000
7.7726 -4.1652 0.5000
7.7675 -4.2450 0.5000
0.9110 -3.5266 0.5000
-0.5068 -4.8712 0.5000
-1.6018 -6.0855 0.5000
9.5586 4.0251 0.5000
-1.4636 -5.8630 0.5000
7.7709 4.3432 0.5000
9.2764 4.0955 0.5000
9.7536 3.1250 0.5000
-1.3305 -4.3842 0.5000
1.1728 -3.5941 0.5000
0.0481 -2.0637 0.5000
-0.1953 2.6771 0.5000
4.0025 0.7898 0.5000
4.0005 0.7486 0.5000
0.0865 -0.1021 0.5000
-0.3972 1.4899 0.5000
8.2007 4.0943 0.5000
8.3994 4.0899 0.5000
9.9312 3.8150 0.5000
2.8601 -1.8390 0.5000
8.3099 4.1389 0.5000
9.8814 3.8792 0.5000
8.1608 4.1658 0.5000
9.8198 3.9135 0.5000
9.9487 3.9144 0.5000
3.4408 -1.9452 0.5000
2.2173 -12.2243 0.5000
-1.6021 -6.1788 0.5000
7.9147 4.2758 0.5000
1.8476 -3.5280 0.5000
-0.4110 -2.6522 0.5000
-0.6090 0.7107 0.5000
-0.4011 2.0537 0.5000
1.8203 -3.4977 0.5000
-0.6484 -2.6025 0.5000
5.6512 1.6993 0.5000
6.7988 1.4915 0.5000
6.8858 -9.7740 0.5000
7.4694 4.2061 0.5000
8.8016 4.0388 0.5000
8.8728 3.9741 0.5000
3.1637 -5.0476 0.5000
2.0101 -9.9282 0.5000
0.0395 -0.1061 0.5000
8.7951 4.1334 0.5000
7.0864 -9.4904 0.5000
3.1123 -12.8705 0.5000
-0.6794 -2.5531 0.5000
9.4979 4.0296 0.5000
9.6463 2.7800 0.5000
7.6964 -5.1407 0.5000
-1.3062 -4.2227 0.5000
-1.3121 -4.1829 0.5000
-0.5541 -2.6020 0.5000
4.0055 2.0891 0.5000
3.8133 1.1526 0.5000
-0.5103 1.3557 0.5000
-1.1355 -4.2427 0.5000
-0.4984 0.1071 0.5000
6.6706 4.2985 0.5000
9.5918 3.8259 0.5000
4.4516 -4.2339 0.5000
-1.3338 -4.0115 0.5000
9.8543 2.8363 0.5000
-1.5164 -5.1589 0.5000
-1.3847 -4.1566 0.5000
7.7538 -4.0460 0.5000
-1.4598 -5.1279 0.5000
9.2503 4.0221 0.5000
1.8423 10.5594 0.5000
3.4385 -1.8858 0.5000
-1.6692 -6.6904 0.5000
-1.4484 -5.1384 0.5000
-0.2147 3.4494 0.5000
1.3477 15.9866 0.5000
1.8196 5.1825 0.5000
-0.5925 -1.0374 0.5000
1.8340 -3.9013 0.5000
-1.6155 -5.6347 0.5000
3.4293 1.4907 0.5000
3.5455 -2.3676 0.5000
7.0419 -9.4020 0.5000
3.0652 -5.1609 0.5000
5.8200 4.3077 0.5000
4.1300 1.5667 0.5000
3.0998 4.5583 0.5000
8.4184 4.1394 0.5000
3.5365 -1.9745 0.5000
7.8089 -3.8964 0.5000
0.9489 9.5081 0.5000
3.8989 2.1031 0.5000
-1.5577 -6.0301 0.5000
-0.4546 1.7261 0.5000
-0.1107 4.2293 0.5000
-0.5825 -2.6519 0.5000
0.0516 -2.0539 0.5000
-0.6599 -2.5268 0.5000
6.0161 4.4392 0.5000
3.4633 -1.9492 0.5000
-0.1935 -0.0283 0.5000
1.7671 -6.6260 0.5000
-1.3508 -4.6039 0.5000
-0.0205 0.0048 0.5000
-0.6647 0.4237 0.5000
-0.4078 2.2391 0.5000
0.1841 -2.0072 0.5000
1.3623 14.8376 0.5000
1.1650 9.4602 0.5000
6.6986 1.5366 0.5000
4.6786 -4.0878 0.5000
2.0742 -8.7937 0.5000
-1.6056 -5.8553 0.5000
-0.8606 -2.7250 0.5000
7.2335 1.2754 0.5000
3.0088 -12.9670 0.5000
-1.6906 -6.1289 0.5000
-1.6225 -5.9877 0.5000
-1.6110 -6.1492 0.5000
-1.4460 -4.8063 0.5000
0.6183 5.9539 0.5000
-0.6192 0.6843 0.5000
-0.1982 -2.2702 0.5000
0.1004 -2.0946 0.5000
-0.4370 -2.4645 0.5000
-0.5576 -4.1044 0.5000
1.7629 -3.9065 0.5000
1.6382 -6.6125 0.5000
-0.7385 -2.3609 0.5000
0.9556 6.5435 0.5000
-1.7209 -6.2345 0.5000
2.0475 9.3478 0.5000
2.8390 -0.9914 0.5000
3.5597 -1.9857 0.5000
0.8939 -3.6145 0.5000
6.9949 -9.8253 0.5000
-1.5978 -6.1887 0.5000
-1.0303 -4.3429 0.5000
-1.3840 -4.7844 0.5000
1.6659 -3.5982 0.5000
3.0313 -5.9464 0.5000
-1.5051 -5.0466 0.5000
6.8391 -9.8864 0.5000
6.8336 -9.9324 0.5000
6.7814 -10.1389 0.5000
6.9131 -9.9738 0.5000
3.2387 -3.5827 0.5000
7.0383 -9.7992 0.5000
-1.5473 -5.8918 0.5000
-1.4910 -5.5816 0.5000
-1.3219 -4.4521 0.5000
-0.8402 -2.7523 0.5000
-0.7003 -2.4496 0.5000
-0.5672 1.0936 0.5000
1.0649 -3.4425 0.5000
1.7409 -3.5394 0.5000
1.9680 -9.3851 0.5000
-1.6151 -5.7621 0.5000
3.0602 2.3508 0.5000
3.8449 1.5812 0.5000
3.1170 -4.0330 0.5000
6.9447 -9.8066 0.5000
2.0972 5.1587 0.5000
6.8578 -9.9050 0.5000
0.9609 9.4505 0.5000
6.9984 -9.7314 0.5000
6.9789 -9.7952 0.5000
-1.4368 -4.9422 0.5000
2.1324 -3.6463 0.5000
2.3780 -8.8202 0.5000
-1.3351 -4.2991 0.5000
-0.2440 -2.6465 0.5000
0.0476 -1.9575 0.5000
-0.4938 -0.8698 0.5000
-0.5922 0.2377 0.5000
6.8521 -9.8841 0.5000
2.1395 -8.9196 0.5000
3.4930 -2.0001 0.5000
6.7859 -9.9006 0.5000
2.9314 -1.8587 0.5000
3.3955 -1.9400 0.5000
3.2436 -1.8579 0.5000
-1.1912 -3.9700 0.5000
7.1776 -9.3269 0.5000
4.7138 -4.0893 0.5000
6.9398 -9.6354 0.5000
2.7807 -12.9023 0.5000
0.4138 3.3539 0.5000
4.1400 1.9982 0.5000
2.8492 -1.8536 0.5000
7.6029 -5.9924 0.5000
2.8035 -6.0162 0.5000
1.0278 9.4039 0.5000
7.7198 -5.7883 0.5000
7.1352 -9.3299 0.5000
-1.5405 -5.6822 0.5000
-1.4752 -5.2460 0.5000
-1.3237 -4.3431 0.5000
5.6276 -4.2587 0.5000
6.7674 -5.9060 0.5000
7.2559 -9.0397 0.5000
2.5105 -5.8981 0.5000
-1.5906 -6.2905 0.5000
-0.4997 -2.4475 0.5000
2.9417 -5.8420 0.5000
-1.3691 -4.0725 0.5000
2.5922 -1.0037 0.5000
3.4001 -2.8501 0.5000
6.9428 -9.6660 0.5000
4.4640 -4.2923 0.5000
7.5372 -6.7277 0.5000
6.7467 -10.4167 0.5000
1.1564 -3.6967 0.5000
6.8264 -10.2775 0.5000
6.8613 -10.2460 0.5000
3.4448 -2.6153 0.5000
5.6361 -4.2339 0.5000
-1.4244 -5.0926 0.5000
-0.3504 2.3732 0.5000
3.1708 -4.0197 0.5000
2.2135 -6.0692 0.5000
-1.4429 -5.4929 0.5000
-1.0679 -3.6052 0.5000
-0.9812 -3.1200 0.5000
-0.7801 -0.9102 0.5000
-0.2347 -2.7067 0.5000
1.7670 -3.4616 0.5000
-0.8441 -1.3026 0.5000
7.6460 -5.8825 0.5000
6.9868 -9.5845 0.5000
-0.1237 6.6380 0.5000
6.5092 1.5807 0.5000
0.6888 6.2091 0.5000
5.6730 -4.2058 0.5000
7.7023 -6.5281 0.5000
6.9584 -10.1724 0.5000
-0.6712 0.3746 0.5000
3.2109 -4.0787 0.5000
2.2054 -6.1556 0.5000
-1.3249 -4.4132 0.5000
-0.6160 -4.1179 0.5000
2.8398 -0.9064 0.5000
1.9061 -3.8584 0.5000
6.5322 1.5174 0.5000
7.1846 0.9895 0.5000
5.5439 -4.3624 0.5000
7.7019 -5.8241 0.5000
7.5357 -6.6517 0.5000
0.0545 4.2147 0.5000
9.9716 3.6547 0.5000
4.8647 1.5302 0.5000
9.8324 3.9908 0.5000
6.9825 -9.9888 0.5000
2.0519 -6.5951 0.5000
-1.5761 -6.0561 0.5000
-1.4237 -4.9511 0.5000
3.4804 -1.8970 0.5000
3.5584 -2.5719 0.5000
-0.4641 -2.4748 0.5000
1.7969 -3.6243 0.5000
6.7639 -10.1610 0.5000
9.9091 3.1963 0.5000
9.4890 1.7032 0.5000
7.0547 -9.2069 0.5000
1.8827 6.3531 0.5000
8.7394 4.0171 0.5000
9.9018 3.4096 0.5000
9.7061 2.0052 0.5000
8.6886 4.0616 0.5000
8.8203 4.0736 0.5000
3.5521 -2.4990 0.5000
8.6818 4.1483 0.5000
7.6533 -6.5869 0.5000
3.1677 -4.2558 0.5000
-0.9735 -2.5143 0.5000
4.8981 0.7707 0.5000
4.5088 -4.1633 0.5000
-0.2595 -2.3756 0.5000
1.7591 -3.7388 0.5000
2.1408 -8.8733 0.5000
-1.4291 -4.1798 0.5000
3.4474 -1.9533 0.5000
-1.5684 -5.2003 0.5000
3.9590 0.8771 0.5000
7.7686 3.9751 0.5000
7.5063 -6.9952 0.5000
0.7224 6.1729 0.5000
9.3934 3.9896 0.5000
3.3436 -1.8738 0.5000
7.1131 -9.3516 0.5000
-1.5442 -5.5863 0.5000
-0.9449 -2.8611 0.5000
-0.7453 -4.1186 0.5000
-0.3569 -1.0855 0.5000
6.7498 -10.6446 0.5000
8.6700 3.9949 0.5000
8.6751 4.0215 0.5000
8.6042 4.0231 0.5000
9.9209 3.5800 0.5000
8.5472 4.1081 0.5000
8.6500 4.1201 0.5000
9.6767 2.1960 0.5000
8.5278 4.1718 0.5000
9.8771 3.7139 0.5000
9.8271 3.6574 0.5000
6.9768 -10.0960 0.5000
-1.4189 -4.8580 0.5000
4.5360 -4.0927 0.5000
7.0111 -10.1915 0.5000
2.1909 -6.2118 0.5000
1.8649 -3.5464 0.5000
3.9201 1.4834 0.5000
3.8576 0.7461 0.5000
5.7517 1.5030 0.5000
2.9591 -1.8608 0.5000
7.6470 -5.1913 0.5000
6.9852 -9.4075 0.5000
-1.5482 -6.4897 0.5000
9.6731 1.7529 0.5000
3.1035 -4.3031 0.5000
-0.9368 -2.4942 0.5000
7.4547 4.2876 0.5000
8.9986 4.0903 0.5000
8.8168 4.1214 0.5000
8.8818 4.1095 0.5000
9.8485 3.3181 0.5000
7.6460 -6.5786 0.5000
-1.5383 -5.7455 0.5000
3.1708 -4.0861 0.5000
3.2108 -5.0252 0.5000
2.1234 -6.5924 0.5000
2.0256 -8.8004 0.5000
-1.2629 -3.9507 0.5000
6.9074 -9.8880 0.5000
-0.7623 -2.5287 0.5000
4.8963 1.4932 0.5000
9.8403 3.8478 0.5000
7.2090 1.3319 0.5000
7.4579 -7.0872 0.5000
-1.3623 -4.2814 0.5000
8.1930 4.1040 0.5000
9.7732 3.8727 0.5000
7.7829 -4.0946 0.5000
8.0956 4.1511 0.5000
9.7837 3.9398 0.5000
9.6471 2.5945 0.5000
7.8079 -4.0458 0.5000
7.5572 -6.9694 0.5000
4.0548 1.6307 0.5000
4.7500 1.5411 0.5000
3.3760 -1.8773 0.5000
-1.8897 -7.4114 0.5000
-1.0867 -3.6966 0.5000
-1.0047 -4.3620 0.5000
-0.2316 -1.1703 0.5000
3.1616 -1.8777 0.5000
6.9044 -9.9345 0.5000
2.9030 1.1100 0.5000
5.4352 1.5917 0.5000
6.5790 1.5226 0.5000
7.6033 -5.2660 0.5000
6.8961 -9.9548 0.5000
-1.8695 -6.6294 0.5000
5.8826 4.3460 0.5000
7.6221 -6.1576 0.5000
3.7449 1.0436 0.5000
7.1189 -9.6794 0.5000
-1.7839 -7.0200 0.5000
-1.7856 -6.9622 0.5000
2.3044 -5.8425 0.5000
4.9707 0.5639 0.5000
6.6002 -10.6923 0.5000
-0.3461 1.7039 0.5000
0.3523 2.8518 0.5000
0.7631 5.8566 0.5000
8.2733 4.0462 0.5000
9.8066 2.4158 0.5000
7.6486 -6.0547 0.5000
-2.0154 -7.4811 0.5000
-1.9854 -7.3255 0.5000
-1.9014 -7.2068 0.5000
-1.8579 -7.1161 0.5000
9.8669 3.9160 0.5000
-0.5992 -4.8826 0.5000
7.2242 1.4386 0.5000
7.0852 -9.9177 0.5000
1.4117 -3.6796 0.5000
-0.4243 -4.9427 0.5000
3.0411 -1.8645 0.5000
3.2394 -1.9004 0.5000
6.6918 -10.6801 0.5000
-1.1937 -4.3804 0.5000
0.7512 6.0783 0.5000
5.9676 4.4201 0.5000
-2.0576 -7.8915 0.5000
-2.0000 -7.7249 0.5000
-1.7232 -6.0130 0.5000
-1.7178 -5.9946 0.5000
-1.3416 -4.0545 0.5000
8.2659 4.1416 0.5000
9.7315 3.8587 0.5000
-1.7476 -6.0674 0.5000
7.6928 -5.8896 0.5000
-1.9353 -7.7854 0.5000
9.6999 3.9683 0.5000
-1.6812 -6.2335 0.5000
-0.7493 -4.1648 0.5000
7.2254 -9.4353 0.5000
2.1205 -6.6657 0.5000
-1.0666 -3.7492 0.5000
-0.2110 -2.3320 0.5000
1.8555 -3.4723 0.5000
1.8227 -3.8022 0.5000
5.5189 -4.4203 0.5000
6.7022 -10.7490 0.5000
9.9558 3.4924 0.5000
-2.0310 -7.9863 0.5000
-2.0013 -7.8440 0.5000
-1.7779 -6.2315 0.5000
5.0457 4.4045 0.5000
7.7103 -5.9961 0.5000
-1.8658 -7.8353 0.5000
-1.6681 -6.1664 0.5000
4.9190 4.4317 0.5000
9.8425 3.7780 0.5000
3.1499 -1.8313 0.5000
7.0585 -10.1678 0.5000
1.5815 -3.6971 0.5000
-1.9033 -8.1631 0.5000
-0.3018 2.8221 0.5000
2.8506 -1.7559 0.5000
2.9123 -1.7996 0.5000
-0.5321 -0.9011 0.5000
3.1294 -1.8844 0.5000
4.9191 1.4564 0.5000
7.6685 4.1922 0.5000
2.9118 -1.8063 0.5000
7.6936 -5.7867 0.5000
-1.9876 -7.6816 0.5000
-1.7864 -6.0560 0.5000
-0.5339 0.6325 0.5000
5.3173 4.5665 0.5000
7.0025 -9.6874 0.5000
-1.9617 -7.7137 0.5000
-1.9287 -7.6569 0.5000
7.5032 4.3127 0.5000
7.1081 -9.7288 0.5000
-1.8764 -7.7826 0.5000
-1.8483 -7.6121 0.5000
5.2146 4.6744 0.5000
7.1938 -9.5178 0.5000
6.9850 -10.3290 0.5000
-1.8786 -8.0757 0.5000
3.3984 1.7606 0.5000
3.0720 -1.8515 0.5000
3.3395 -2.8447 0.5000
5.5697 -4.3724 0.5000
1.5310 -3.7345 0.5000
3.3722 1.7449 0.5000
3.8568 1.5802 0.5000
3.4541 -2.9550 0.5000
7.7302 -5.7405 0.5000
7.5805 -6.6853 0.5000
1.6342 -3.7282 0.5000
1.5755 -3.7344 0.5000
-1.4595 -6.5767 0.5000
-1.7136 -5.9106 0.5000
3.3456 -1.9080 0.5000
-1.9102 -7.5133 0.5000
-1.9244 -7.4499 0.5000
4.5893 4.4070 0.5000
1.6029 -3.6826 0.5000
-1.8504 -7.5177 0.5000
-1.8570 -7.3772 0.5000
7.6627 -6.4787 0.5000
7.0193 -10.0551 0.5000
-1.8298 -7.5355 0.5000
0.0243 -1.9218 0.5000
9.1290 4.0955 0.5000
9.1102 4.1078 0.5000
3.2888 -1.8929 0.5000
7.7745 -5.6544 0.5000
7.1224 -9.7975 0.5000
6.9361 -10.6024 0.5000
2.2102 -5.9622 0.5000
1.6592 -3.6950 0.5000
-1.8323 -7.9144 0.5000
-0.2849 -2.7071 0.5000
3.0217 -1.8162 0.5000
2.9042 -1.3171 0.5000
1.8994 -3.6248 0.5000
-1.2935 -5.6941 0.5000
3.3202 1.7245 0.5000
4.0907 1.9926 0.5000
5.0881 1.4464 0.5000
3.4746 -2.9189 0.5000
6.7777 -10.5825 0.5000
-2.0541 -8.3645 0.5000
-1.3051 -3.9919 0.5000
-1.2856 -3.9238 0.5000
-0.0291 -1.9941 0.5000
3.2972 -1.9040 0.5000
-2.0521 -8.5420 0.5000
-1.3565 -4.0390 0.5000
7.6628 -5.1552 0.5000
6.7534 -10.9111 0.5000
3.3098 -6.0675 0.5000
-0.4991 0.2101 0.5000
6.8471 -10.8071 0.5000
2.9677 -5.2727 0.5000
1.6593 -3.7392 0.5000
-1.9681 -8.7219 0.5000
2.8268 1.1050 0.5000
3.8348 2.1172 0.5000
3.2003 -1.8489 0.5000
7.1308 -9.9088 0.5000
1.7261 -3.7379 0.5000
-1.9580 -9.1490 0.5000
-1.4747 -5.7406 0.5000
2.9602 -1.8107 0.5000
1.1014 -3.4785 0.5000
0.0672 -2.1149 0.5000
-0.0336 -1.9196 0.5000
-0.6648 -1.4013 0.5000
4.0539 1.9397 0.5000
6.6533 -11.0464 0.5000
-2.0258 -8.5377 0.5000
-2.0215 -8.4989 0.5000
-1.7826 -6.7548 0.5000
-1.7965 -6.7146 0.5000
-1.9750 -8.4501 0.5000
-1.7117 -6.7318 0.5000
6.8200 -11.0023 0.5000
-1.9152 -8.5593 0.5000
-1.9305 -8.5183 0.5000
7.6970 -5.0400 0.5000
7.0953 -10.0113 0.5000
-1.9452 -9.1180 0.5000
-0.2531 -4.8805 0.5000
3.1564 -1.8470 0.5000
1.9413 -3.5383 0.5000
1.7759 -3.8780 0.5000
3.9815 1.7972 0.5000
3.9510 0.8071 0.5000
6.7637 -10.6175 0.5000
6.6840 -10.8040 0.5000
-2.1425 -9.0396 0.5000
-1.5320 -6.5234 0.5000
-0.8826 -6.7668 0.5000
-0.9341 -6.7176 0.5000
-1.8188 -7.0742 0.5000
-1.7559 -6.9094 0.5000
-1.9556 -8.8947 0.5000
7.7151 -5.0734 0.5000
6.8929 -10.6533 0.5000
3.0072 -5.2659 0.5000
-1.9697 -9.2068 0.5000
-1.3801 -6.6207 0.5000
-0.4509 1.7551 0.5000
2.3439 0.9005 0.5000
5.0596 4.6740 0.5000
3.7340 1.1089 0.5000
7.7265 -5.0209 0.5000
7.2114 -9.4982 0.5000
2.2170 -6.1302 0.5000
1.1143 -3.5049 0.5000
3.0738 -1.8201 0.5000
3.4461 -2.9461 0.5000
2.0784 -3.6417 0.5000
3.4975 1.7278 0.5000
4.0396 1.5847 0.5000
4.8691 1.8282 0.5000
2.9174 -5.2925 0.5000
-2.0342 -8.3653 0.5000
-1.6672 -5.5844 0.5000
7.0309 -9.6201 0.5000
-2.0631 -8.7023 0.5000
7.0950 -9.6028 0.5000
-2.0024 -8.6927 0.5000
-1.9693 -8.5046 0.5000
-1.7682 -6.8886 0.5000
3.4806 -2.8958 0.5000
-1.9390 -8.6256 0.5000
-1.7272 -6.8003 0.5000
7.0062 -10.2545 0.5000
6.8643 -10.8302 0.5000
3.3561 -6.0761 0.5000
2.0640 -3.8179 0.5000
-1.9594 -9.0082 0.5000
-1.4954 -5.7577 0.5000
2.4897 1.4380 0.5000
2.8673 1.1623 0.5000
1.9814 -3.8640 0.5000
1.8179 -3.7467 0.5000
-1.6581 -5.4852 0.5000
6.7969 -10.4641 0.5000
6.6589 -10.9832 0.5000
-2.1249 -8.8114 0.5000
-2.1500 -8.8319 0.5000
-1.8784 -6.9214 0.5000
3.9985 0.9428 0.5000
7.7202 4.1773 0.5000
7.6412 -5.1117 0.5000
1.7126 -3.6909 0.5000
7.6989 -5.0730 0.5000
3.0128 -5.8149 0.5000
2.1534 -6.3116 0.5000
-2.0162 -9.3622 0.5000
-1.7407 -7.2152 0.5000
-1.4568 -5.0154 0.5000
-0.3367 -4.1373 0.5000
1.7447 -3.4884 0.5000
-0.3615 -4.7908 0.5000
2.9885 1.1609 0.5000
6.7678 -10.5349 0.5000
3.0265 -6.0982 0.5000
-1.8645 -7.2352 0.5000
-1.9066 -7.2629 0.5000
2.8650 1.0353 0.5000
7.6630 -5.8196 0.5000
2.1104 -3.6846 0.5000
2.1007 -3.5866 0.5000
5.1507 4.6234 0.5000
-1.7925 -7.3034 0.5000
7.7145 -5.9166 0.5000
7.0291 -10.1401 0.5000
-1.7993 -7.7276 0.5000
-1.6349 -6.3472 0.5000
1.9193 -3.7754 0.5000
1.7489 -3.8283 0.5000
7.4454 -7.1452 0.5000
6.5848 -11.3412 0.5000
1.8545 -3.7701 0.5000
-1.9571 -7.6306 0.5000
-1.9880 -7.7563 0.5000
-0.5631 -0.9458 0.5000
7.6505 -5.3534 0.5000
7.4310 -7.2413 0.5000
6.6279 -11.2344 0.5000
-1.6129 -5.3495 0.5000
3.4139 1.7470 0.5000
3.8575 1.6430 0.5000
5.5233 1.7926 0.5000
7.6304 -6.1150 0.5000
6.5784 4.1507 0.5000
6.6174 4.1777 0.5000
7.6800 -6.0862 0.5000
5.1581 1.5065 0.5000
7.5272 -7.0487 0.5000
6.9179 -10.8372 0.5000
-1.9312 -8.7657 0.5000
-1.9083 -8.7463 0.5000
-1.6803 -6.8440 0.5000
3.0178 -5.2428 0.5000
1.8636 -3.7429 0.5000
6.6197 -11.1465 0.5000
2.9249 -5.3075 0.5000
1.8433 -3.7979 0.5000
-1.9820 -7.8142 0.5000
-1.7567 -6.2572 0.5000
5.0940 1.3885 0.5000
7.5934 -5.2683 0.5000
-2.0693 -8.2926 0.5000
7.4853 -7.1099 0.5000
6.5680 4.2646 0.5000
7.6609 -6.1189 0.5000
7.5191 -7.1034 0.5000
6.7997 -11.0422 0.5000
3.2336 1.8450 0.5000
4.9421 1.5088 0.5000
7.1078 -10.0132 0.5000
4.1007 1.5448 0.5000
4.7936 1.6047 0.5000
6.8974 -10.1577 0.5000
-1.9188 -7.4994 0.5000
-1.8196 -7.4759 0.5000
4.6321 4.2954 0.5000
7.0760 -10.0724 0.5000
-1.8008 -7.5556 0.5000
-0.1588 3.7590 0.5000
7.8026 4.3281 0.5000
7.8270 -5.5823 0.5000
4.5603 -4.0803 0.5000
6.9880 -10.4544 0.5000
4.8216 1.4582 0.5000
4.9066 1.6004 0.5000
-0.4586 -4.7214 0.5000
-2.1578 -9.0790 0.5000
-2.1794 -8.9753 0.5000
-1.6505 -5.6809 0.5000
-1.6600 -5.6338 0.5000
-2.0806 -8.8555 0.5000
-1.8148 -6.9828 0.5000
-2.0749 -9.0295 0.5000
-2.0367 -8.8299 0.5000
-1.8328 -6.9004 0.5000
-1.2127 -3.9912 0.5000
4.8051 4.4010 0.5000
6.7515 -4.3979 0.5000
-2.0029 -9.1255 0.5000
3.8476 1.6410 0.5000
5.6081 -4.3203 0.5000
6.8979 -10.8706 0.5000
3.4139 1.5331 0.5000
-2.1622 -8.9329 0.5000
-0.5272 -4.8361 0.5000
-1.6958 -5.5008 0.5000
7.5538 -6.7308 0.5000
6.8204 -10.4729 0.5000
-2.1377 -8.9458 0.5000
-1.8587 -6.9513 0.5000
-1.8607 -6.8818 0.5000
7.6186 -6.7194 0.5000
-2.0584 -8.9411 0.5000
-1.8371 -6.8635 0.5000
8.2349 4.1936 0.5000
-2.0151 -8.9300 0.5000
-2.0142 -9.4823 0.5000
-0.5417 -4.6355 0.5000
5.0403 1.7470 0.5000
6.6925 -10.7083 0.5000
-0.8314 -2.5398 0.5000
-1.8286 -6.7172 0.5000
-1.9941 -8.6875 0.5000
5.1422 4.6514 0.5000
7.1101 -9.8360 0.5000
1.8345 -3.6841 0.5000
-0.4816 -2.3430 0.5000
8.8936 3.9445 0.5000
-2.1439 -8.4622 0.5000
-1.8260 -6.4754 0.5000
-1.8189 -6.4231 0.5000
1.4183 -3.6459 0.5000
7.1288 -9.6068 0.5000
-1.9607 -8.2410 0.5000
8.6568 4.1569 0.5000
9.8050 3.6128 0.5000
9.8277 3.5505 0.5000
7.0751 -9.9608 0.5000
-1.3274 -4.5376 0.5000
6.6423 -11.0582 0.5000
-0.6217 -4.8326 0.5000
5.6048 0.8220 0.5000
6.9548 -9.9112 0.5000
-1.9372 -7.1940 0.5000
-1.7180 -5.7891 0.5000
8.7610 4.0485 0.5000
7.6640 -6.1633 0.5000
4.6374 0.8707 0.5000
7.0787 -9.7623 0.5000
2.1342 -6.5117 0.5000
-1.8101 -7.2070 0.5000
-1.9544 -8.2690 0.5000
-0.3746 -4.9444 0.5000
-1.2863 -4.1621 0.5000
-0.5553 -2.0831 0.5000
-2.1882 -8.5061 0.5000
-1.8408 -6.3353 0.5000
-1.8010 -6.2398 0.5000
-0.8102 -4.1124 0.5000
6.8187 -10.3803 0.5000
2.1217 5.1634 0.5000
9.0879 3.9666 0.5000
9.2389 3.9352 0.5000
9.0624 4.0014 0.5000
9.7208 3.1007 0.5000
7.0289 -10.4481 0.5000
1.3594 -3.6463 0.5000
-1.8037 -6.2733 0.5000
-1.1826 -4.4339 0.5000
2.1552 1.9488 0.5000
9.6465 3.0678 0.5000
6.9736 -10.4087 0.5000
-1.7382 -6.5405 0.5000
-1.0585 -2.6509 0.5000
2.7426 -0.9319 0.5000
7.0503 -10.3278 0.5000
-1.7630 -7.1326 0.5000
-0.6739 -0.4171 0.5000
6.6732 -10.8724 0.5000
-2.2503 -9.0610 0.5000
7.7047 -4.4698 0.5000
2.3283 2.3482 0.5000
7.8340 -4.4910 0.5000
0.9199 16.0937 0.5000
-0.3536 -1.1001 0.5000
-2.0550 -7.7922 0.5000
-1.8333 -6.3551 0.5000
7.7291 -4.5656 0.5000
6.8962 -10.5393 0.5000
4.1705 1.6421 0.5000
-1.9353 -7.7360 0.5000
6.9856 -10.6051 0.5000
-2.1382 -9.6056 0.5000
-1.3223 -4.5799 0.5000
1.9242 -9.5332 0.5000
-1.8686 -6.4764 0.5000
2.4004 1.0605 0.5000
6.5799 -11.2287 0.5000
3.1904 -6.1004 0.5000
3.0196 -6.1168 0.5000
-1.9463 -6.8599 0.5000
4.2651 1.5659 0.5000
4.9188 1.4294 0.5000
7.6948 -4.7463 0.5000
7.6890 -4.7710 0.5000
7.7120 -4.7356 0.5000
7.7268 -4.7652 0.5000
2.8811 1.1344 0.5000
3.8541 1.4454 0.5000
7.7700 -4.6012 0.5000
4.5800 -4.1026 0.5000
6.8833 -10.9103 0.5000
-2.0334 -8.6467 0.5000
-1.4627 -6.5427 0.5000
6.5193 -11.4057 0.5000
7.6931 -4.5747 0.5000
7.6852 -4.5496 0.5000
7.4946 -6.5684 0.5000
7.2933 -7.7204 0.5000
-2.0193 -7.2661 0.5000
5.8327 1.6285 0.5000
6.7212 4.3231 0.5000
9.3498 3.9086 0.5000
3.8275 1.3353 0.5000
7.6130 -6.4254 0.5000
7.6103 -6.4614 0.5000
7.4417 -7.5852 0.5000
3.2789 1.7193 0.5000
3.7933 1.6248 0.5000
5.0865 1.4587 0.5000
7.6501 -6.2676 0.5000
7.4950 -7.4002 0.5000
7.0517 -10.4489 0.5000
7.0496 -10.4573 0.5000
-2.0276 -8.7621 0.5000
-0.9104 -2.0254 0.5000
0.0483 -2.0387 0.5000
-1.8526 -6.5315 0.5000
-0.0618 -1.9818 0.5000
7.2793 -7.8814 0.5000
6.7125 -11.1927 0.5000
-1.9133 -6.9933 0.5000
2.6885 2.3976 0.5000
7.5384 -6.5604 0.5000
7.5301 -6.6167 0.5000
7.3451 -7.7314 0.5000
7.3448 -7.8262 0.5000
1.4775 -3.7346 0.5000
0.0728 -0.0364 0.5000
7.7490 -4.5208 0.5000
7.5901 -6.5444 0.5000
7.5617 -6.6049 0.5000
7.3522 -7.7010 0.5000
7.3839 -7.8155 0.5000
-1.8880 -7.0888 0.5000
7.7825 -4.4952 0.5000
7.5954 -6.4867 0.5000
7.4185 -7.6783 0.5000
7.4128 -7.7125 0.5000
6.9089 -10.7898 0.5000
-1.8414 -7.1225 0.5000
-2.1681 -9.5081 0.5000
-0.7155 -2.4576 0.5000
0.1652 -2.0627 0.5000
-1.8832 -6.7326 0.5000
1.1542 13.1027 0.5000
4.9920 1.4448 0.5000
7.7478 -4.0396 0.5000
7.6705 -4.9295 0.5000
6.5576 -11.6298 0.5000
0.7832 9.3090 0.5000
3.4339 1.6857 0.5000
6.4803 1.5977 0.5000
7.6473 -4.7948 0.5000
0.7258 9.3203 0.5000
6.7797 -11.4345 0.5000
2.0593 -6.7563 0.5000
2.9319 2.3507 0.5000
7.4142 -7.8915 0.5000
7.4212 -7.9063 0.5000
6.8780 -11.2305 0.5000
6.8740 -11.3130 0.5000
0.8185 -3.6470 0.5000
7.6906 -4.6503 0.5000
6.6370 -11.3948 0.5000
-2.0955 -7.5616 0.5000
3.9940 2.0060 0.5000
5.0683 1.7467 0.5000
7.7420 -4.6596 0.5000
7.3939 -8.0586 0.5000
7.4105 -8.0621 0.5000
-1.8365 -7.3455 0.5000
7.2974 -8.0993 0.5000
-2.2661 -8.7811 0.5000
-2.0110 -7.3242 0.5000
6.7513 4.2934 0.5000
4.0907 2.0234 0.5000
0.6723 -3.4937 0.5000
4.1083 2.0223 0.5000
4.3206 1.5890 0.5000
7.7800 -5.5313 0.5000
4.2523 1.6093 0.5000
9.3940 4.0381 0.5000
7.4870 -7.6840 0.5000
2.2454 1.0771 0.5000
4.8296 0.6466 0.5000
5.7121 1.6964 0.5000
7.1800 1.0315 0.5000
7.6434 -4.9275 0.5000
7.2141 -8.3863 0.5000
7.2066 -8.4802 0.5000
9.6702 3.0701 0.5000
4.6583 0.9459 0.5000
3.7204 1.1793 0.5000
9.0906 4.0501 0.5000
3.7602 -6.1581 0.5000
0.4931 -3.5564 0.5000
2.9973 -5.9363 0.5000
2.9266 1.1953 0.5000
7.6997 -5.7179 0.5000
7.2816 -8.0464 0.5000
-2.1451 -8.3405 0.5000
4.9865 1.4826 0.5000
4.7202 1.8559 0.5000
9.2485 4.0461 0.5000
-2.1528 -9.1985 0.5000
3.0681 -5.9404 0.5000
-2.0734 -9.0926 0.5000
1.6488 -3.8123 0.5000
4.3798 -4.2257 0.5000
-1.4105 -4.1394 0.5000
-1.2127 -3.6778 0.5000
4.7961 1.8434 0.5000
-1.0174 -6.7023 0.5000
7.3581 -8.6920 0.5000
7.3463 -8.7090 0.5000
-0.6547 -4.8767 0.5000
1.8005 1.9182 0.5000
7.1285 -7.9299 0.5000
7.3130 -8.2350 0.5000
-2.0439 -7.7706 0.5000
1.1958 13.6529 0.5000
1.6363 15.9940 0.5000
9.2024 3.9899 0.5000
7.3629 -8.3944 0.5000
-2.0872 -9.2719 0.5000
-0.5479 -4.9060 0.5000
-0.9918 -3.1883 0.5000
-2.4809 -10.1665 0.5000
-2.1831 -8.3725 0.5000
5.7747 4.3596 0.5000
5.9435 1.6408 0.5000
7.6504 -6.4125 0.5000
7.0891 -8.9837 0.5000
9.4336 3.8860 0.5000
3.8666 -6.1640 0.5000
3.1010 -6.0481 0.5000
4.3142 1.6113 0.5000
-1.7468 -6.9792 0.5000
4.6128 0.8017 0.5000
-1.9722 -7.2208 0.5000
-0.9993 -2.5874 0.5000
-2.0591 -7.5310 0.5000
-1.6238 -5.2947 0.5000
0.6171 5.8493 0.5000
-1.9143 -7.6061 0.5000
-1.2347 -4.0438 0.5000
5.1435 1.4941 0.5000
7.2325 -9.0405 0.5000
3.2528 -5.0603 0.5000
-1.5124 -6.5925 0.5000
-0.5346 -4.1421 0.5000
-1.4611 -4.3308 0.5000
3.9437 2.0366 0.5000
6.9957 -9.3299 0.5000
1.8521 1.9436 0.5000
3.5562 -6.1731 0.5000
3.6374 -6.1752 0.5000
1.0902 13.3204 0.5000
3.6580 -6.1571 0.5000
7.2197 -9.0964 0.5000
3.6036 -6.1225 0.5000
2.0031 -3.6931 0.5000
-4.6921 -15.6498 0.5000
0.6633 5.8327 0.5000
-1.9119 -6.8497 0.5000
4.1334 1.9462 0.5000
-1.9658 -7.1571 0.5000
8.9934 -2.1153 0.5000
8.9825 -2.0600 0.5000
7.1510 -9.3732 0.5000
7.2021 -9.5519 0.5000
-1.7374 -7.1177 0.5000
0.0240 -1.5939 0.5000
6.9175 -9.7666 0.5000
8.7618 4.0848 0.5000
7.1790 -9.4917 0.5000
7.1932 -9.6077 0.5000
-1.9654 -6.9821 0.5000
1.7578 -3.7836 0.5000
-2.4134 -9.7716 0.5000
3.2006 4.7507 0.5000
5.8524 1.5507 0.5000
4.1735 2.0072 0.5000
7.2051 -9.5397 0.5000
-2.3824 -9.2779 0.5000
-1.1642 -3.2195 0.5000
4.7814 0.5139 0.5000
6.8228 -10.4098 0.5000
3.0860 -3.9463 0.5000
-2.0304 -8.1443 0.5000
3.8695 1.7324 0.5000
3.0733 -5.2498 0.5000
-2.0288 -8.5618 0.5000
0.9208 -3.4933 0.5000
-2.5123 -9.9273 0.5000
-1.5215 -4.5212 0.5000
4.6788 0.5971 0.5000
6.7332 -10.4779 0.5000
3.0906 -3.8415 0.5000
-1.3468 -3.9122 0.5000
0.3502 3.5012 0.5000
0.3987 3.5821 0.5000
0.3644 3.6066 0.5000
0.3482 3.6186 0.5000
0.3606 3.6807 0.5000
2.6416 2.3039 0.5000
3.9754 1.6179 0.5000
0.3420 3.5627 0.5000
1.9331 -3.7457 0.5000
-1.8970 -7.6940 0.5000
0.5505 4.6232 0.5000
6.7075 -10.9363 0.5000
6.7269 -10.9913 0.5000
2.1561 -3.8041 0.5000
-1.8539 -9.5538 0.5000
0.5408 4.6407 0.5000
1.1882 13.5223 0.5000
2.2292 -3.8111 0.5000
0.5187 4.6568 0.5000
0.8257 6.6483 0.5000
1.1972 14.0270 0.5000
0.3647 9.3427 0.5000
1.2653 15.1648 0.5000
3.0245 -5.8683 0.5000
2.2313 -3.7554 0.5000
-2.3205 -10.9081 0.5000
-1.8639 -7.2806 0.5000
0.4453 4.6412 0.5000
3.2210 -3.9239 0.5000
2.2504 -3.7695 0.5000
2.2945 -3.8440 0.5000
1.6947 -3.5230 0.5000
0.3687 3.4943 0.5000
0.5092 4.5118 0.5000
0.5024 4.4652 0.5000
1.0667 12.6171 0.5000
1.0552 12.5570 0.5000
2.1653 -3.7529 0.5000
-2.4164 -10.2388 0.5000
-2.4155 -10.0104 0.5000
-0.6970 -4.8494 0.5000
-1.9164 -6.7338 0.5000
0.3258 3.3719 0.5000
0.3735 3.4403 0.5000
0.4804 4.3831 0.5000
0.5470 4.4455 0.5000
-2.4222 -10.5254 0.5000
-1.9470 -7.1209 0.5000
0.3202 3.4703 0.5000
9.3064 3.9847 0.5000
6.7917 -11.3010 0.5000
-2.3098 -10.3288 0.5000
-1.8800 -7.0346 0.5000
0.2867 3.4208 0.5000
0.4871 4.5018 0.5000
8.9397 -1.7874 0.5000
-2.2239 -10.2308 0.5000
-2.1663 -9.8889 0.5000
-1.5871 -6.5849 0.5000
0.2903 3.3582 0.5000
0.4361 4.4488 0.5000
0.4459 4.3572 0.5000
0.7261 12.2689 0.5000
0.9568 9.6288 0.5000
5.3045 1.6174 0.5000
0.3190 4.0071 0.5000
0.3944 5.8994 0.5000
-2.2110 -8.7378 0.5000
0.4139 3.8344 0.5000
0.3145 6.0459 0.5000
0.5351 9.3856 0.5000
0.5340 9.3307 0.5000
4.0229 0.8231 0.5000
5.9315 1.6576 0.5000
7.1856 0.9489 0.5000
7.0445 -2.1367 0.5000
6.6334 -11.6517 0.5000
-2.2961 -9.6633 0.5000
-1.8594 -6.6671 0.5000
0.1884 -0.0494 0.5000
0.3842 3.7504 0.5000
0.2555 5.9743 0.5000
0.8828 6.6070 0.5000
0.2592 3.0724 0.5000
0.3871 3.8110 0.5000
0.3925 3.8567 0.5000
6.7597 -11.5865 0.5000
0.3435 3.8570 0.5000
0.2159 6.1068 0.5000
-2.0940 -9.5687 0.5000
0.0016 -0.0829 0.5000
0.3500 3.7006 0.5000
0.1323 5.8520 0.5000
0.2175 9.3110 0.5000
0.9605 13.8569 0.5000
4.2923 -1.0493 0.5000
-2.2054 -8.9762 0.5000
-1.8723 -6.4283 0.5000
0.3323 3.1712 0.5000
0.3487 3.2496 0.5000
0.4234 4.0429 0.5000
0.3643 6.2393 0.5000
-2.2425 -9.6251 0.5000
-1.8636 -6.7937 0.5000
0.2720 3.1443 0.5000
0.2858 3.1943 0.5000
0.4005 3.9017 0.5000
0.2605 6.1128 0.5000
0.3008 6.2292 0.5000
5.9810 -1.7507 0.5000
2.3062 -3.8034 0.5000
2.3016 -3.8555 0.5000
0.3000 3.2046 0.5000
0.3998 3.9527 0.5000
0.3989 4.0639 0.5000
0.3108 6.3475 0.5000
2.3313 -3.7993 0.5000
0.2344 3.1975 0.5000
0.3982 4.0006 0.5000
0.3880 4.1204 0.5000
0.2457 6.2369 0.5000
0.2964 6.3049 0.5000
9.4545 1.5537 0.5000
3.0689 -5.8265 0.5000
2.3926 -3.8155 0.5000
-2.0936 -9.6412 0.5000
-1.3752 -4.8573 0.5000
0.3456 3.9212 0.5000
0.1999 6.0108 0.5000
0.2037 5.8834 0.5000
0.2654 9.2915 0.5000
3.2496 1.7971 0.5000
3.3543 1.9573 0.5000
3.3916 1.5189 0.5000
-2.2226 -8.9489 0.5000
0.3096 3.2621 0.5000
0.3284 3.3477 0.5000
0.4663 4.1503 0.5000
0.4586 4.2098 0.5000
5.9994 1.6281 0.5000
6.1663 -1.8496 0.5000
-2.2483 -9.5045 0.5000
-2.2328 -9.3653 0.5000
-2.1884 -9.5714 0.5000
-1.8418 -6.7851 0.5000
-1.8147 -6.6422 0.5000
0.4413 4.2942 0.5000
9.4352 1.5989 0.5000
-2.0923 -9.3750 0.5000
0.3781 4.2300 0.5000
9.3904 1.3693 0.5000
6.1731 -1.7463 0.5000
0.1874 6.1570 0.5000
0.3957 9.2899 0.5000
1.8950 5.1290 0.5000
1.8449 5.1429 0.5000
0.2756 3.5234 0.5000
3.2856 1.8355 0.5000
5.0442 1.4291 0.5000
2.4498 -3.8184 0.5000
-2.3525 -10.0677 0.5000
0.4728 4.0714 0.5000
0.3640 6.1563 0.5000
5.8639 1.6974 0.5000
6.2447 -1.8939 0.5000
2.4652 -3.8530 0.5000
-1.8488 -9.5989 0.5000
-1.9557 -7.5461 0.5000
6.0949 -1.7572 0.5000
2.5121 -3.8668 0.5000
-1.7487 -9.5932 0.5000
-1.9441 -7.5954 0.5000
2.5472 -3.8476 0.5000
-2.3031 -10.9824 0.5000
0.3175 9.3045 0.5000
2.6134 -3.8361 0.5000
-1.8261 -7.7593 0.5000
0.3477 3.6673 0.5000
0.7276 12.6919 0.5000
-2.0894 -8.3002 0.5000
0.3293 2.9113 0.5000
1.9017 1.9257 0.5000
2.0374 -3.7092 0.5000
-2.2637 -9.5436 0.5000
-1.1579 -3.5264 0.5000
0.5456 4.5623 0.5000
4.8221 1.0411 0.5000
5.9693 -1.8262 0.5000
0.3413 3.5195 0.5000
0.4904 4.4508 0.5000
7.1222 1.0296 0.5000
0.4656 4.6271 0.5000
0.4311 4.4911 0.5000
0.4194 4.5556 0.5000
5.2379 1.6144 0.5000
2.8695 -1.6936 0.5000
2.5957 -3.8446 0.5000
-1.7376 -7.1761 0.5000
0.2922 3.2566 0.5000
0.4068 5.8037 0.5000
0.4132 3.7812 0.5000
2.5635 -3.8999 0.5000
-2.3541 -10.1333 0.5000
-1.9125 -7.0438 0.5000
0.1079 -0.0479 0.5000
5.6332 0.5104 0.5000
2.6077 -3.8663 0.5000
-1.7268 -5.5632 0.5000
0.1761 -0.0794 0.5000
2.6554 -3.8767 0.5000
0.2781 3.4793 0.5000
5.0469 1.4707 0.5000
5.5605 1.8015 0.5000
2.8357 -1.2140 0.5000
2.7554 -3.8699 0.5000
-1.7785 -7.7932 0.5000
0.3153 4.1469 0.5000
0.3111 5.8813 0.5000
0.3648 3.3458 0.5000
0.6027 5.6964 0.5000
0.5329 5.9071 0.5000
4.9982 1.8413 0.5000
5.4915 1.7964 0.5000
2.7840 -1.1572 0.5000
2.8809 -3.9192 0.5000
-2.2007 -9.0092 0.5000
-2.1321 -8.7020 0.5000
0.3090 9.3546 0.5000
9.4214 1.2579 0.5000
-1.7540 -6.8446 0.5000
0.3962 3.9390 0.5000
0.2091 5.9640 0.5000
9.7480 3.2146 0.5000
0.3398 3.8451 0.5000
0.1323 5.7049 0.5000
0.1418 5.7655 0.5000
5.8489 1.7126 0.5000
6.6011 1.6127 0.5000
4.4518 -1.0105 0.5000
2.7032 -3.8641 0.5000
0.0265 -3.5289 0.5000
-1.1593 -4.0158 0.5000
-1.8677 -6.8384 0.5000
-1.6666 -5.4461 0.5000
0.3237 3.1232 0.5000
0.4453 3.8660 0.5000
2.9730 1.3357 0.5000
7.6493 -2.2267 0.5000
4.6816 1.5145 0.5000
2.8340 -3.9350 0.5000
2.4002 -3.8538 0.5000
0.2218 3.1497 0.5000
2.4862 -3.8457 0.5000
0.4941 4.6537 0.5000
2.1679 -3.7405 0.5000
-1.8719 -8.5493 0.5000
-1.8491 -8.4408 0.5000
-1.6516 -6.4274 0.5000
-1.3481 -4.7155 0.5000
-1.7659 -5.8249 0.5000
-1.6760 -5.3622 0.5000
-1.2676 -3.8640 0.5000
0.5320 5.0978 0.5000
5.0047 1.6353 0.5000
-1.7757 -6.1193 0.5000
0.2054 5.7289 0.5000
7.7310 4.0314 0.5000
-1.8792 -8.2885 0.5000
0.3266 3.7681 0.5000
0.4685 4.7228 0.5000
0.6549 6.1368 0.5000
1.4211 -3.7059 0.5000
-1.3566 -4.8127 0.5000
2.5037 -0.9508 0.5000
-1.7085 -5.6406 0.5000
-1.2458 -4.3533 0.5000
-1.1566 -3.4395 0.5000
0.4600 4.0499 0.5000
7.8351 3.9376 0.5000
0.4029 3.9735 0.5000
5.0000 1.7841 0.5000
9.5685 2.3631 0.5000
9.4644 1.4880 0.5000
-2.4523 -13.1410 0.5000
-1.9686 -11.5585 0.5000
-1.6808 -6.6418 0.5000
-0.0065 -0.0567 0.5000
2.9335 1.3633 0.5000
4.0276 0.8976 0.5000
0.0767 -3.5218 0.5000
-1.0710 -3.8551 0.5000
2.5493 -0.9401 0.5000
-2.4430 -11.6164 0.5000
-2.1321 -8.2559 0.5000
-1.8234 -6.0374 0.5000
1.9783 -3.7186 0.5000
-1.7302 -5.5264 0.5000
2.9522 1.2474 0.5000
4.9289 1.7635 0.5000
6.7496 1.5457 0.5000
9.3714 1.0197 0.5000
0.3940 3.7011 0.5000
7.1131 0.9995 0.5000
4.8425 1.8977 0.5000
4.8078 1.7162 0.5000
6.6919 1.6184 0.5000
1.6617 -3.7876 0.5000
-1.8230 -7.6946 0.5000
-1.8560 -8.3501 0.5000
-1.0425 -3.3695 0.5000
-1.9661 -7.4874 0.5000
2.9696 1.3993 0.5000
-2.6907 -13.0529 0.5000
-1.8575 -6.5844 0.5000
-1.1943 -3.2713 0.5000
2.9649 1.2972 0.5000
8.9099 3.9639 0.5000
0.3444 3.4445 0.5000
0.4390 4.1935 0.5000
5.4078 1.7954 0.5000
6.6050 1.5924 0.5000
0.4454 4.2384 0.5000
6.7165 1.5937 0.5000
3.1282 2.3019 0.5000
4.7906 1.8928 0.5000
-2.3708 -13.1736 0.5000
-1.6065 -6.3862 0.5000
-0.9817 -2.2491 0.5000
1.8025 1.8999 0.5000
2.9257 1.2189 0.5000
2.3826 0.8997 0.5000
-1.9401 -7.3728 0.5000
-1.4013 -4.0539 0.5000
0.5510 4.7251 0.5000
3.1398 1.8173 0.5000
4.8394 1.7652 0.5000
8.9140 4.0289 0.5000
8.4951 -2.2062 0.5000
4.0144 4.6799 0.5000
7.1660 1.0962 0.5000
4.7311 1.0506 0.5000
7.2474 1.4686 0.5000
-0.3897 -4.9765 0.5000
-1.0931 -3.7724 0.5000
0.1929 2.8387 0.5000
2.9762 2.0536 0.5000
3.4660 1.7520 0.5000
7.7829 -2.1173 0.5000
0.5797 9.3516 0.5000
0.6459 9.3754 0.5000
-1.7078 -5.8218 0.5000
-1.7409 -7.2738 0.5000
0.4239 9.2838 0.5000
2.9767 4.7247 0.5000
9.5998 3.0647 0.5000
5.5708 0.8565 0.5000
9.3907 1.3360 0.5000
8.5127 -2.1400 0.5000
7.0563 -2.1160 0.5000
-1.7488 -7.6617 0.5000
-0.9933 -3.2031 0.5000
0.3655 4.5442 0.5000
3.7481 1.6106 0.5000
-1.5063 -3.2946 0.5000
0.1945 9.3651 0.5000
0.1632 9.4116 0.5000
3.9730 0.9549 0.5000
5.8858 1.3633 0.5000
6.6412 -1.9911 0.5000
5.6438 -1.7339 0.5000
0.3073 6.1565 0.5000
0.3533 6.2604 0.5000
0.6407 7.6681 0.5000
0.0718 9.4349 0.5000
6.2553 -1.8013 0.5000
5.5719 -1.7274 0.5000
6.2387 -1.7950 0.5000
5.6321 -1.7866 0.5000
0.2772 6.3949 0.5000
0.2275 6.1811 0.5000
-0.1037 9.3471 0.5000
-0.0859 9.3338 0.5000
3.9943 1.0191 0.5000
4.8941 0.8022 0.5000
5.3200 -1.7026 0.5000
-0.8268 -1.2046 0.5000
2.9413 1.3187 0.5000
3.1590 1.8387 0.5000
2.8517 1.0542 0.5000
0.4213 6.3750 0.5000
0.4107 6.4873 0.5000
0.2311 9.4352 0.5000
0.2706 9.3733 0.5000
4.7146 1.6597 0.5000
5.9595 -1.9239 0.5000
5.5298 -2.0477 0.5000
4.7206 -1.5354 0.5000
4.7092 -1.5775 0.5000
7.1641 1.1219 0.5000
6.2308 -1.8005 0.5000
4.6855 -1.4954 0.5000
7.0962 -2.0520 0.5000
6.0049 -1.8618 0.5000
0.2434 6.2727 0.5000
5.6067 0.9049 0.5000
1.8720 1.9734 0.5000
4.0009 0.9319 0.5000
5.1082 4.6430 0.5000
6.9354 4.2875 0.5000
6.0736 -1.8427 0.5000
5.9470 -1.8387 0.5000
5.5572 -1.8179 0.5000
5.5630 -1.9187 0.5000
4.8976 -1.5123 0.5000
4.6305 -1.4981 0.5000
4.5667 -1.4889 0.5000
5.0802 4.6418 0.5000
5.5599 -1.8899 0.5000
4.9545 4.6012 0.5000
5.0216 4.6754 0.5000
6.3859 -1.8732 0.5000
4.9335 -1.5480 0.5000
4.5826 -1.4468 0.5000
5.2185 -1.6486 0.5000
4.7790 -1.5168 0.5000
2.8866 1.7630 0.5000
3.7660 1.5886 0.5000
2.9390 1.2815 0.5000
4.2575 1.9450 0.5000
7.0270 -1.9698 0.5000
6.0209 -1.8337 0.5000
5.8097 -2.7273 0.5000
5.4027 -1.7282 0.5000
5.2473 -1.8694 0.5000
-0.9825 -2.1498 0.5000
-0.2013 9.3268 0.5000
4.6820 1.8775 0.5000
4.8522 -1.5998 0.5000
4.0282 1.0237 0.5000
4.0285 0.9553 0.5000
6.3027 -1.9142 0.5000
5.5359 -2.0730 0.5000
5.1671 -1.7500 0.5000
4.8021 -1.5447 0.5000
4.7777 -1.4583 0.5000
0.4337 6.4030 0.5000
0.0370 9.4183 0.5000
0.1081 9.4083 0.5000
6.3490 -1.8921 0.5000
5.5613 -1.7709 0.5000
5.9156 -2.5761 0.5000
0.3570 6.4542 0.5000
6.0425 -1.7938 0.5000
5.9246 -2.6184 0.5000
0.4372 4.5187 0.5000
0.2903 6.4428 0.5000
0.0268 9.3457 0.5000
6.2713 -1.7822 0.5000
5.6868 -1.6938 0.5000
5.5922 -1.9770 0.5000
0.3806 7.3675 0.5000
4.6611 1.7470 0.5000
-1.0851 -2.8900 0.5000
-0.6129 -0.4202 0.5000
0.7617 5.9325 0.5000
4.1847 1.6998 0.5000
4.4560 1.9037 0.5000
5.6741 -1.7185 0.5000
5.5088 -1.9841 0.5000
5.2105 -1.7260 0.5000
4.9182 -1.6495 0.5000
0.4045 6.3285 0.5000
6.9524 -2.2542 0.5000
6.1224 -1.8217 0.5000
7.3174 4.1790 0.5000
6.1309 -1.7606 0.5000
6.3923 -1.8292 0.5000
5.5888 -2.0174 0.5000
0.2674 6.2457 0.5000
-0.1852 9.3296 0.5000
6.4896 4.2106 0.5000
5.8787 -1.7535 0.5000
5.4033 -2.1202 0.5000
1.7048 1.5963 0.5000
0.6063 6.4438 0.5000
3.4361 2.2947 0.5000
4.8744 0.7382 0.5000
4.3948 -1.5037 0.5000
0.6408 5.9060 0.5000
3.0907 2.2000 0.5000
4.9634 4.6765 0.5000
4.6775 1.6040 0.5000
9.0286 -1.4953 0.5000
6.9635 -2.2252 0.5000
5.8710 -1.8657 0.5000
0.4742 4.4248 0.5000
-0.0675 9.4211 0.5000
5.9168 -1.8783 0.5000
0.4982 4.5594 0.5000
9.3136 1.2011 0.5000
7.6016 -2.1588 0.5000
-0.1602 9.3935 0.5000
0.3970 4.2756 0.5000
0.1870 5.8502 0.5000
0.1927 6.0850 0.5000
0.4343 7.3866 0.5000
0.4354 7.5338 0.5000
2.3404 5.0223 0.5000
4.3527 -1.4908 0.5000
-0.9469 -2.9255 0.5000
4.0774 0.9193 0.5000
4.9258 0.7301 0.5000
4.2528 -1.4937 0.5000
4.3373 -1.4696 0.5000
0.4233 5.9616 0.5000
2.5901 2.5732 0.5000
0.6374 7.5983 0.5000
4.7568 1.0660 0.5000
5.8553 -1.9240 0.5000
4.5631 -1.8926 0.5000
5.8285 -9.1554 0.5000
4.3841 -2.1669 0.5000
4.3656 -2.3304 0.5000
0.3210 6.1236 0.5000
8.4320 -2.4263 0.5000
4.4057 -2.2489 0.5000
4.4075 -2.4539 0.5000
0.5610 7.6973 0.5000
4.4288 -2.1840 0.5000
4.3524 -2.0458 0.5000
0.2817 6.1993 0.5000
0.5031 7.6507 0.5000
4.5047 -1.6255 0.5000
4.4038 -2.0728 0.5000
4.3761 -1.4417 0.5000
0.1985 5.8143 0.5000
5.6094 -1.8463 0.5000
4.5544 -1.5116 0.5000
4.5392 -1.5144 0.5000
4.4418 -1.4774 0.5000
3.3583 1.6061 0.5000
4.9554 0.7257 0.5000
4.2101 -1.4326 0.5000
4.2849 -1.4150 0.5000
0.5452 6.3138 0.5000
3.5021 4.4358 0.5000
5.5699 1.3788 0.5000
5.8259 1.3744 0.5000
8.4322 -2.3400 0.5000
5.9203 -1.9817 0.5000
3.4556 4.4005 0.5000
5.7506 -1.8676 0.5000
4.2859 -2.0365 0.5000
0.3198 6.4256 0.5000
4.3134 -1.4366 0.5000
2.8727 1.2167 0.5000
0.3594 4.3725 0.5000
0.1913 5.9515 0.5000
0.4246 7.4546 0.5000
-0.3568 9.3458 0.5000
5.5386 1.5046 0.5000
5.4840 1.4009 0.5000
5.7580 1.3975 0.5000
4.6457 -1.4450 0.5000
4.5462 -1.6504 0.5000
4.2625 -1.1807 0.5000
4.2948 -1.1053 0.5000
2.8714 1.2539 0.5000
2.2100 2.5264 0.5000
3.0951 1.9323 0.5000
4.2459 -1.1699 0.5000
4.2000 -1.2583 0.5000
4.3919 1.9357 0.5000
5.5067 1.4433 0.5000
5.4071 -1.6579 0.5000
4.4577 -1.6648 0.5000
4.2338 -1.4739 0.5000
0.5565 4.8503 0.5000
5.9566 -1.9714 0.5000
4.6520 -1.5500 0.5000
4.5970 -1.8195 0.5000
4.5536 -2.2172 0.5000
4.1614 -2.0390 0.5000
6.1589 -1.7873 0.5000
4.6913 -1.5537 0.5000
4.3516 -2.0622 0.5000
9.3322 1.1130 0.5000
4.5520 -1.9775 0.5000
6.0445 -1.9906 0.5000
4.7461 -1.4625 0.5000
0.3670 4.3029 0.5000
0.1955 5.9061 0.5000
5.5635 1.4292 0.5000
4.6251 -1.6153 0.5000
4.4931 -1.5532 0.5000
4.4559 -1.5188 0.5000
4.2462 -1.3943 0.5000
2.8526 1.7004 0.5000
4.9114 0.7514 0.5000
4.8567 -1.8032 0.5000
4.3829 -1.5632 0.5000
5.0173 0.7609 0.5000
5.9186 -1.9154 0.5000
0.5921 7.4003 0.5000
5.6915 1.3807 0.5000
5.8591 1.6410 0.5000
8.4774 -2.4765 0.5000
5.6067 -9.1153 0.5000
5.5473 -9.0572 0.5000
4.4035 -2.1144 0.5000
4.2457 -2.0297 0.5000
4.1508 -2.1465 0.5000
4.1985 -1.4718 0.5000
0.5645 7.5882 0.5000
6.7123 4.1253 0.5000
4.8562 -2.2901 0.5000
4.8690 -2.5844 0.5000
4.6152 -2.2316 0.5000
4.1674 -2.1508 0.5000
4.2410 -1.9183 0.5000
0.5019 7.5749 0.5000
4.8690 -2.3209 0.5000
5.6179 -9.0868 0.5000
4.6515 -2.2498 0.5000
4.2465 -2.1488 0.5000
0.2265 6.0543 0.5000
0.4974 7.4762 0.5000
5.8351 1.6970 0.5000
6.0460 -1.9260 0.5000
4.6724 -1.9248 0.5000
4.4744 -2.1905 0.5000
4.4661 -2.0300 0.5000
4.2322 -1.5098 0.5000
0.3320 4.0695 0.5000
2.6568 1.8422 0.5000
2.2708 5.0245 0.5000
4.2696 1.7343 0.5000
4.5836 -1.5866 0.5000
4.9691 0.7656 0.5000
4.1839 -1.7493 0.5000
4.2402 -1.2056 0.5000
4.0520 0.8421 0.5000
4.9699 -1.8151 0.5000
5.0006 -1.9297 0.5000
4.4283 -1.9483 0.5000
4.4075 -2.0232 0.5000
0.5735 4.6908 0.5000
3.5118 2.1210 0.5000
4.6533 -1.8778 0.5000
4.4585 -2.0577 0.5000
0.5261 4.7042 0.5000
0.3560 6.0824 0.5000
0.6248 7.5318 0.5000
0.6551 7.6696 0.5000
2.7504 5.0577 0.5000
5.8907 1.5393 0.5000
5.9886 1.3415 0.5000
8.4857 -2.4060 0.5000
6.1966 -2.1278 0.5000
4.8934 -1.7719 0.5000
4.2279 -2.1864 0.5000
4.2220 -1.6423 0.5000
4.2487 -1.5583 0.5000
0.3737 6.3320 0.5000
-0.2213 9.4792 0.5000
6.2871 -1.8518 0.5000
4.7117 -2.2419 0.5000
4.5023 -2.0289 0.5000
4.3411 -1.8204 0.5000
4.2748 -2.1109 0.5000
5.9584 -1.8666 0.5000
4.8822 -1.8859 0.5000
4.5455 -2.0806 0.5000
4.5092 -1.8059 0.5000
0.5167 7.6257 0.5000
5.7405 1.3926 0.5000
5.1328 -2.3094 0.5000
5.0278 -1.5829 0.5000
4.4743 -1.4860 0.5000
4.2651 -1.2919 0.5000
2.4356 1.8456 0.5000
4.0545 0.8995 0.5000
4.9552 -1.6833 0.5000
5.0254 -1.8180 0.5000
4.2258 -1.3302 0.5000
0.4625 4.2759 0.5000
3.4836 2.1089 0.5000
4.4891 1.9726 0.5000
5.2123 1.6738 0.5000
5.6404 1.4251 0.5000
5.6254 1.4591 0.5000
5.8759 1.4254 0.5000
7.0451 -2.2102 0.5000
6.5124 -1.9396 0.5000
4.7793 -1.5915 0.5000
4.4926 -2.1221 0.5000
4.2083 -2.3087 0.5000
4.3369 -2.0290 0.5000
4.2156 -1.7507 0.5000
0.4759 4.3267 0.5000
6.9581 -2.3160 0.5000
4.7393 -2.1036 0.5000
4.2626 -2.1588 0.5000
4.1731 -1.8346 0.5000
4.3098 -2.1789 0.5000
4.2093 -1.8454 0.5000
7.8469 -2.2313 0.5000
7.0806 -2.1991 0.5000
4.5799 -1.9399 0.5000
0.3806 4.1664 0.5000
4.8693 0.9230 0.5000
4.8748 0.8780 0.5000
5.1160 -1.6717 0.5000
4.9807 -1.5549 0.5000
3.9939 1.0662 0.5000
4.8905 4.6718 0.5000
5.3571 -2.3233 0.5000
5.1685 -2.3097 0.5000
5.0832 -1.6171 0.5000
4.9058 -1.5947 0.5000
4.4521 -1.6080 0.5000
4.1311 -2.1629 0.5000
5.7285 0.5409 0.5000
6.2876 -2.0506 0.5000
5.3755 -2.4479 0.5000
5.4477 -2.6649 0.5000
5.1148 -2.1697 0.5000
4.4083 -1.7237 0.5000
4.1733 -2.3197 0.5000
4.1855 -1.4354 0.5000
4.2477 -1.1098 0.5000
4.0262 1.0700 0.5000
3.3451 2.8231 0.5000
4.1360 1.8985 0.5000
4.4390 1.9683 0.5000
5.1784 1.4288 0.5000
5.1635 1.7400 0.5000
5.6097 1.5701 0.5000
5.8749 1.4501 0.5000
7.7269 -2.3891 0.5000
5.9156 -9.1646 0.5000
5.8886 -9.1676 0.5000
4.9666 -2.1706 0.5000
4.9941 -2.1259 0.5000
4.3483 -2.0542 0.5000
4.1388 -2.0455 0.5000
4.1449 -1.9881 0.5000
0.3634 6.3770 0.5000
4.9517 -2.2711 0.5000
4.9898 -2.3209 0.5000
4.7979 -2.1832 0.5000
4.5534 -2.1598 0.5000
4.5260 -2.2253 0.5000
4.1271 -2.0879 0.5000
4.2871 -1.7268 0.5000
3.0225 4.6928 0.5000
5.2084 -2.2505 0.5000
5.1771 -2.2424 0.5000
4.7721 -2.2162 0.5000
4.5471 -2.1704 0.5000
0.3136 6.3726 0.5000
7.7774 -2.3365 0.5000
7.0482 -2.3494 0.5000
5.5050 -2.4963 0.5000
5.2087 -2.1682 0.5000
5.2294 -2.2435 0.5000
5.0142 -2.1809 0.5000
4.8480 -2.1387 0.5000
4.6371 -1.8551 0.5000
4.1007 -2.1101 0.5000
4.2776 -1.2281 0.5000
0.4732 7.4165 0.5000
8.6844 -2.1714 0.5000
5.5876 -2.0599 0.5000
6.4051 -9.1772 0.5000
6.3248 -9.1177 0.5000
5.1715 -2.1876 0.5000
4.9173 -2.1399 0.5000
4.8132 -1.5874 0.5000
4.1111 -2.3893 0.5000
4.1078 -2.4491 0.5000
4.2452 -1.7480 0.5000
0.3967 7.3262 0.5000
2.6334 4.9925 0.5000
5.6024 -1.9322 0.5000
5.4984 -2.3523 0.5000
5.3241 -1.6955 0.5000
5.2337 -2.3082 0.5000
5.1554 -1.6103 0.5000
5.0152 -1.6005 0.5000
5.0317 -2.1374 0.5000
5.3337 -2.1635 0.5000
5.3251 -2.2007 0.5000
4.8584 -2.1482 0.5000
4.0872 -2.3511 0.5000
4.2106 -1.6960 0.5000
2.7654 1.2953 0.5000
3.9368 1.0227 0.5000
4.8335 1.6258 0.5000
5.5307 1.7335 0.5000
5.5159 1.6494 0.5000
5.7405 0.6510 0.5000
6.5896 1.5968 0.5000
7.5232 -2.1282 0.5000
8.5505 -4.4608 0.5000
5.4692 -2.6884 0.5000
4.9447 -2.1708 0.5000
4.4572 -2.2022 0.5000
4.1677 -2.2563 0.5000
4.4235 -1.7589 0.5000
4.1997 -1.7604 0.5000
4.3396 -1.5584 0.5000
3.2248 4.4517 0.5000
4.9037 4.1736 0.5000
4.9158 4.3554 0.5000
6.5728 1.6010 0.5000
8.4719 -2.2558 0.5000
5.4280 -2.3798 0.5000
5.1729 -1.9783 0.5000
4.9893 -1.9164 0.5000
4.8490 -1.8026 0.5000
4.8132 -1.7704 0.5000
4.9218 4.2618 0.5000
4.9460 4.6732 0.5000
5.1712 -2.2580 0.5000
4.9446 -2.2493 0.5000
4.8274 -1.8591 0.5000
4.6253 -1.7738 0.5000
4.6366 -1.8038 0.5000
0.0984 5.2971 0.5000
4.8613 4.6378 0.5000
6.5342 4.1679 0.5000
0.1411 5.5070 0.5000
0.5941 6.5000 0.5000
2.3699 5.0494 0.5000
5.7482 0.7097 0.5000
6.4232 1.6259 0.5000
8.6850 -4.3124 0.5000
6.4546 -1.8940 0.5000
5.5087 -2.5353 0.5000
5.5339 -2.6128 0.5000
5.2568 -2.1700 0.5000
4.7077 -1.7056 0.5000
4.0116 -2.8142 0.5000
4.1669 -1.9890 0.5000
4.2629 -1.5150 0.5000
2.5724 0.8920 0.5000
0.2773 3.6446 0.5000
0.3767 4.5936 0.5000
0.1879 6.1089 0.5000
1.9760 5.0960 0.5000
4.8904 1.5510 0.5000
5.1464 1.5175 0.5000
5.5376 0.7226 0.5000
5.4688 -1.6869 0.5000
5.3089 -1.8218 0.5000
5.2904 -1.6411 0.5000
5.1071 -1.8314 0.5000
4.9183 -1.9641 0.5000
2.7724 1.9103 0.5000
4.2189 1.6202 0.5000
5.7233 0.5553 0.5000
6.6645 -2.0168 0.5000
5.2918 -2.0489 0.5000
5.0594 -2.1427 0.5000
4.8171 -2.1908 0.5000
3.5167 -0.8630 0.5000
2.8075 1.3597 0.5000
0.1539 5.3163 0.5000
4.8604 0.9762 0.5000
4.9015 0.9745 0.5000
6.4498 1.5716 0.5000
7.4188 -2.9476 0.5000
5.5326 -2.3748 0.5000
5.3280 -2.0950 0.5000
5.0734 -2.1828 0.5000
0.5116 4.8569 0.5000
5.3042 -2.3124 0.5000
5.3029 -2.1448 0.5000
5.1120 -2.2349 0.5000
4.8895 -2.1638 0.5000
4.5177 -1.9167 0.5000
7.6634 -2.1638 0.5000
5.1163 -2.1489 0.5000
4.3719 -2.2915 0.5000
8.6997 -1.8180 0.5000
5.4437 -2.2373 0.5000
4.9484 -1.7102 0.5000
4.9071 -1.6961 0.5000
4.5587 -2.0805 0.5000
1.9487 -7.9337 0.5000
4.2282 -1.8642 0.5000
0.4364 4.6544 0.5000
2.8716 4.8202 0.5000
7.6037 -2.2978 0.5000
7.0213 -2.6212 0.5000
5.6436 -1.8823 0.5000
5.5432 -2.5905 0.5000
5.4537 -2.4417 0.5000
4.9452 -1.9028 0.5000
0.0848 5.4772 0.5000
0.6214 6.3891 0.5000
5.0713 1.5145 0.5000
5.5003 1.3835 0.5000
4.6121 -1.5636 0.5000
5.2730 -1.7750 0.5000
5.2503 -2.0806 0.5000
4.3568 -1.0570 0.5000
3.2123 -0.8272 0.5000
4.6825 1.5832 0.5000
6.0226 1.3409 0.5000
7.5887 -2.0573 0.5000
7.2408 -2.7038 0.5000
6.5391 -1.8573 0.5000
5.5519 -2.1857 0.5000
5.5361 -2.1191 0.5000
5.3783 -2.2156 0.5000
4.6489 -1.5482 0.5000
0.4774 4.1315 0.5000
0.5777 4.9187 0.5000
0.2762 5.5186 0.5000
6.9047 1.5601 0.5000
8.8632 4.0435 0.5000
8.8418 -1.8494 0.5000
7.4671 -2.9548 0.5000
1.6848 -7.8774 0.5000
4.4232 -2.3282 0.5000
0.2054 5.4147 0.5000
9.3203 1.0788 0.5000
5.4221 -2.4079 0.5000
4.9724 -2.2236 0.5000
4.4947 -2.2598 0.5000
4.4664 -1.8149 0.5000
4.3723 -1.6239 0.5000
0.1344 5.4211 0.5000
9.2757 1.0870 0.5000
9.2689 0.1275 0.5000
5.7525 -2.0283 0.5000
5.8055 -2.4036 0.5000
5.2269 -1.8043 0.5000
4.3886 -1.7501 0.5000
8.5237 -2.3654 0.5000
5.8937 -2.4586 0.5000
6.8704 -9.2510 0.5000
4.9191 -2.2756 0.5000
4.9595 -1.6493 0.5000
4.4817 -1.7240 0.5000
4.5917 -1.6112 0.5000
4.3100 -1.6240 0.5000
0.2929 3.6660 0.5000
0.0903 5.2127 0.5000
5.5851 1.7999 0.5000
5.9838 1.3732 0.5000
6.0378 -2.0604 0.5000
5.9148 -2.4597 0.5000
4.9854 -1.7420 0.5000
4.9054 -1.7865 0.5000
4.7868 -1.6538 0.5000
4.1702 -2.2419 0.5000
0.2471 3.2884 0.5000
3.5133 1.8876 0.5000
5.4988 0.5574 0.5000
5.5216 -1.6823 0.5000
5.3738 -1.6581 0.5000
5.0438 -1.7760 0.5000
4.3338 -1.5093 0.5000
4.2887 -1.3436 0.5000
4.2706 -1.3668 0.5000
5.7058 -1.7013 0.5000
5.3596 -1.7295 0.5000
5.1644 -1.8482 0.5000
4.4081 -1.4326 0.5000
4.7066 1.5596 0.5000
5.7388 0.6224 0.5000
6.9744 -1.9830 0.5000
4.6794 -1.8499 0.5000
8.2572 -2.2805 0.5000
5.4695 -2.3424 0.5000
5.0787 -1.9298 0.5000
4.8254 -2.0128 0.5000
4.5532 -2.1172 0.5000
4.5260 -1.7520 0.5000
7.9342 4.0696 0.5000
5.4860 -1.9693 0.5000
5.3095 -1.8800 0.5000
5.2966 -1.9312 0.5000
5.1036 -1.7509 0.5000
4.8182 -1.6365 0.5000
5.5352 -1.9023 0.5000
5.0006 -1.7106 0.5000
4.8527 -1.6911 0.5000
7.0780 -9.2850 0.5000
6.9544 -9.2343 0.5000
5.4812 -2.2753 0.5000
5.4615 -2.2397 0.5000
5.3133 -2.0426 0.5000
5.0402 -2.3319 0.5000
0.2932 3.7525 0.5000
0.4404 4.7071 0.5000
0.0907 5.4233 0.5000
0.2477 6.3536 0.5000
5.0034 1.5207 0.5000
5.2075 1.8179 0.5000
5.6943 0.6651 0.5000
5.9257 1.3510 0.5000
6.0249 -2.4119 0.5000
5.9961 -2.4286 0.5000
5.7107 -1.6886 0.5000
5.5467 -2.2552 0.5000
4.8036 -2.3102 0.5000
3.3239 1.6839 0.5000
5.3092 -1.7754 0.5000
5.8476 -1.7737 0.5000
5.8470 -1.9561 0.5000
5.2367 -2.1281 0.5000
4.8568 -1.9594 0.5000
4.8284 -2.0556 0.5000
4.3347 1.9690 0.5000
4.3691 1.9618 0.5000
5.7835 0.6555 0.5000
5.9175 -2.0911 0.5000
5.7388 -2.2964 0.5000
5.5113 -2.3191 0.5000
4.8007 -2.2192 0.5000
4.5981 -1.7530 0.5000
4.3228 -1.7051 0.5000
0.4452 4.1489 0.5000
5.9481 4.3614 0.5000
6.5454 1.6302 0.5000
6.7613 1.5956 0.5000
7.6656 -2.2354 0.5000
5.7740 -2.4586 0.5000
5.7598 -2.5134 0.5000
5.3034 -2.2975 0.5000
5.0948 -2.2870 0.5000
4.8412 -2.2764 0.5000
5.0759 -1.7798 0.5000
0.4275 4.0591 0.5000
5.8905 -2.2925 0.5000
5.8462 -2.2878 0.5000
4.8520 -2.5289 0.5000
4.8722 -1.9395 0.5000
4.8481 4.3411 0.5000
8.9882 4.0140 0.5000
4.8626 -2.4832 0.5000
4.5588 -1.6743 0.5000
4.8846 4.2890 0.5000
5.8947 -2.7203 0.5000
4.6246 -1.6598 0.5000
0.2824 3.5607 0.5000
6.8043 1.6170 0.5000
5.8623 -1.7385 0.5000
5.5312 -2.2457 0.5000
5.3702 -2.0127 0.5000
4.6815 1.4969 0.5000
5.5024 0.6039 0.5000
5.8862 -1.8410 0.5000
5.6734 -2.0285 0.5000
5.5159 -1.7897 0.5000
5.3638 -1.7795 0.5000
3.9004 -4.7278 0.5000
4.7192 -2.2722 0.5000
3.0017 1.2876 0.5000
4.9249 0.9270 0.5000
4.8569 1.0147 0.5000
5.0151 1.7907 0.5000
6.8711 1.5915 0.5000
7.2067 1.1515 0.5000
8.1590 -2.3035 0.5000
7.5612 -2.2439 0.5000
7.2932 -1.9515 0.5000
5.9860 -2.2004 0.5000
5.9482 -2.2297 0.5000
5.7494 -2.3791 0.5000
5.5534 -2.1429 0.5000
5.6257 -1.6867 0.5000
0.1552 0.0057 0.5000
3.2709 4.4772 0.5000
9.5013 3.9123 0.5000
8.3794 -3.1162 0.5000
6.6161 -9.2483 0.5000
6.5800 -9.2352 0.5000
5.7725 -2.2887 0.5000
0.4780 6.6091 0.5000
2.4140 5.1109 0.5000
4.9082 4.2480 0.5000
4.9518 4.3385 0.5000
6.0277 -2.4775 0.5000
5.7753 -2.3914 0.5000
5.6910 -1.8034 0.5000
5.4931 -1.9404 0.5000
5.2574 -1.9853 0.5000
5.0935 -1.8805 0.5000
4.7509 -1.6287 0.5000
6.3348 -2.4582 0.5000
6.2836 -2.4673 0.5000
6.0727 -2.4605 0.5000
6.0110 -2.2980 0.5000
5.6646 -1.8643 0.5000
4.9402 -1.8481 0.5000
4.7805 -1.7358 0.5000
4.3023 -1.7592 0.5000
4.8990 4.2219 0.5000
4.8997 4.3035 0.5000
7.5238 -2.1935 0.5000
7.7269 -9.3668 0.5000
5.6121 -2.2703 0.5000
4.8387 -2.4293 0.5000
4.9271 -1.8560 0.5000
4.1011 -2.4759 0.5000
4.2669 -1.5676 0.5000
0.3794 4.4846 0.5000
4.5897 1.5455 0.5000
7.1632 -1.9285 0.5000
5.9154 -2.1048 0.5000
4.8140 -2.6412 0.5000
4.8632 -2.0574 0.5000
4.7860 -2.2555 0.5000
5.8548 -2.3762 0.5000
5.6811 -2.2475 0.5000
5.2744 -2.1120 0.5000
4.7635 -2.5895 0.5000
4.7536 -2.6153 0.5000
4.4104 -1.5062 0.5000
2.8040 1.3480 0.5000
4.9056 0.8144 0.5000
4.3371 2.0104 0.5000
4.4426 1.8870 0.5000
8.4082 -2.2766 0.5000
6.3330 -1.9819 0.5000
6.3347 -2.0117 0.5000
6.2468 -2.7461 0.5000
6.2266 -2.6852 0.5000
5.9673 -2.3090 0.5000
5.9806 -2.2962 0.5000
5.7316 -2.3338 0.5000
5.2563 -2.3348 0.5000
5.3545 -1.9692 0.5000
5.0494 -2.2824 0.5000
4.5653 -1.7343 0.5000
3.8875 -0.9338 0.5000
2.2327 5.1601 0.5000
7.7196 -2.4188 0.5000
6.3199 -2.1674 0.5000
6.2935 -2.1892 0.5000
6.1093 -2.5417 0.5000
6.0943 -2.5294 0.5000
5.8803 -2.3007 0.5000
5.6115 -2.3463 0.5000
5.6311 -2.3929 0.5000
5.3649 -1.8675 0.5000
5.1022 -1.5996 0.5000
4.3190 -2.1400 0.5000
2.7142 5.0578 0.5000
4.9108 4.6456 0.5000
6.3012 -2.3709 0.5000
6.1019 -2.1237 0.5000
5.3226 -1.6046 0.5000
4.8722 -1.6292 0.5000
7.7625 4.0504 0.5000
7.7730 4.0107 0.5000
6.3589 -2.4745 0.5000
6.1142 -1.9297 0.5000
6.1141 -2.4350 0.5000
5.8682 -2.4132 0.5000
5.7760 -1.8304 0.5000
5.7377 -2.0910 0.5000
5.4883 -1.7115 0.5000
5.4042 -1.7612 0.5000
5.2954 -1.6721 0.5000
5.1282 -1.6122 0.5000
4.3708 -1.7300 0.5000
6.8164 1.5873 0.5000
7.1907 1.2582 0.5000
7.9978 -2.1348 0.5000
7.7379 -2.3364 0.5000
6.3392 -2.1025 0.5000
6.2643 -1.9199 0.5000
6.1507 -2.4827 0.5000
6.1342 -2.3453 0.5000
5.9275 -2.3500 0.5000
5.9292 -2.2955 0.5000
5.6510 -2.3474 0.5000
4.8370 -2.4508 0.5000
4.1602 -2.3690 0.5000
4.2897 -2.2301 0.5000
6.3480 -1.8346 0.5000
6.3198 -1.7951 0.5000
4.8277 -2.6712 0.5000
3.0329 -0.9293 0.5000
5.6365 -1.9780 0.5000
5.2337 -1.9284 0.5000
5.7732 0.5953 0.5000
7.4182 -2.0257 0.5000
4.7623 -2.4098 0.5000
5.0368 1.8605 0.5000
5.6544 1.4395 0.5000
7.2119 1.2096 0.5000
2.5726 -8.0227 0.5000
1.5397 -7.8520 0.5000
8.6999 -2.7881 0.5000
6.2035 -2.4580 0.5000
6.2454 -2.5603 0.5000
6.0235 -2.3932 0.5000
5.9965 -2.3836 0.5000
5.5600 -2.3320 0.5000
5.2375 -1.9718 0.5000
6.2359 -2.5192 0.5000
5.8081 -2.0684 0.5000
5.6978 -1.9974 0.5000
6.2711 -2.5082 0.5000
6.2467 -2.6205 0.5000
6.0471 -2.3013 0.5000
5.8140 -2.3252 0.5000
5.6248 -2.1309 0.5000
5.3250 -2.3729 0.5000
5.0670 -2.3012 0.5000
4.4440 -1.5957 0.5000
0.2494 3.3750 0.5000
0.5689 6.7727 0.5000
6.4980 1.6103 0.5000
6.4269 -1.8058 0.5000
1.9805 -7.9860 0.5000
6.0414 -1.7459 0.5000
5.5339 -1.7028 0.5000
5.1763 -1.6603 0.5000
5.9267 -1.7606 0.5000
5.7107 -1.8519 0.5000
5.0211 -1.6778 0.5000
4.6500 -1.6781 0.5000
2.9954 1.4616 0.5000
4.2497 2.0338 0.5000
5.7677 0.7839 0.5000
7.6749 -2.0795 0.5000
7.5821 -2.3498 0.5000
5.6824 -2.2631 0.5000
8.4469 -2.5291 0.5000
8.1448 -2.3143 0.5000
5.5911 -2.4715 0.5000
8.7960 -1.8931 0.5000
8.6195 -2.8195 0.5000
6.2888 -2.3699 0.5000
6.0957 -2.3398 0.5000
5.6253 -2.4396 0.5000
4.8378 -2.3548 0.5000
5.1991 -1.8757 0.5000
4.3676 -1.6688 0.5000
4.7579 4.3472 0.5000
9.5573 3.9052 0.5000
9.1483 -0.7616 0.5000
7.4575 -9.3826 0.5000
5.6377 -2.4860 0.5000
5.5515 -2.6348 0.5000
5.1018 -1.9835 0.5000
9.5550 3.9796 0.5000
9.6194 3.9879 0.5000
5.6541 -2.4162 0.5000
5.6697 -1.7970 0.5000
2.9937 1.1372 0.5000
0.3491 3.9635 0.5000
5.6911 0.7029 0.5000
5.2241 4.5964 0.5000
6.5134 -2.0055 0.5000
6.3947 -2.0270 0.5000
5.7683 -2.3095 0.5000
5.6853 -1.9199 0.5000
4.8217 -2.5282 0.5000
4.8172 -2.5542 0.5000
4.6704 -2.2908 0.5000
3.0023 1.1592 0.5000
5.7935 -1.7357 0.5000
5.5538 -2.2363 0.5000
4.7435 -2.5710 0.5000
3.0728 1.2900 0.5000
6.0521 1.6683 0.5000
5.5713 -2.3693 0.5000
0.4090 -8.1610 0.5000
0.4027 -8.1299 0.5000
4.3648 1.6170 0.5000
4.8217 1.5133 0.5000
6.8723 -2.9698 0.5000
6.5430 -2.3896 0.5000
6.1266 -2.3638 0.5000
5.5965 -1.6852 0.5000
4.5274 -1.4795 0.5000
4.1967 -1.5974 0.5000
0.2564 5.6867 0.5000
5.9243 4.4317 0.5000
8.5739 -2.8399 0.5000
6.8478 -2.5583 0.5000
6.5779 -2.5214 0.5000
6.1661 -2.1864 0.5000
6.1798 -2.0385 0.5000
4.0197 -2.5169 0.5000
4.1699 -1.6254 0.5000
6.8497 -2.4680 0.5000
6.8846 -2.9340 0.5000
6.5730 -2.1526 0.5000
6.5888 -2.5887 0.5000
6.1613 -2.2053 0.5000
5.2378 -1.7691 0.5000
6.9446 -2.8574 0.5000
6.9398 -2.9399 0.5000
7.2335 -9.3349 0.5000
6.1635 -2.3705 0.5000
6.1594 -2.3435 0.5000
5.9125 -2.4448 0.5000
5.6041 -2.5929 0.5000
0.2781 6.4901 0.5000
5.6694 1.5240 0.5000
5.9085 1.4295 0.5000
6.6943 1.5836 0.5000
6.9977 -2.7407 0.5000
6.6952 -2.5523 0.5000
6.4468 -2.3456 0.5000
5.6538 -2.0970 0.5000
3.9992 1.9810 0.5000
6.6825 -1.8985 0.5000
6.7472 -1.8988 0.5000
6.5620 -2.2017 0.5000
6.3977 -2.3716 0.5000
7.8702 -2.1354 0.5000
6.9598 -2.6453 0.5000
4.4948 -2.3960 0.5000
4.4582 -1.4148 0.5000
3.0628 1.2409 0.5000
4.0384 1.1266 0.5000
4.0657 2.0558 0.5000
5.7053 0.7579 0.5000
8.9992 -1.5962 0.5000
8.5228 -2.8644 0.5000
7.6941 -9.4154 0.5000
6.5811 -2.4200 0.5000
3.0021 1.2137 0.5000
0.2515 5.9315 0.5000
6.4473 -2.1644 0.5000
6.2120 -2.1327 0.5000
5.8420 -2.0346 0.5000
6.8349 -2.6248 0.5000
6.5696 -2.0520 0.5000
6.4042 -2.0618 0.5000
6.2405 -2.0238 0.5000
6.0666 -1.9722 0.5000
5.7294 -1.8486 0.5000
5.5297 -1.8456 0.5000
0.2147 5.9459 0.5000
4.8903 4.3532 0.5000
8.5737 -2.8885 0.5000
7.8168 -9.4072 0.5000
6.6273 -2.5757 0.5000
6.6489 -2.4261 0.5000
6.4386 -2.3898 0.5000
5.9043 -2.5086 0.5000
4.6586 -2.4357 0.5000
4.7965 -2.3120 0.5000
4.4339 -1.8280 0.5000
3.0519 1.1286 0.5000
0.5206 6.4471 0.5000
6.9673 -2.7616 0.5000
6.9493 -2.8145 0.5000
6.6505 -2.4042 0.5000
6.6782 -2.3955 0.5000
6.4874 -2.2027 0.5000
4.8937 -2.3751 0.5000
5.1404 -1.7134 0.5000
5.7571 0.8136 0.5000
7.7144 -2.0525 0.5000
6.7148 -2.5797 0.5000
6.5156 -2.4026 0.5000
4.5878 -2.2840 0.5000
3.0619 1.3991 0.5000
0.2069 5.3392 0.5000
0.6856 6.5972 0.5000
8.4115 -2.4734 0.5000
6.7506 -2.4494 0.5000
6.3885 -2.3357 0.5000
5.5751 -2.5754 0.5000
5.6094 -2.0419 0.5000
3.9586 -2.9183 0.5000
4.5382 -1.7143 0.5000
6.4488 -2.2632 0.5000
5.8800 -2.5109 0.5000
5.6956 -2.3546 0.5000
4.7174 4.3552 0.5000
7.2291 -9.3951 0.5000
6.5810 -2.3738 0.5000
4.3713 -1.8357 0.5000
4.6595 -1.6026 0.5000
0.1370 5.4650 0.5000
8.3136 -2.3137 0.5000
7.0530 -2.5918 0.5000
7.4018 -9.3977 0.5000
6.8361 -2.4350 0.5000
6.2134 -2.2594 0.5000
4.4761 -2.5616 0.5000
4.0167 -2.9377 0.5000
2.4780 4.9861 0.5000
4.5933 4.1270 0.5000
5.8735 1.3414 0.5000
5.7626 4.3115 0.5000
6.9424 -2.6472 0.5000
6.8462 -1.8980 0.5000
6.6864 -2.4699 0.5000
6.4714 -2.2882 0.5000
6.5079 -1.8192 0.5000
6.3841 -1.9565 0.5000
5.7382 -1.7521 0.5000
5.3316 -1.9058 0.5000
5.0758 -1.8495 0.5000
4.5062 -1.5797 0.5000
4.9246 0.6906 0.5000
6.7647 -1.8782 0.5000
6.6351 -1.8880 0.5000
6.4101 -2.0299 0.5000
6.0594 -1.9480 0.5000
8.4786 -2.1868 0.5000
8.1968 -2.2274 0.5000
6.6428 -2.3965 0.5000
6.4389 -2.2236 0.5000
2.8424 -8.5842 0.5000
0.2248 5.2073 0.5000
2.6199 5.1286 0.5000
6.8698 -2.6762 0.5000
6.8621 -2.4481 0.5000
6.3833 -1.9472 0.5000
5.5421 -2.1602 0.5000
3.9298 4.3794 0.5000
9.4026 3.9405 0.5000
9.2444 -0.2525 0.5000
6.8894 -2.5782 0.5000
6.8737 -2.6290 0.5000
6.6882 -2.5197 0.5000
6.6432 -2.5472 0.5000
6.4429 -2.4599 0.5000
6.4011 -2.4066 0.5000
6.1544 -1.9030 0.5000
5.9076 -2.0416 0.5000
5.8030 -1.9038 0.5000
3.9892 -2.7626 0.5000
4.0603 -2.2338 0.5000
9.4479 3.9734 0.5000
6.4515 -2.4019 0.5000
6.4616 -2.3884 0.5000
5.7320 -2.4207 0.5000
5.8059 -1.8832 0.5000
0.3499 4.8816 0.5000
2.9938 4.3669 0.5000
7.4692 -2.9047 0.5000
6.9092 -2.7133 0.5000
6.7131 -2.4131 0.5000
6.3800 -2.0963 0.5000
3.2242 -8.7461 0.5000
5.5690 -2.7540 0.5000
1.2554 -7.9407 0.5000
4.0002 -2.8879 0.5000
2.1593 5.0400 0.5000
5.6096 1.3676 0.5000
5.9278 1.3455 0.5000
5.0457 4.6183 0.5000
7.0093 -2.5526 0.5000
6.7609 -2.4593 0.5000
5.7417 -1.9211 0.5000
4.9315 -2.3332 0.5000
7.2154 -1.9647 0.5000
6.9198 -2.0609 0.5000
6.9481 -2.5484 0.5000
6.7008 -2.2439 0.5000
6.2524 -2.2567 0.5000
6.9504 -2.5566 0.5000
6.9994 -2.5246 0.5000
2.1519 -7.9788 0.5000
5.7772 -2.4203 0.5000
0.2029 5.3917 0.5000
0.5474 6.6469 0.5000
7.2796 -2.6895 0.5000
7.0353 -2.2907 0.5000
6.7507 -2.5637 0.5000
6.6259 -2.1808 0.5000
6.4559 -1.9837 0.5000
5.8215 -1.7421 0.5000
7.2333 -2.1871 0.5000
7.0328 -2.3950 0.5000
6.8409 -2.1547 0.5000
5.4418 -1.8363 0.5000
7.0260 -2.4947 0.5000
6.8322 -2.5474 0.5000
6.5877 -2.4998 0.5000
6.4981 -2.1565 0.5000
6.1302 -1.9603 0.5000
5.7631 -1.7544 0.5000
5.3890 -1.8408 0.5000
4.9589 -1.7976 0.5000
2.9129 0.9926 0.5000
3.2399 4.3230 0.5000
8.0685 -7.3451 0.5000
2.4835 -8.1344 0.5000
5.5909 -2.4155 0.5000
4.2796 -1.8705 0.5000
0.1438 5.9492 0.5000
3.8705 4.2465 0.5000
6.9280 -2.4538 0.5000
6.7900 -1.9408 0.5000
6.3720 -2.1421 0.5000
4.5709 -2.3121 0.5000
3.8419 -1.0857 0.5000
7.1585 -1.9606 0.5000
6.8927 -1.9134 0.5000
6.7180 -1.9754 0.5000
6.6077 -2.4538 0.5000
6.3183 -2.0692 0.5000
4.8069 -1.4844 0.5000
4.9363 0.8520 0.5000
4.0106 2.1359 0.5000
4.8547 1.9164 0.5000
4.9454 1.8583 0.5000
5.7077 1.4318 0.5000
5.8754 1.7098 0.5000
7.9034 -7.8348 0.5000
7.8477 -7.3507 0.5000
7.1104 -1.9606 0.5000
6.8642 -2.4770 0.5000
6.2267 -2.4480 0.5000
5.6348 -2.0619 0.5000
4.0504 -2.4287 0.5000
5.3530 -1.6404 0.5000
4.9529 -1.5471 0.5000
3.6231 -0.8841 0.5000
2.9707 1.0893 0.5000
0.6801 6.6396 0.5000
3.3801 4.4565 0.5000
5.0485 4.4882 0.5000
7.3955 -2.9507 0.5000
6.7355 -2.4660 0.5000
6.4739 -2.4512 0.5000
4.0396 -2.4424 0.5000
4.9412 4.5101 0.5000
8.0071 4.1939 0.5000
9.1647 3.9799 0.5000
7.1748 -2.6326 0.5000
6.5344 -2.5371 0.5000
6.4532 -2.5153 0.5000
6.3825 -2.2451 0.5000
6.0016 -2.0122 0.5000
4.0146 -2.4756 0.5000
9.7155 3.9314 0.5000
6.9781 -2.4506 0.5000
3.3425 -8.7557 0.5000
5.6882 -2.5015 0.5000
4.2650 -1.6090 0.5000
2.9442 0.9328 0.5000
4.1985 4.1923 0.5000
4.8788 4.4534 0.5000
7.2022 -2.5485 0.5000
6.3395 -2.5174 0.5000
4.5030 -2.3465 0.5000
2.9293 1.0831 0.5000
7.4642 -2.0203 0.5000
7.3296 -2.1332 0.5000
7.3640 -2.4238 0.5000
7.1755 -2.1648 0.5000
6.7902 -2.2733 0.5000
6.3478 -2.3029 0.5000
6.2923 -2.4425 0.5000
4.9610 1.8572 0.5000
5.7509 1.4369 0.5000
7.4841 -2.6496 0.5000
3.9925 -2.6154 0.5000
3.9289 -0.9457 0.5000
0.5834 6.6442 0.5000
4.9797 4.7150 0.5000
7.2943 -2.5496 0.5000
4.0484 -2.5644 0.5000
9.8098 3.8526 0.5000
7.5417 -2.6515 0.5000
7.4621 -2.5198 0.5000
7.2639 -2.6335 0.5000
6.5019 -2.2186 0.5000
6.0635 -2.1656 0.5000
2.9584 0.9445 0.5000
8.0854 -6.5332 0.5000
4.8853 4.4216 0.5000
4.8339 4.6492 0.5000
7.5505 -2.5985 0.5000
7.3005 -2.5493 0.5000
5.8456 1.3487 0.5000
7.0900 -2.4704 0.5000
7.1084 -2.4709 0.5000
5.0108 -8.9699 0.5000
3.1113 1.2405 0.5000
0.3306 5.8409 0.5000
5.1526 1.4735 0.5000
2.3548 5.1593 0.5000
7.3666 -2.5705 0.5000
7.1539 -2.4816 0.5000
6.4306 -2.5401 0.5000
6.4042 -2.1002 0.5000
3.8691 4.3755 0.5000
4.7531 4.2275 0.5000
7.8061 3.9951 0.5000
9.1178 -0.7037 0.5000
7.4347 -2.6995 0.5000
7.3630 -2.6612 0.5000
6.6543 -2.1385 0.5000
4.6418 4.4049 0.5000
9.5289 3.9545 0.5000
7.4086 -2.6401 0.5000
7.2226 -2.3852 0.5000
6.8841 -2.1458 0.5000
6.8632 -2.0798 0.5000
6.7274 -2.0304 0.5000
4.0036 -2.6476 0.5000
7.5625 -2.1318 0.5000
7.4176 -2.5149 0.5000
7.2262 -2.4817 0.5000
6.7158 -2.6162 0.5000
6.4426 -2.6099 0.5000
3.0267 1.0919 0.5000
2.2356 5.0350 0.5000
7.6259 -2.1258 0.5000
7.4572 -2.7365 0.5000
3.6444 -8.7759 0.5000
3.7590 -8.6092 0.5000
4.3448 -1.6626 0.5000
5.7615 1.3484 0.5000
7.5010 -2.0283 0.5000
7.3540 -1.9597 0.5000
6.8774 -1.8757 0.5000
4.9505 0.8182 0.5000
7.5520 -2.1695 0.5000
7.3595 -2.5099 0.5000
3.1000 -8.6068 0.5000
0.4570 5.9501 0.5000
2.4469 5.1637 0.5000
4.9020 4.3415 0.5000
7.6555 -2.6923 0.5000
7.2493 -2.5819 0.5000
7.1091 -2.1390 0.5000
7.1452 -2.0199 0.5000
6.8962 -2.2587 0.5000
6.4967 -1.8243 0.5000
6.1498 -1.8637 0.5000
5.8055 -1.8324 0.5000
0.3002 6.0906 0.5000
3.9996 4.3606 0.5000
9.4192 3.4382 0.5000
7.6952 -2.3508 0.5000
7.4983 -2.3267 0.5000
7.2629 -2.2953 0.5000
6.9421 -2.1338 0.5000
6.7850 -2.0379 0.5000
4.8250 4.3753 0.5000
7.7121 -2.6608 0.5000
6.9036 -2.2147 0.5000
6.7319 -2.1313 0.5000
6.7469 -2.0793 0.5000
6.5948 -2.0305 0.5000
6.6069 -1.9178 0.5000
6.4357 -1.9134 0.5000
5.2542 -2.2222 0.5000
5.4671 -1.8344 0.5000
0.2319 6.0422 0.5000
7.4699 -2.8831 0.5000
7.4801 -2.5705 0.5000
7.2844 -2.4928 0.5000
7.1254 -2.2160 0.5000
7.1141 -2.1503 0.5000
3.4923 -8.7459 0.5000
3.0297 1.1017 0.5000
0.2921 3.8533 0.5000
0.0909 5.3820 0.5000
5.1297 1.3969 0.5000
7.7247 -2.1501 0.5000
7.5419 -2.3248 0.5000
4.7383 -1.6917 0.5000
4.6734 -1.4457 0.5000
3.6691 -8.6009 0.5000
1.6180 -7.8863 0.5000
4.0628 -2.3024 0.5000
4.4357 -1.6345 0.5000
3.5641 -0.8978 0.5000
2.2660 5.1504 0.5000
5.3684 4.6684 0.5000
7.9040 4.0044 0.5000
7.6622 -2.7085 0.5000
7.6159 -2.7208 0.5000
7.0869 -2.3841 0.5000
6.4758 -2.1447 0.5000
4.0447 -2.2990 0.5000
5.0785 -1.5944 0.5000
9.6510 3.9335 0.5000
7.6918 -2.9310 0.5000
7.0462 -2.5089 0.5000
7.0858 -2.3196 0.5000
6.7331 -2.1514 0.5000
2.9364 1.0232 0.5000
7.6872 -2.5612 0.5000
7.1360 -2.2683 0.5000
6.3460 -2.8214 0.5000
6.3979 -2.7075 0.5000
6.1512 -1.8553 0.5000
5.4841 -1.7856 0.5000
4.5093 4.4041 0.5000
9.3589 3.4173 0.5000
9.5928 2.8128 0.5000
2.9912 -8.6464 0.5000
2.9542 -8.6885 0.5000
2.8865 0.8656 0.5000
5.7531 0.7152 0.5000
5.3304 1.5284 0.5000
6.8079 -1.9390 0.5000
7.6505 -2.0088 0.5000
7.3414 -2.1569 0.5000
7.0145 -2.4409 0.5000
6.5419 -2.4806 0.5000
4.6881 -4.9714 0.5000
4.7663 1.9226 0.5000
8.3276 -3.2514 0.5000
8.2909 -5.5935 0.5000
8.3250 -5.6820 0.5000
7.5429 -2.4042 0.5000
7.0064 -2.6711 0.5000
2.6353 -8.4928 0.5000
6.4185 -2.7382 0.5000
5.9510 -1.7239 0.5000
3.3548 -0.8128 0.5000
2.2261 5.2125 0.5000
2.4706 5.1722 0.5000
4.0033 4.3542 0.5000
4.1662 4.3527 0.5000
4.9609 4.2250 0.5000
8.9970 -1.4529 0.5000
8.9973 -1.6007 0.5000
8.0726 -3.1064 0.5000
7.3487 -2.6281 0.5000
7.1272 -2.6424 0.5000
7.2308 -2.2421 0.5000
7.1409 -2.0525 0.5000
6.9986 -1.9020 0.5000
2.4570 5.1477 0.5000
5.4634 4.6512 0.5000
9.5763 3.3890 0.5000
8.0360 -2.7524 0.5000
8.0380 -2.8045 0.5000
7.6301 -2.3889 0.5000
7.4296 -2.2576 0.5000
7.2884 -2.1548 0.5000
6.9997 -2.0405 0.5000
9.4750 2.2181 0.5000
8.3938 -3.0913 0.5000
8.0992 -2.7767 0.5000
8.4481 -5.3671 0.5000
7.6196 -2.5467 0.5000
7.6130 -2.3187 0.5000
7.3843 -2.6312 0.5000
6.8456 -2.2027 0.5000
6.7871 -1.9929 0.5000
4.0326 -2.3760 0.5000
0.1877 5.6320 0.5000
8.4145 -2.9714 0.5000
8.2258 -2.3072 0.5000
8.4856 -4.9292 0.5000
8.1285 -2.8724 0.5000
7.6728 -2.4556 0.5000
3.1340 -8.6775 0.5000
3.1825 -8.7101 0.5000
5.6862 -2.1382 0.5000
2.9527 0.8793 0.5000
7.2728 -2.5662 0.5000
8.3120 -2.4238 0.5000
8.0709 -2.1432 0.5000
7.9347 -2.3685 0.5000
7.9260 -2.7965 0.5000
7.7491 -2.6462 0.5000
6.2103 -2.7633 0.5000
0.0647 -8.1319 0.5000
0.4564 5.3994 0.5000
6.0640 1.7251 0.5000
8.5452 -4.6802 0.5000
8.5514 -4.7273 0.5000
8.1465 -6.3351 0.5000
7.5583 -2.3991 0.5000
7.3470 -2.5912 0.5000
4.0321 -0.9474 0.5000
8.2931 -2.8159 0.5000
8.0237 -2.7249 0.5000
7.4930 -2.1917 0.5000
7.3382 -2.0985 0.5000
6.5614 -1.8342 0.5000
4.0888 -2.0804 0.5000
8.0885 4.2460 0.5000
9.1973 4.0395 0.5000
9.5124 2.3299 0.5000
9.4538 2.1612 0.5000
9.3892 1.4395 0.5000
8.2741 -2.7867 0.5000
8.0291 -2.4561 0.5000
4.3271 -1.1413 0.5000
9.4888 2.2734 0.5000
9.3483 1.3871 0.5000
8.3035 -2.8082 0.5000
8.5750 -4.6084 0.5000
8.0961 -2.7261 0.5000
8.2384 -6.3712 0.5000
7.6263 -2.4325 0.5000
7.4078 -2.3345 0.5000
7.2851 -2.2348 0.5000
7.2389 -2.2717 0.5000
7.1750 -2.0421 0.5000
8.4439 -3.1349 0.5000
8.2338 -2.2735 0.5000
8.0770 -2.6534 0.5000
7.6598 -2.4060 0.5000
7.6405 -2.4971 0.5000
7.0350 -2.8696 0.5000
7.1801 -2.0988 0.5000
2.6915 -8.0778 0.5000
2.7234 -8.0565 0.5000
2.0708 -4.7846 0.5000
2.8332 0.8764 0.5000
0.3968 4.4215 0.5000
5.7204 1.7303 0.5000
7.1698 1.1872 0.5000
6.8340 -2.0919 0.5000
8.1724 -2.1224 0.5000
8.0384 -2.0682 0.5000
8.0406 -2.1067 0.5000
7.7808 -2.6578 0.5000
7.4674 -2.2339 0.5000
4.4501 -1.3980 0.5000
4.2523 -0.9893 0.5000
3.2018 4.5405 0.5000
5.7861 1.7739 0.5000
4.4170 4.3102 0.5000
4.5050 4.2688 0.5000
5.0391 4.7056 0.5000
6.7336 1.6267 0.5000
7.2506 1.1910 0.5000
8.0562 -2.6280 0.5000
7.8679 -2.5834 0.5000
7.8607 -2.6021 0.5000
7.6698 -2.5189 0.5000
7.5484 -2.2457 0.5000
4.1756 -8.7851 0.5000
7.0642 -2.2656 0.5000
6.3723 -1.7925 0.5000
4.1298 -1.9328 0.5000
4.0644 -0.9431 0.5000
4.9418 4.5602 0.5000
9.2685 0.9328 0.5000
9.2965 0.8890 0.5000
8.1332 -2.6020 0.5000
7.1046 -2.8192 0.5000
6.9267 -1.8937 0.5000
6.5163 -1.9593 0.5000
8.3849 4.1527 0.5000
6.7853 -2.0543 0.5000
9.4325 1.5461 0.5000
9.2864 0.8258 0.5000
4.2017 -8.8341 0.5000
7.0028 -2.9893 0.5000
4.0538 -2.5521 0.5000
7.7260 3.9730 0.5000
9.3636 3.7057 0.5000
8.1023 -2.4221 0.5000
7.9374 -2.6046 0.5000
5.6122 -6.2962 0.5000
6.3779 -2.1550 0.5000
7.9737 -2.2139 0.5000
7.9841 -2.4496 0.5000
6.0745 -2.4495 0.5000
2.0852 5.2405 0.5000
2.3209 5.1813 0.5000
4.9648 4.4166 0.5000
6.4886 4.3378 0.5000
8.5230 -2.9555 0.5000
8.5360 -3.0022 0.5000
8.3899 -5.5502 0.5000
8.0351 -2.6003 0.5000
7.8072 -2.5948 0.5000
7.4171 -2.4412 0.5000
7.0150 -2.7183 0.5000
7.0683 -2.6044 0.5000
5.7103 -2.0415 0.5000
2.1871 5.1744 0.5000
9.7624 3.5461 0.5000
8.4537 -2.5978 0.5000
7.8450 -2.6020 0.5000
7.5849 -2.6857 0.5000
8.5346 -2.7548 0.5000
8.2916 -2.8857 0.5000
7.6288 -2.6359 0.5000
7.2675 -2.3518 0.5000
6.5991 -1.8548 0.5000
9.6548 3.4181 0.5000
9.6925 3.3090 0.5000
9.3435 1.5158 0.5000
8.4637 -2.6232 0.5000
8.4757 -5.3567 0.5000
8.4752 -5.5435 0.5000
7.6115 -2.5614 0.5000
4.7974 -8.9666 0.5000
7.0222 -2.7615 0.5000
6.6152 -2.1113 0.5000
5.8752 -2.0192 0.5000
4.0513 -2.2599 0.5000
0.1249 -0.1689 0.5000
1.9769 5.0474 0.5000
8.2721 -2.4209 0.5000
8.0685 -2.8765 0.5000
8.1071 -2.1186 0.5000
7.8746 -2.6600 0.5000
7.0371 -2.9328 0.5000
7.1149 -2.3214 0.5000
3.2793 -0.9859 0.5000
7.4302 -2.0977 0.5000
7.0839 -2.2219 0.5000
6.5191 -2.1684 0.5000
8.3600 -2.2193 0.5000
8.1717 -2.3752 0.5000
7.9749 -2.6116 0.5000
7.7949 -2.5638 0.5000
4.2507 -8.7927 0.5000
4.2952 -8.8320 0.5000
6.0907 -2.3525 0.5000
3.9801 -0.9401 0.5000
0.3423 5.6411 0.5000
5.0419 1.9145 0.5000
5.8470 1.7693 0.5000
4.3295 4.3022 0.5000
7.2543 1.3273 0.5000
8.3735 -5.3850 0.5000
8.3696 -5.4646 0.5000
8.0358 -2.6543 0.5000
7.8243 -2.6918 0.5000
7.4693 -2.2780 0.5000
7.3825 -2.0816 0.5000
7.2304 -1.9092 0.5000
3.1707 4.5274 0.5000
4.3726 4.3011 0.5000
7.8488 4.0118 0.5000
8.2723 -2.4754 0.5000
8.0763 -2.3901 0.5000
8.0972 -2.4159 0.5000
7.8506 -2.3626 0.5000
7.8862 -2.2187 0.5000
7.7693 -2.0545 0.5000
6.6478 -2.0445 0.5000
4.1991 -1.6760 0.5000
9.3284 3.4103 0.5000
8.2669 -2.3554 0.5000
7.9305 -2.2256 0.5000
7.8858 -2.4193 0.5000
7.6331 -2.0340 0.5000
4.8636 4.5712 0.5000
8.4396 -5.4217 0.5000
7.0829 -2.6825 0.5000
6.5359 -2.1013 0.5000
5.7725 -1.9131 0.5000
4.0533 -2.1964 0.5000
4.4213 -1.6505 0.5000
8.5467 -2.3271 0.5000
8.1338 -2.6526 0.5000
7.9177 -2.5977 0.5000
6.0717 -1.7434 0.5000
2.8956 0.9389 0.5000
6.0034 1.3519 0.5000
8.3278 -3.0732 0.5000
8.3303 -2.9432 0.5000
6.9991 -2.9294 0.5000
6.9928 -2.8644 0.5000
6.6783 -1.9907 0.5000
3.8181 4.4346 0.5000
4.9525 4.2921 0.5000
8.3732 -2.8199 0.5000
8.3685 -2.9427 0.5000
8.1314 -2.7602 0.5000
7.9265 -2.7184 0.5000
7.8883 -2.7086 0.5000
7.5064 -1.9856 0.5000
7.3229 -1.9970 0.5000
6.6419 -1.8363 0.5000
4.6525 4.4396 0.5000
9.6222 3.3797 0.5000
9.4211 1.7874 0.5000
9.3340 1.0260 0.5000
8.3722 -2.3006 0.5000
8.1035 -2.4567 0.5000
7.9780 -2.2537 0.5000
9.5958 3.4129 0.5000
9.4083 1.8489 0.5000
8.4021 -2.7637 0.5000
8.1894 -2.7381 0.5000
8.1212 -2.8366 0.5000
7.9484 -2.6801 0.5000
7.4286 -2.1867 0.5000
7.2847 -2.0935 0.5000
6.9067 -1.9034 0.5000
4.0551 -2.4626 0.5000
0.0913 5.1975 0.5000
8.4436 -2.8133 0.5000
8.4173 -2.8502 0.5000
8.1754 -2.6270 0.5000
4.1648 -8.8780 0.5000
3.0294 -8.6598 0.5000
0.3159 4.1766 0.5000
8.2240 -2.1856 0.5000
7.1663 -2.1198 0.5000
7.3043 -2.4249 0.5000
6.9481 -2.5578 0.5000
-0.3012 0.0548 0.5000
5.5077 1.4608 0.5000
9.2304 -0.2049 0.5000
8.4569 -3.0136 0.5000
4.3962 -8.8395 0.5000
7.8249 4.2607 0.5000
9.3640 3.5670 0.5000
8.4890 -3.0807 0.5000
8.3482 -5.6308 0.5000
8.3298 -6.0443 0.5000
7.5750 -2.5488 0.5000
8.5203 -3.0900 0.5000
8.4986 -2.9556 0.5000
8.3159 -5.9442 0.5000
8.4520 -2.8524 0.5000
8.3696 -5.7493 0.5000
8.3317 -6.0583 0.5000
4.4578 -8.8843 0.5000
6.2537 -2.7396 0.5000
6.2632 -2.6903 0.5000
6.2179 -2.3176 0.5000
4.2956 -1.6667 0.5000
4.8618 4.5135 0.5000
9.3446 3.6563 0.5000
8.5479 -2.9380 0.5000
7.0613 -2.7207 0.5000
6.2622 -2.8178 0.5000
6.4284 -1.9797 0.5000
0.2319 6.3186 0.5000
6.7295 -1.9317 0.5000
5.9497 1.4554 0.5000
4.2985 4.3082 0.5000
8.2449 -2.3588 0.5000
5.7475 -1.9748 0.5000
0.1457 0.0230 0.5000
7.0271 -2.8324 0.5000
9.9509 3.8772 0.5000
9.3662 1.5970 0.5000
8.4706 -5.2560 0.5000
2.7691 0.9460 0.5000
8.4874 -2.5374 0.5000
9.6295 3.4147 0.5000
9.3898 1.6553 0.5000
8.2820 -2.2223 0.5000
7.9279 -2.5270 0.5000
7.6751 -2.1214 0.5000
3.5983 -1.0046 0.5000
7.8715 -2.1695 0.5000
4.8693 -1.4990 0.5000
0.2082 5.5101 0.5000
2.1547 5.2102 0.5000
8.3239 -2.1793 0.5000
7.5611 -2.8160 0.5000
6.9749 -2.9615 0.5000
4.5940 -5.7146 0.5000
3.7608 -8.7887 0.5000
2.7097 -8.5337 0.5000
9.9468 3.8737 0.5000
3.8256 -8.8039 0.5000
2.7788 -8.4950 0.5000
6.6099 -2.2189 0.5000
6.5646 -1.9424 0.5000
8.5106 -5.2682 0.5000
7.6239 -2.7869 0.5000
3.9022 -8.8204 0.5000
2.7985 -8.6046 0.5000
2.8845 -8.3383 0.5000
5.3614 -2.3677 0.5000
4.8640 -1.7251 0.5000
4.4431 4.4084 0.5000
7.8838 -2.0956 0.5000
6.4563 -1.9404 0.5000
0.1497 2.8369 0.5000
0.2836 3.9514 0.5000
7.9515 -2.0707 0.5000
7.4326 -2.2052 0.5000
7.0911 -2.4253 0.5000
8.3089 -2.2148 0.5000
-0.0054 3.0939 0.5000
8.3715 -5.5078 0.5000
4.6774 -8.8797 0.5000
7.8089 -2.7161 0.5000
7.1273 -2.6743 0.5000
7.3991 -2.1649 0.5000
8.4209 -5.6788 0.5000
4.8408 4.2994 0.5000
8.5580 -2.9850 0.5000
8.5088 -5.5087 0.5000
5.7127 1.3392 0.5000
3.6001 4.2553 0.5000
8.2116 -2.2211 0.5000
8.0994 -2.8494 0.5000
6.2480 -1.7378 0.5000
5.9207 -1.7168 0.5000
7.9801 -2.5865 0.5000
7.9677 -2.7161 0.5000
4.3939 -8.7463 0.5000
6.8622 -1.9530 0.5000
6.7190 -1.8447 0.5000
-0.0941 3.1701 0.5000
9.1010 -0.6862 0.5000
8.3823 -2.2620 0.5000
8.2454 -2.7796 0.5000
8.1581 -2.1870 0.5000
7.7905 -2.6032 0.5000
7.7053 -2.0444 0.5000
7.5796 -1.9967 0.5000
3.1235 -0.7840 0.5000
4.9562 4.4822 0.5000
7.7390 4.0596 0.5000
4.9199 4.4968 0.5000
8.8945 -1.7486 0.5000
8.5724 -2.1484 0.5000
8.0790 -2.2808 0.5000
7.8871 -2.2597 0.5000
7.9118 -2.0929 0.5000
7.7541 -2.0447 0.5000
7.4482 -1.9661 0.5000
7.2315 -2.0269 0.5000
9.2115 -0.3124 0.5000
8.5228 -5.3432 0.5000
7.6212 -2.0997 0.5000
0.3925 4.6378 0.5000
8.6807 -2.2480 0.5000
8.4439 -3.0955 0.5000
8.1858 -2.7868 0.5000
7.9647 -2.6526 0.5000
7.7222 -2.5795 0.5000
8.6147 -2.3208 0.5000
8.4292 -5.3317 0.5000
5.7610 -9.0556 0.5000
0.4276 5.0467 0.5000
7.1522 -2.5905 0.5000
8.1201 -2.3966 0.5000
9.2220 -0.0049 0.5000
9.2396 -0.1419 0.5000
8.6874 -2.2738 0.5000
8.1064 -2.7360 0.5000
7.9368 -2.4332 0.5000
7.2137 -2.6149 0.5000
6.5531 -2.2572 0.5000
0.2675 6.2922 0.5000
4.2419 -8.8677 0.5000
4.1102 -8.8678 0.5000
2.9349 -8.6790 0.5000
6.5021 -2.5565 0.5000
8.4387 -5.2484 0.5000
5.7511 0.8549 0.5000
7.2143 0.9587 0.5000
7.2855 1.4655 0.5000
8.3652 -2.8577 0.5000
8.1738 -2.6515 0.5000
7.5150 -2.5350 0.5000
4.0455 -2.3486 0.5000
4.5687 4.2602 0.5000
5.1221 4.7087 0.5000
5.1865 4.7259 0.5000
9.4603 1.2321 0.5000
8.2120 -2.9042 0.5000
7.9906 -2.7506 0.5000
7.1145 -2.5911 0.5000
6.4771 -2.7595 0.5000
8.4814 -2.9491 0.5000
7.7638 -2.7146 0.5000
7.3188 -2.2531 0.5000
9.0182 -1.4447 0.5000
8.4976 -2.8141 0.5000
8.2107 -2.6732 0.5000
5.8994 -1.9972 0.5000
8.4689 -5.5615 0.5000
8.2572 -2.6566 0.5000
3.9478 -1.0513 0.5000
6.8162 -2.1212 0.5000
8.2038 -2.6454 0.5000
8.5639 -2.3198 0.5000
8.3541 -2.1416 0.5000
8.1677 -2.0792 0.5000
7.6303 -2.6796 0.5000
6.4372 -1.7968 0.5000
0.7509 6.2460 0.5000
4.1995 -1.5329 0.5000
0.3715 4.8809 0.5000
0.0483 5.0734 0.5000
8.6862 -2.3021 0.5000
8.4435 -2.1285 0.5000
8.0529 -2.0572 0.5000
7.9214 -2.0445 0.5000
7.4528 -1.9720 0.5000
4.9669 -1.8864 0.5000
8.4307 -3.0171 0.5000
6.1775 -9.1671 0.5000
7.5389 -2.5689 0.5000
4.4293 -8.9033 0.5000
7.6699 -1.9987 0.5000
7.0463 -1.8999 0.5000
8.3720 -3.0025 0.5000
4.5739 -8.8809 0.5000
9.2460 -0.0919 0.5000
8.3430 -2.0797 0.5000
8.2808 -2.9429 0.5000
6.6902 -1.8383 0.5000
8.7043 -2.8017 0.5000
6.5618 -1.9791 0.5000
0.1402 2.8543 0.5000
0.0901 5.3486 0.5000
8.6782 -2.5314 0.5000
8.2588 -2.3057 0.5000
7.9367 -2.4583 0.5000
7.7013 -2.4935 0.5000
7.2704 -2.4314 0.5000
6.5337 -2.8201 0.5000
4.0834 -2.5416 0.5000
0.0926 -0.2396 0.5000
0.2408 3.7975 0.5000
0.0341 5.2562 0.5000
0.0428 5.3167 0.5000
9.1469 -0.8945 0.5000
8.9214 -1.7465 0.5000
8.5196 -2.4752 0.5000
7.8591 -2.3239 0.5000
6.0793 -9.1480 0.5000
7.0529 -2.9480 0.5000
4.1120 -1.1041 0.5000
4.0197 -1.1319 0.5000
8.9839 -1.7281 0.5000
7.0836 -2.8261 0.5000
7.1539 -2.2125 0.5000
4.9724 -2.0314 0.5000
6.7938 -2.1233 0.5000
6.4517 -1.7838 0.5000
6.5080 -1.7978 0.5000
5.2775 -1.7217 0.5000
7.2665 1.4277 0.5000
8.3817 -2.7189 0.5000
8.1054 -2.5671 0.5000
5.4290 -9.0088 0.5000
6.9969 -2.8285 0.5000
7.3246 -2.0298 0.5000
6.9608 -1.8950 0.5000
6.0583 -1.8895 0.5000
9.3334 1.2657 0.5000
7.0868 -2.7789 0.5000
5.7823 4.4119 0.5000
8.2612 -2.6336 0.5000
2.9293 -8.1253 0.5000
2.8232 0.8302 0.5000
8.2528 -2.7443 0.5000
8.0281 -2.2140 0.5000
6.1164 -2.4971 0.5000
8.3748 -2.9784 0.5000
5.2233 -6.1434 0.5000
5.1548 -6.1340 0.5000
8.4834 -3.1067 0.5000
8.3427 -3.0291 0.5000
8.1584 -2.8363 0.5000
7.7373 -2.7448 0.5000
3.9205 -8.7474 0.5000
7.2062 1.1071 0.5000
8.6479 -2.3541 0.5000
7.5702 -2.4011 0.5000
8.3961 -2.6582 0.5000
6.5429 -2.0517 0.5000
9.1604 -0.4907 0.5000
8.4159 -2.9038 0.5000
7.9349 -2.1152 0.5000
6.6067 -2.0711 0.5000
-1.9394 -8.6604 0.5000
8.3378 -2.6523 0.5000
8.6260 -1.9903 0.5000
8.3048 -3.1062 0.5000
8.0777 -2.5043 0.5000
5.2815 -6.1281 0.5000
8.3687 -2.4521 0.5000
4.0420 -8.7951 0.5000
6.1989 -2.6435 0.5000
4.7226 -1.4426 0.5000
6.9512 1.6229 0.5000
8.6233 -2.5472 0.5000
8.3320 -2.6228 0.5000
7.1439 -2.8556 0.5000
7.8053 -2.4595 0.5000
-2.0044 -8.8761 0.5000
5.9086 -9.1062 0.5000
8.3387 -2.9540 0.5000
3.8474 -8.7056 0.5000
3.8511 -8.7343 0.5000
7.2059 1.0881 0.5000
7.3108 1.5169 0.5000
0.4744 4.8607 0.5000
-1.9367 -8.8660 0.5000
6.8153 -2.0412 0.5000
4.0673 -8.7950 0.5000
7.5500 -2.6491 0.5000
7.3824 -2.4856 0.5000
6.2651 -2.2344 0.5000
8.6476 -3.3183 0.5000
8.3383 -2.2886 0.5000
6.6821 -2.2891 0.5000
6.6781 -1.9425 0.5000
8.6977 -3.3319 0.5000
8.1465 -2.0667 0.5000
7.3310 -2.6518 0.5000
7.3277 -2.2014 0.5000
-1.9162 -9.0302 0.5000
8.3550 -2.1706 0.5000
8.0059 -2.4129 0.5000
7.8377 -2.4185 0.5000
7.8180 -2.3966 0.5000
7.1153 -2.3753 0.5000
7.5246 -2.0993 0.5000
9.4821 3.4403 0.5000
8.5572 -2.2406 0.5000
4.1285 -8.7744 0.5000
6.4358 1.6628 0.5000
9.7010 3.3834 0.5000
3.2699 -0.8346 0.5000
8.3767 -2.7781 0.5000
7.5464 -2.3500 0.5000
0.5305 5.9575 0.5000
9.2380 0.8976 0.5000
9.3199 0.6244 0.5000
9.2979 0.2549 0.5000
9.1952 -0.4239 0.5000
7.8411 -2.3198 0.5000
7.7058 -2.1196 0.5000
5.2774 -6.1648 0.5000
4.7002 -5.7988 0.5000
8.0277 -2.5983 0.5000
4.1337 -0.9487 0.5000
4.7843 1.9664 0.5000
5.6699 1.8289 0.5000
4.9529 0.9063 0.5000
9.7938 3.3133 0.5000
8.6709 -3.0378 0.5000
9.6282 2.9383 0.5000
3.3453 2.8847 0.5000
8.3110 -5.8840 0.5000
7.5477 -2.2982 0.5000
9.3173 3.4931 0.5000
7.9107 -2.2596 0.5000
4.1397 0.9866 0.5000
5.2213 1.4833 0.5000
5.9575 1.4192 0.5000
9.7105 2.1721 0.5000
9.5460 1.7871 0.5000
3.9882 1.1760 0.5000
3.3551 2.9051 0.5000
9.7901 3.7371 0.5000
9.5808 2.8550 0.5000
9.7984 3.2729 0.5000
5.6140 -1.6371 0.5000
4.9184 1.0579 0.5000
6.1559 4.5562 0.5000
8.5930 -2.3848 0.5000
8.4606 -3.1509 0.5000
8.4082 -2.5537 0.5000
8.5495 -3.1835 0.5000
9.6352 3.8996 0.5000
9.2820 0.2472 0.5000
5.3120 -6.1781 0.5000
6.2833 -1.7489 0.5000
4.9572 1.0684 0.5000
9.5177 3.4265 0.5000
8.2280 -2.7115 0.5000
4.0521 1.0711 0.5000
4.3908 2.0702 0.5000
9.4544 3.5377 0.5000
8.4724 -2.1419 0.5000
8.0808 -2.2466 0.5000
9.4992 2.1215 0.5000
4.7670 -1.4330 0.5000
0.5279 6.1062 0.5000
6.0527 1.4073 0.5000
3.7647 -8.7341 0.5000
4.0516 1.1598 0.5000
0.2955 5.1314 0.5000
7.5160 -9.4188 0.5000
7.6474 -9.4189 0.5000
7.5662 -2.8556 0.5000
9.4115 1.8903 0.5000
8.4442 -3.1518 0.5000
6.9295 -2.9696 0.5000
0.4185 6.1345 0.5000
6.0661 1.3954 0.5000
3.8624 -8.7578 0.5000
3.3512 2.8506 0.5000
0.8052 6.0649 0.5000
9.4721 3.4633 0.5000
9.3409 1.3310 0.5000
8.6401 -2.4295 0.5000
7.6838 -2.6071 0.5000
0.4437 5.3737 0.5000
4.5209 -8.8408 0.5000
3.0316 -0.7927 0.5000
7.2199 -2.3461 0.5000
4.3764 2.0105 0.5000
8.2078 -2.1306 0.5000
8.3280 -2.1410 0.5000
9.3489 0.6800 0.5000
7.4668 -2.6731 0.5000
4.2916 -8.8803 0.5000
3.0184 -8.5759 0.5000
-0.3242 0.1329 0.5000
4.3616 -8.7890 0.5000
4.0649 1.0078 0.5000
10.0169 3.7315 0.5000
0.2523 6.0315 0.5000
7.4206 -2.4514 0.5000
4.6759 -8.9183 0.5000
7.8947 4.0412 0.5000
8.4312 -2.3506 0.5000
8.2145 -2.4143 0.5000
7.7569 -2.3890 0.5000
2.9644 0.9738 0.5000
0.2799 5.3480 0.5000
5.8196 1.4213 0.5000
6.5997 1.6535 0.5000
9.8788 3.3770 0.5000
4.3992 -2.2007 0.5000
3.3453 -0.8231 0.5000
8.3098 -2.4556 0.5000
4.1280 -8.8486 0.5000
4.0253 -8.8060 0.5000
8.3009 -2.8858 0.5000
4.2405 1.9819 0.5000
9.3709 3.6361 0.5000
8.5933 -2.4147 0.5000
4.3051 -8.7376 0.5000
7.5828 -2.7307 0.5000
4.3788 -8.8863 0.5000
0.1503 0.0925 0.5000
7.2979 -2.1429 0.5000
9.6506 3.3778 0.5000
6.3834 1.6200 0.5000
9.3715 1.7940 0.5000
9.2967 1.1332 0.5000
4.5400 -8.9053 0.5000
7.1372 -1.8948 0.5000
6.9793 -2.6507 0.5000
8.2459 -2.4593 0.5000
8.2063 -2.8332 0.5000
7.9981 -2.5341 0.5000
9.2400 -0.1886 0.5000
5.9567 1.7049 0.5000
6.5139 1.6622 0.5000
5.1383 1.8635 0.5000
8.3089 -2.7438 0.5000
7.5017 -2.4946 0.5000
8.4105 -5.7384 0.5000
5.4539 -6.2244 0.5000
0.3300 5.2255 0.5000
2.1013 5.2285 0.5000
8.5577 -2.4655 0.5000
9.5855 3.6740 0.5000
8.6215 -2.5535 0.5000
7.4302 -2.5831 0.5000
0.1688 5.5302 0.5000
9.5803 3.7086 0.5000
8.6231 -2.4949 0.5000
0.2999 3.7201 0.5000
4.4310 1.9498 0.5000
2.8939 0.8326 0.5000
9.1176 -0.8239 0.5000
4.4321 -8.8057 0.5000
6.0321 1.7217 0.5000
3.4213 4.4875 0.5000
8.0303 -2.2646 0.5000
7.3139 -1.9487 0.5000
9.7143 3.6175 0.5000
8.5632 -3.6168 0.5000
8.2617 -2.0724 0.5000
7.2634 -2.0280 0.5000
9.6625 3.5152 0.5000
7.2568 -2.7335 0.5000
9.5247 3.3995 0.5000
7.7548 -2.4273 0.5000
0.3329 5.1010 0.5000
8.3462 -2.7842 0.5000
0.6262 6.0947 0.5000
9.4139 3.4562 0.5000
8.6902 -2.3622 0.5000
9.5393 2.1882 0.5000
0.2585 5.5992 0.5000
4.5477 -8.8565 0.5000
4.6444 -8.9352 0.5000
9.4419 2.1485 0.5000
4.7363 -8.9421 0.5000
9.5187 2.4556 0.5000
4.7584 -1.9898 0.5000
2.9640 -0.7770 0.5000
4.1500 2.0770 0.5000
7.2015 1.0392 0.5000
9.0444 -1.2260 0.5000
4.6048 -1.7265 0.5000
3.6804 -0.8957 0.5000
5.7371 0.8835 0.5000
0.5350 6.1839 0.5000
4.4964 -8.7579 0.5000
5.6877 -6.3141 0.5000
5.0923 -1.6974 0.5000
4.6610 4.2581 0.5000
9.6128 3.5107 0.5000
3.6410 4.4352 0.5000
4.6194 -8.8644 0.5000
7.4559 -2.3594 0.5000
8.3863 -2.3569 0.5000
3.7906 -0.8991 0.5000
3.6536 4.4511 0.5000
7.9888 3.9636 0.5000
9.3197 1.1708 0.5000
9.5966 2.4448 0.5000
8.7424 -2.9455 0.5000
8.1158 -2.0436 0.5000
7.6107 -2.8657 0.5000
9.5380 2.4020 0.5000
7.6239 -1.9951 0.5000
8.4030 -2.7089 0.5000
7.7508 -2.5309 0.5000
3.8004 -0.8985 0.5000
3.4125 1.6162 0.5000
3.3280 3.0040 0.5000
6.8893 1.6179 0.5000
8.4306 -2.1918 0.5000
3.0755 -0.7928 0.5000
7.7340 -2.8165 0.5000
9.6018 3.7385 0.5000
5.2645 1.8572 0.5000
0.6162 5.5096 0.5000
3.5019 4.4676 0.5000
9.4588 1.8170 0.5000
8.4578 -2.7772 0.5000
9.3939 1.8037 0.5000
4.1704 -8.8078 0.5000
9.4693 2.0679 0.5000
7.1549 -2.6634 0.5000
9.4478 2.0473 0.5000
4.4037 -8.8643 0.5000
7.1077 1.4179 0.5000
8.1527 -2.4790 0.5000
-0.9065 -1.0980 0.5000
4.9455 1.0296 0.5000
5.1757 1.8655 0.5000
8.5470 -2.8318 0.5000
3.4549 2.1558 0.5000
9.1286 3.9697 0.5000
8.5929 -3.5050 0.5000
7.5819 -2.4747 0.5000
8.6151 -3.5820 0.5000
0.1397 2.9028 0.5000
7.2248 1.3546 0.5000
9.5817 2.9532 0.5000
4.3165 -1.0821 0.5000
7.1920 1.3369 0.5000
7.9615 -2.4726 0.5000
5.6107 -9.0013 0.5000
4.4602 -8.8420 0.5000
4.5493 -8.7986 0.5000
8.0610 -2.5911 0.5000
3.5285 2.1536 0.5000
3.7067 4.4017 0.5000
0.5985 5.9089 0.5000
9.3828 1.7453 0.5000
8.5134 -2.6140 0.5000
9.2994 1.1566 0.5000
5.5320 -6.2193 0.5000
4.0861 1.2792 0.5000
5.2001 1.5072 0.5000
7.7242 -2.5376 0.5000
2.8537 1.3087 0.5000
3.3131 2.9470 0.5000
3.4678 4.4784 0.5000
7.6639 -2.8995 0.5000
7.2971 -1.9414 0.5000
5.5591 -6.2386 0.5000
7.3085 -2.4977 0.5000
4.9115 -1.4945 0.5000
2.8250 1.2326 0.5000
4.8009 -8.9611 0.5000
4.3210 -1.2473 0.5000
7.2805 1.5014 0.5000
3.5374 2.4171 0.5000
9.3224 0.7472 0.5000
9.3850 3.4622 0.5000
9.5748 2.9449 0.5000
9.6212 3.1095 0.5000
4.0091 1.2746 0.5000
4.3250 -8.8213 0.5000
7.7908 -9.4031 0.5000
8.5252 -2.7321 0.5000
4.7485 -1.6122 0.5000
4.0568 4.3615 0.5000
8.5905 -2.5566 0.5000
9.6030 3.8046 0.5000
8.5928 -3.5639 0.5000
7.3991 -2.8327 0.5000
8.6347 -3.4717 0.5000
8.6209 -2.7844 0.5000
2.8320 -8.6159 0.5000
3.3617 4.5031 0.5000
4.3981 -8.9086 0.5000
9.5692 2.0784 0.5000
8.4710 -2.6652 0.5000
9.8921 3.6130 0.5000
7.5901 -9.4487 0.5000
4.3535 1.5745 0.5000
9.4266 2.1608 0.5000
7.0161 1.5662 0.5000
9.4331 1.9623 0.5000
8.4828 -5.0142 0.5000
7.7402 -2.7602 0.5000
8.6367 -2.7293 0.5000
4.3241 -1.1650 0.5000
2.8192 1.2701 0.5000
0.0727 2.9903 0.5000
9.5033 3.5739 0.5000
8.6855 -2.9963 0.5000
8.6549 -3.2199 0.5000
5.5640 -6.2802 0.5000
3.3132 4.5056 0.5000
3.7756 4.4139 0.5000
9.6753 3.5674 0.5000
2.9476 -0.7918 0.5000
0.4121 4.3430 0.5000
9.2783 1.2912 0.5000
2.6488 -8.5074 0.5000
4.9785 4.7532 0.5000
9.7059 3.2711 0.5000
8.0089 -2.1578 0.5000
9.7319 3.3449 0.5000
0.0489 2.9063 0.5000
9.5930 3.0249 0.5000
4.6978 -1.7035 0.5000
8.5003 -2.6873 0.5000
4.7007 -8.8842 0.5000
7.2515 1.2943 0.5000
0.1560 5.2431 0.5000
3.3146 4.4672 0.5000
7.9582 -2.0162 0.5000
5.7682 0.6341 0.5000
5.1765 1.3941 0.5000
7.0895 -2.5274 0.5000
4.1910 -1.3968 0.5000
-0.9509 -1.3165 0.5000
8.5799 -2.6542 0.5000
8.5861 -2.7571 0.5000
0.2764 2.8101 0.5000
9.1408 -1.6452 0.5000
9.5818 3.1215 0.5000
9.0173 -1.2645 0.5000
8.0949 -2.0373 0.5000
7.1195 -2.7361 0.5000
7.1003 -2.7927 0.5000
4.9557 4.5582 0.5000
8.5955 -2.5050 0.5000
4.5704 -8.8252 0.5000
9.6566 3.6628 0.5000
8.2591 -2.5518 0.5000
3.2850 2.8702 0.5000
4.9587 4.5264 0.5000
7.4192 -2.7772 0.5000
8.4630 -2.7038 0.5000
0.1551 2.7801 0.5000
3.2657 2.9747 0.5000
8.4144 -2.6927 0.5000
9.7549 3.4060 0.5000
9.5373 2.3538 0.5000
7.4565 -2.8017 0.5000
-0.7571 -1.0283 0.5000
-0.5382 0.5818 0.5000
9.6907 3.2970 0.5000
6.9162 1.6020 0.5000
9.6047 3.4741 0.5000
2.7702 -8.5652 0.5000
9.6400 3.5844 0.5000
3.2576 4.3359 0.5000
7.8567 4.0939 0.5000
4.8598 4.7137 0.5000
7.3481 -2.8198 0.5000
9.5979 2.5047 0.5000
9.5852 2.4685 0.5000
8.6257 -2.6990 0.5000
4.5986 -5.9603 0.5000
2.9772 -8.5548 0.5000
2.8006 1.4562 0.5000
6.2658 2.1075 0.5000
5.0633 4.7060 0.5000
3.9628 1.1388 0.5000
7.4515 -2.0786 0.5000
7.0615 -2.8602 0.5000
3.2952 2.9280 0.5000
4.6063 -8.8457 0.5000
7.7534 -2.4625 0.5000
3.1890 -8.6668 0.5000
0.4438 5.6106 0.5000
9.6553 3.1422 0.5000
2.8488 1.4490 0.5000
2.8949 -8.6797 0.5000
3.1620 -8.5779 0.5000
3.4062 -0.8386 0.5000
7.8330 -1.9975 0.5000
7.3516 -1.9005 0.5000
2.8957 -8.5482 0.5000
9.4045 4.0233 0.5000
3.9200 1.1105 0.5000
4.6937 -8.8437 0.5000
9.3460 3.8146 0.5000
9.5623 3.5518 0.5000
4.9324 -8.9380 0.5000
4.8474 -8.9274 0.5000
5.0897 -8.9598 0.5000
9.7461 3.4514 0.5000
2.7536 3.2530 0.5000
0.3343 5.1637 0.5000
9.7430 3.5459 0.5000
9.3870 3.5007 0.5000
8.5598 -2.7480 0.5000
3.1573 -8.6470 0.5000
7.3884 -2.0088 0.5000
9.7245 3.8500 0.5000
7.9010 -2.1579 0.5000
9.2986 3.4463 0.5000
9.4113 3.8175 0.5000
3.2861 -8.6685 0.5000
2.5710 3.3073 0.5000
3.4084 -8.7617 0.5000
5.6034 4.3146 0.5000
9.7035 3.4026 0.5000
7.4788 -2.7579 0.5000
4.8488 4.6736 0.5000
8.6991 -2.6749 0.5000
2.6135 -0.8846 0.5000
7.4497 -2.1443 0.5000
7.8024 -2.5497 0.5000
2.6970 0.8351 0.5000
6.0403 1.6410 0.5000
9.5757 3.8578 0.5000
7.3048 1.4873 0.5000
6.2984 4.3474 0.5000
6.0366 1.6917 0.5000
2.5279 3.1146 0.5000
5.2790 1.7887 0.5000
8.1555 -2.0255 0.5000
7.4044 -2.8691 0.5000
7.1850 -2.2928 0.5000
2.8785 -8.5557 0.5000
2.6318 3.2693 0.5000
8.1131 -2.5225 0.5000
0.5185 4.2984 0.5000
3.7442 -0.8967 0.5000
9.7626 3.8397 0.5000
9.4613 3.5821 0.5000
9.6606 3.4939 0.5000
8.3836 -2.6056 0.5000
3.4214 -8.6912 0.5000
4.7520 4.6929 0.5000
-0.7707 -1.2920 0.5000
2.7972 1.3520 0.5000
2.6004 3.2077 0.5000
9.1061 -1.7588 0.5000
0.2517 5.4462 0.5000
5.7194 0.8093 0.5000
9.4016 3.7489 0.5000
9.5516 3.5442 0.5000
4.7010 -8.9523 0.5000
3.4280 -8.7092 0.5000
3.2985 -8.7232 0.5000
4.8317 -6.1046 0.5000
4.8224 -6.0566 0.5000
7.2557 1.2450 0.5000
3.2705 2.6893 0.5000
9.6448 3.1790 0.5000
4.1050 1.0214 0.5000
3.2170 2.2964 0.5000
2.7312 2.5421 0.5000
6.6640 4.1704 0.5000
5.8597 4.2979 0.5000
9.1548 -1.3057 0.5000
9.1696 -1.3974 0.5000
7.1561 -2.3535 0.5000
3.2403 -0.9663 0.5000
5.1043 4.5938 0.5000
4.9366 4.7143 0.5000
6.3670 4.2573 0.5000
3.2912 -8.6498 0.5000
7.7855 -2.7926 0.5000
7.7359 -2.8590 0.5000
7.7651 -2.9046 0.5000
7.7118 -2.9304 0.5000
6.5117 -2.7927 0.5000
-0.9570 -2.3326 0.5000
4.8946 -8.9644 0.5000
3.4627 -8.7696 0.5000
9.6297 3.2052 0.5000
7.4716 -2.4445 0.5000
4.8802 1.0545 0.5000
4.9256 1.5898 0.5000
0.5132 4.3272 0.5000
8.1652 -2.5964 0.5000
2.9025 -8.5115 0.5000
6.7874 -1.8388 0.5000
3.6288 -0.8473 0.5000
5.7168 1.4688 0.5000
5.7019 4.4153 0.5000
3.1635 -0.7853 0.5000
5.2064 4.7179 0.5000
8.7810 -2.3976 0.5000
8.7195 -2.6310 0.5000
9.3635 3.6667 0.5000
3.2299 -8.6977 0.5000
5.8122 0.6995 0.5000
4.8750 -8.9293 0.5000
3.6418 -8.5615 0.5000
3.5046 -8.6595 0.5000
6.2732 -2.1337 0.5000
-1.1188 -2.2310 0.5000
4.8364 1.0962 0.5000
7.5880 -2.0162 0.5000
8.5008 -2.5885 0.5000
5.1538 -9.0419 0.5000
3.8095 -8.7777 0.5000
2.5606 3.1069 0.5000
4.4873 4.1483 0.5000
4.7752 4.6398 0.5000
9.4016 3.5214 0.5000
2.6733 3.3859 0.5000
4.6933 -6.0508 0.5000
3.2394 -8.6372 0.5000
-0.8503 -0.6983 0.5000
4.8246 4.7040 0.5000
-0.9871 -2.4332 0.5000
0.4041 3.6500 0.5000
3.7404 -8.6929 0.5000
5.3072 -9.0512 0.5000
4.9320 4.7907 0.5000
6.3925 -2.2968 0.5000
2.7941 1.3054 0.5000
3.3065 -8.6782 0.5000
3.3772 -8.6805 0.5000
3.3823 -8.7180 0.5000
3.3136 -8.7182 0.5000
0.0634 4.8562 0.5000
7.4013 -2.7047 0.5000
-0.9432 -2.7850 0.5000
7.1511 -2.5355 0.5000
2.6545 1.7641 0.5000
0.2491 2.7037 0.5000
0.0351 4.9064 0.5000
9.5480 2.8583 0.5000
5.1688 -8.9876 0.5000
6.9742 -2.1778 0.5000
0.0114 2.8965 0.5000
5.9187 4.3466 0.5000
8.1515 -7.6067 0.5000
3.8876 -8.8601 0.5000
5.6535 0.8192 0.5000
8.5500 -2.6471 0.5000
7.4996 -2.4806 0.5000
6.3005 -2.4086 0.5000
4.3334 1.5442 0.5000
9.2466 0.9493 0.5000
6.1566 -2.4393 0.5000
5.7895 1.4538 0.5000
3.3016 2.9529 0.5000
9.0872 -1.1633 0.5000
2.7618 2.5884 0.5000
6.4589 -2.3464 0.5000
9.5814 2.7968 0.5000
0.3598 4.8322 0.5000
6.5620 4.1458 0.5000
9.5996 2.6317 0.5000
2.6240 3.3279 0.5000
9.3666 3.8339 0.5000
3.6304 -8.6869 0.5000
5.1471 -9.0350 0.5000
5.0976 -9.0434 0.5000
3.6853 -8.7667 0.5000
3.7558 -8.8406 0.5000
3.7124 -8.7788 0.5000
5.6953 4.3545 0.5000
6.9315 1.6529 0.5000
5.8810 4.3700 0.5000
7.7454 -1.9922 0.5000
8.7736 -2.5654 0.5000
7.1281 -2.5142 0.5000
9.0150 3.9737 0.5000
3.9235 1.0721 0.5000
4.7405 4.7048 0.5000
9.3308 3.5720 0.5000
6.5711 -2.8264 0.5000
9.2957 3.4775 0.5000
4.6994 4.6023 0.5000
9.2977 3.5828 0.5000
9.1716 -1.4790 0.5000
9.2833 0.3015 0.5000
5.7363 4.2932 0.5000
5.1371 -8.9529 0.5000
6.7156 -2.5344 0.5000
3.6519 -8.7432 0.5000
5.2443 -9.0244 0.5000
9.3658 3.7929 0.5000
5.3355 -9.0139 0.5000
3.9792 -8.7173 0.5000
6.9821 -2.4381 0.5000
2.7645 -0.7861 0.5000
3.2703 4.5300 0.5000
7.6316 -2.9397 0.5000
5.6778 0.8906 0.5000
6.7600 4.1493 0.5000
0.5560 5.1110 0.5000
4.9639 -8.9363 0.5000
3.6360 -8.5251 0.5000
2.5123 3.1605 0.5000
4.9727 -9.0025 0.5000
3.5563 -8.7296 0.5000
9.3444 1.5794 0.5000
6.4374 4.1953 0.5000
7.1115 -2.4248 0.5000
9.5367 3.4597 0.5000
5.9908 4.2858 0.5000
4.0603 -8.8008 0.5000
8.9957 -1.5404 0.5000
8.4000 -2.5332 0.5000
3.2603 -8.5768 0.5000
-1.0175 -1.6060 0.5000
9.0348 -1.3709 0.5000
6.4550 -2.8056 0.5000
9.2839 0.6896 0.5000
4.9696 -8.9835 0.5000
3.5387 -8.7298 0.5000
9.3323 0.7914 0.5000
5.2366 -8.9817 0.5000
9.1308 -1.6647 0.5000
6.7581 1.6282 0.5000
5.6868 4.2662 0.5000
9.2423 0.0701 0.5000
9.2458 0.0270 0.5000
8.4042 -2.6147 0.5000
4.6946 4.6715 0.5000
-0.7557 -0.0810 0.5000
9.2912 0.5466 0.5000
9.2920 0.5646 0.5000
9.0353 -1.3154 0.5000
4.7568 4.7173 0.5000
6.4540 -2.7427 0.5000
6.8295 4.1309 0.5000
0.2100 5.0876 0.5000
6.7297 4.1873 0.5000
-0.4906 0.8936 0.5000
6.6558 -2.0742 0.5000
-0.4713 0.7185 0.5000
-0.4446 1.1091 0.5000
0.5865 5.3993 0.5000
9.1886 -1.4251 0.5000
9.1660 -1.5155 0.5000
3.6896 -8.8137 0.5000
8.1715 -2.4077 0.5000
4.3347 -8.8619 0.5000
6.4945 -2.0560 0.5000
-0.7376 -1.1422 0.5000
-0.3984 1.3554 0.5000
8.8301 -2.3270 0.5000
9.2846 0.7389 0.5000
5.9757 -2.4581 0.5000
4.4695 2.0299 0.5000
2.7092 2.5534 0.5000
9.7385 3.1606 0.5000
3.5123 2.0476 0.5000
9.3970 1.8814 0.5000
5.2622 1.8463 0.5000
4.7727 -6.1577 0.5000
9.2692 0.7781 0.5000
9.2397 0.8371 0.5000
4.4543 -8.9189 0.5000
5.1452 -6.1334 0.5000
-0.6928 -0.2906 0.5000
5.3741 -6.2174 0.5000
9.3204 3.5060 0.5000
2.8552 -8.6247 0.5000
8.5206 -4.9073 0.5000
9.4553 3.6228 0.5000
9.7950 3.4877 0.5000
9.4469 2.2690 0.5000
1.1646 -7.7862 0.5000
5.6666 1.4529 0.5000
-0.5009 1.4094 0.5000
9.2494 -0.9638 0.5000
2.7912 -8.1005 0.5000
5.5564 -2.6821 0.5000
1.3242 -7.8050 0.5000
6.3224 4.2761 0.5000
9.3421 3.6231 0.5000
8.3059 -6.3498 0.5000
6.3010 4.3425 0.5000
9.6806 3.6383 0.5000
6.9909 -2.1048 0.5000
6.2835 -2.3368 0.5000
5.5202 -2.4080 0.5000
4.7574 -2.3824 0.5000
3.4184 1.7631 0.5000
0.3188 4.9359 0.5000
5.9401 4.2394 0.5000
6.7428 4.0828 0.5000
9.2358 0.9675 0.5000
4.1369 -1.8137 0.5000
9.2490 1.0201 0.5000
2.3884 -8.1370 0.5000
4.0747 -1.9482 0.5000
9.2955 3.5276 0.5000
8.6515 -3.1024 0.5000
8.0193 -2.9045 0.5000
4.1913 -1.8723 0.5000
8.7597 -2.8983 0.5000
8.6915 -2.4174 0.5000
9.4489 2.3169 0.5000
9.3886 1.9882 0.5000
5.3685 -2.0644 0.5000
3.9896 -2.7456 0.5000
3.0853 -8.7406 0.5000
7.8603 -2.5334 0.5000
9.5940 3.6226 0.5000
7.8072 -7.5617 0.5000
7.7197 -8.3445 0.5000
6.7157 -2.3879 0.5000
4.6953 -2.1733 0.5000
8.6307 -3.2315 0.5000
7.9427 -2.9451 0.5000
0.6729 -8.2406 0.5000
8.6745 -3.3963 0.5000
4.9013 -2.0107 0.5000
6.3316 4.2388 0.5000
5.6262 4.3625 0.5000
9.5039 3.6551 0.5000
9.7050 3.7902 0.5000
3.2383 -8.7679 0.5000
4.3078 -1.3976 0.5000
9.2484 0.1201 0.5000
8.6174 -3.1309 0.5000
7.8645 -2.9763 0.5000
0.6065 5.4924 0.5000
8.6705 -3.0854 0.5000
8.6304 -3.4447 0.5000
7.9405 -8.8136 0.5000
8.7065 -3.1471 0.5000
7.3916 -2.2066 0.5000
2.6243 -8.2478 0.5000
3.3515 2.8460 0.5000
9.1454 -1.5610 0.5000
7.9144 -6.9815 0.5000
9.7163 3.5664 0.5000
7.9488 -2.8951 0.5000
3.9544 -8.8373 0.5000
8.6666 -3.1799 0.5000
7.9861 -3.0445 0.5000
5.5501 4.4933 0.5000
7.7752 4.1160 0.5000
8.1343 -6.8538 0.5000
7.3946 -2.2625 0.5000
4.0820 -8.8726 0.5000
3.6278 -8.7495 0.5000
0.5438 -8.2006 0.5000
8.8771 -2.0642 0.5000
3.5630 -8.7772 0.5000
2.3412 -8.0625 0.5000
4.8012 -1.7055 0.5000
7.6799 3.9686 0.5000
7.9768 3.9036 0.5000
9.2916 1.3077 0.5000
8.2924 -6.2046 0.5000
7.3675 -2.7072 0.5000
5.5904 -2.2836 0.5000
8.6726 -2.7067 0.5000
4.7750 -2.5222 0.5000
6.2246 -2.3608 0.5000
8.5137 -5.3909 0.5000
6.9422 -2.4430 0.5000
9.4868 2.3572 0.5000
7.8903 3.9477 0.5000
9.3409 1.6123 0.5000
9.0989 -0.9912 0.5000
8.6276 -3.0903 0.5000
7.9145 -3.0023 0.5000
0.3048 4.9513 0.5000
7.2429 -2.6727 0.5000
0.2631 4.9187 0.5000
8.7398 -3.0452 0.5000
8.0070 -3.0483 0.5000
8.4788 -5.9177 0.5000
8.0006 4.0037 0.5000
5.6710 4.3106 0.5000
9.0779 -1.1056 0.5000
3.3397 2.7752 0.5000
9.0997 -1.0580 0.5000
9.7428 3.9989 0.5000
7.6688 4.0519 0.5000
7.6135 3.9125 0.5000
7.7521 3.9160 0.5000
8.5133 4.0383 0.5000
7.8933 -2.4629 0.5000
7.3380 -9.3524 0.5000
8.7058 -2.9817 0.5000
7.9975 -2.9468 0.5000
8.4879 -5.8776 0.5000
9.5325 3.7265 0.5000
7.6182 3.9606 0.5000
7.7326 3.9329 0.5000
7.1484 1.1229 0.5000
9.2997 0.3713 0.5000
8.9690 -1.6748 0.5000
8.6671 -2.6092 0.5000
4.7410 -2.4807 0.5000
9.6420 3.6491 0.5000
8.7066 -2.5793 0.5000
8.0385 -2.8914 0.5000
2.7428 3.2112 0.5000
8.7580 -2.6177 0.5000
8.0707 -2.9048 0.5000
3.5060 2.3126 0.5000
8.8263 -2.5387 0.5000
8.5595 -4.9883 0.5000
8.0455 3.9557 0.5000
7.1838 1.2252 0.5000
2.6040 3.1933 0.5000
5.5394 4.3695 0.5000
5.2230 -2.0816 0.5000
1.7021 -7.8866 0.5000
3.5072 2.0743 0.5000
8.2965 -6.7028 0.5000
8.3023 -6.8692 0.5000
1.8566 -7.9639 0.5000
1.7940 -7.9391 0.5000
6.2053 2.0570 0.5000
0.5639 5.4565 0.5000
5.5954 4.3980 0.5000
7.2849 -9.3786 0.5000
4.6255 -1.9631 0.5000
3.3534 2.7599 0.5000
9.6131 3.6957 0.5000
2.6632 3.2625 0.5000
8.7067 -2.7479 0.5000
4.0885 -2.1210 0.5000
8.0650 -2.9937 0.5000
7.2793 -2.8932 0.5000
5.3776 -2.2551 0.5000
8.7654 -2.7945 0.5000
8.5981 -5.2485 0.5000
5.4053 -2.3069 0.5000
4.2377 -1.9707 0.5000
3.3632 2.7468 0.5000
8.7065 -2.3350 0.5000
8.0693 -7.5318 0.5000
6.8321 -9.2222 0.5000
6.4525 4.1673 0.5000
8.1003 4.0819 0.5000
8.6420 -1.9483 0.5000
8.3167 -3.2067 0.5000
6.8560 -2.7438 0.5000
6.8481 -2.7969 0.5000
5.6184 -2.2299 0.5000
4.4988 -1.8898 0.5000
8.6250 -3.5070 0.5000
8.8534 -2.0152 0.5000
5.7855 -2.1071 0.5000
2.0293 -7.9974 0.5000
7.6846 4.0472 0.5000
9.2400 -1.0965 0.5000
6.5388 -2.3002 0.5000
8.7722 -2.4123 0.5000
8.1899 -2.9175 0.5000
7.0294 -9.3555 0.5000
8.2319 -3.0947 0.5000
8.2179 -7.1314 0.5000
3.9752 -2.8250 0.5000
8.8268 -2.4267 0.5000
8.6572 -4.5464 0.5000
8.1274 -6.6721 0.5000
6.6513 4.2429 0.5000
0.5347 5.5178 0.5000
6.6698 -9.2695 0.5000
5.8796 -2.2021 0.5000
8.6949 -2.8243 0.5000
8.0544 -8.4242 0.5000
9.5154 3.8583 0.5000
8.6353 -3.1999 0.5000
8.4330 -5.4677 0.5000
7.7413 -9.1891 0.5000
6.3323 -9.1889 0.5000
5.1672 -1.9059 0.5000
5.1997 -1.7737 0.5000
3.2452 2.3762 0.5000
0.5339 4.3506 0.5000
8.6272 -2.9167 0.5000
8.6402 -5.3517 0.5000
8.1179 -8.6331 0.5000
4.3066 -1.3210 0.5000
5.9540 4.2364 0.5000
6.8401 4.2046 0.5000
8.3326 -3.1856 0.5000
0.3029 5.7389 0.5000
6.2277 -9.1666 0.5000
2.2089 -8.0016 0.5000
-1.7847 -6.4360 0.5000
2.9527 2.3728 0.5000
8.8631 -2.2990 0.5000
8.6990 -3.5081 0.5000
7.7120 -9.4070 0.5000
3.5451 -8.7930 0.5000
4.4474 -1.8758 0.5000
4.3084 -2.2251 0.5000
-1.6465 -6.5113 0.5000
9.2112 -1.1860 0.5000
8.9218 -1.9219 0.5000
8.1911 4.0175 0.5000
0.5272 5.3998 0.5000
7.5755 4.1465 0.5000
4.9643 1.3831 0.5000
8.2846 -6.0864 0.5000
6.3013 -9.2078 0.5000
2.8690 -0.8806 0.5000
0.3058 5.7888 0.5000
8.6565 -3.6175 0.5000
8.4951 -6.0634 0.5000
7.5254 -2.9185 0.5000
9.7200 3.7306 0.5000
5.8471 -2.5099 0.5000
3.3821 2.9932 0.5000
0.5160 5.4616 0.5000
4.6514 -2.1091 0.5000
4.6592 -2.0967 0.5000
8.2739 -6.9625 0.5000
7.3732 -9.3765 0.5000
2.6399 3.1309 0.5000
8.8274 -2.4685 0.5000
8.8032 -2.6798 0.5000
8.7521 -4.2992 0.5000
0.2557 5.4670 0.5000
7.8961 -9.3977 0.5000
5.1926 1.6235 0.5000
8.7951 -2.0760 0.5000
4.8482 -1.9015 0.5000
-1.8013 -6.8481 0.5000
8.6295 -3.3612 0.5000
8.6080 -3.6645 0.5000
8.3974 -6.0137 0.5000
6.3700 -9.2180 0.5000
5.4190 -2.2521 0.5000
3.4172 2.8230 0.5000
6.4132 -9.2434 0.5000
-1.6941 -6.9545 0.5000
8.0574 -8.6155 0.5000
9.3820 -0.1190 0.5000
5.7742 1.5977 0.5000
5.7794 4.2991 0.5000
5.7191 1.6315 0.5000
5.7178 1.2167 0.5000
4.9503 1.6050 0.5000
4.7355 1.9404 0.5000
5.7480 4.3185 0.5000
8.7486 -2.5065 0.5000
8.2725 -6.6062 0.5000
7.4497 -9.4511 0.5000
4.5395 -2.1203 0.5000
-1.7685 -6.0379 0.5000
8.7723 -2.7462 0.5000
9.2582 -0.7495 0.5000
6.1075 -9.1539 0.5000
6.0358 -9.1386 0.5000
5.2593 -1.8144 0.5000
2.7546 2.4576 0.5000
8.7852 -2.1207 0.5000
5.3828 -2.1564 0.5000
6.4427 4.1389 0.5000
6.7739 4.2282 0.5000
8.6768 3.9259 0.5000
5.4866 1.7359 0.5000
8.7493 -2.2075 0.5000
7.7828 -8.3861 0.5000
6.4574 -9.2001 0.5000
4.7946 -2.1178 0.5000
2.9773 2.4228 0.5000
8.3530 -5.6743 0.5000
-1.4323 -6.7033 0.5000
8.6568 -3.4723 0.5000
8.5397 -5.6916 0.5000
7.8821 -8.3445 0.5000
5.9922 -2.0546 0.5000
5.3925 -2.1405 0.5000
4.0602 0.9827 0.5000
6.9850 4.2151 0.5000
4.2521 2.0294 0.5000
6.3667 -2.4160 0.5000
0.5285 5.4075 0.5000
8.7036 -2.6976 0.5000
8.6780 -4.6530 0.5000
7.4925 -9.3339 0.5000
-1.7306 -6.4188 0.5000
9.1576 -1.6497 0.5000
4.5359 -1.9512 0.5000
-1.6477 -6.4159 0.5000
5.8094 4.4061 0.5000
9.1511 4.0741 0.5000
9.3172 -0.5463 0.5000
5.9757 -2.7641 0.5000
5.2023 1.7102 0.5000
5.6149 4.4858 0.5000
6.7768 4.1578 0.5000
6.9144 4.1679 0.5000
5.2405 1.8621 0.5000
4.9208 1.9066 0.5000
3.2834 3.0007 0.5000
2.6831 3.2186 0.5000
7.7639 -8.1964 0.5000
6.4863 -9.2559 0.5000
3.9524 1.6872 0.5000
-1.5150 -4.4653 0.5000
0.6734 5.7944 0.5000
8.2743 -2.9839 0.5000
8.3993 -5.8006 0.5000
7.8530 -8.5958 0.5000
6.5414 -9.2421 0.5000
8.4389 -5.8200 0.5000
7.9420 -8.7095 0.5000
-1.7810 -7.2560 0.5000
8.7137 -3.3230 0.5000
8.5688 -5.4599 0.5000
7.9938 -8.2580 0.5000
6.7397 -9.2218 0.5000
4.7037 -1.9654 0.5000
5.9589 4.3052 0.5000
4.8457 1.9097 0.5000
4.1349 1.7605 0.5000
7.9878 -3.1005 0.5000
8.2571 -6.6735 0.5000
-2.3906 -10.3177 0.5000
5.5905 1.3472 0.5000
5.4431 1.4121 0.5000
3.2469 2.9523 0.5000
8.7234 -2.3547 0.5000
8.1232 -2.9176 0.5000
4.9428 -8.9971 0.5000
-1.6417 -6.5684 0.5000
-1.5038 -6.6296 0.5000
-0.4239 -5.0307 0.5000
5.9586 1.4587 0.5000
5.6298 1.6906 0.5000
4.7000 1.6745 0.5000
4.2884 1.9886 0.5000
5.4539 -2.4704 0.5000
5.4427 -2.5891 0.5000
2.8142 0.9274 0.5000
0.3146 5.5438 0.5000
7.9695 -3.0819 0.5000
-1.7524 -6.5266 0.5000
2.5905 3.1823 0.5000
0.5655 5.0782 0.5000
7.2864 4.1809 0.5000
8.3818 -6.5849 0.5000
9.3024 -0.4534 0.5000
5.1443 1.6838 0.5000
4.9531 1.7159 0.5000
6.4026 4.2023 0.5000
6.8108 4.1900 0.5000
6.6280 1.6692 0.5000
5.6360 1.8028 0.5000
6.8513 4.1404 0.5000
6.8391 -2.9792 0.5000
4.7383 1.4947 0.5000
3.9314 2.1060 0.5000
7.3617 4.1847 0.5000
-0.0188 -3.5316 0.5000
9.2525 -0.8698 0.5000
8.8345 -2.8563 0.5000
8.1972 -6.7105 0.5000
7.5097 -9.3106 0.5000
9.4093 0.1467 0.5000
9.1599 -1.5504 0.5000
7.9583 4.1362 0.5000
4.2304 2.0516 0.5000
3.2406 3.0241 0.5000
2.6493 3.3527 0.5000
6.1980 -2.7778 0.5000
-0.4609 -4.9697 0.5000
8.1208 -2.9753 0.5000
8.7258 -4.3754 0.5000
8.4460 -5.9948 0.5000
4.3446 1.8344 0.5000
3.9789 1.2815 0.5000
0.4776 3.9807 0.5000
4.7796 1.5505 0.5000
2.6579 3.3296 0.5000
6.8559 -2.8690 0.5000
3.4546 2.3641 0.5000
8.2862 -6.8420 0.5000
-1.7690 -6.3521 0.5000
0.3081 5.4652 0.5000
2.9477 0.8631 0.5000
0.5777 5.3436 0.5000
9.4091 0.0996 0.5000
7.7811 -9.3468 0.5000
2.6587 3.1831 0.5000
9.6008 3.7624 0.5000
6.4784 1.6691 0.5000
3.3599 2.3020 0.5000
3.3969 2.3594 0.5000
0.4449 5.4991 0.5000
8.4410 -5.1148 0.5000
8.0034 -7.7611 0.5000
-3.2773 -15.8826 0.5000
-3.3516 -15.8226 0.5000
-2.1586 -8.7424 0.5000
-2.1262 -8.5480 0.5000
0.2557 6.0653 0.5000
0.7404 6.0461 0.5000
8.4572 -5.4062 0.5000
-1.0837 -2.8091 0.5000
8.5420 -5.4024 0.5000
1.5918 -3.7998 0.5000
0.7303 5.9554 0.5000
8.6712 -4.9410 0.5000
7.4354 -9.3187 0.5000
-2.7794 -16.1192 0.5000
3.1091 1.9073 0.5000
8.8738 -2.1602 0.5000
6.3375 -2.6145 0.5000
4.2350 1.9293 0.5000
8.4260 -5.0885 0.5000
7.9876 -7.4713 0.5000
3.9257 1.1593 0.5000
8.0968 -7.6572 0.5000
-4.7226 -21.2138 0.5000
1.6477 -3.7555 0.5000
9.9506 3.9377 0.5000
4.0996 1.6572 0.5000
4.1311 2.0560 0.5000
3.1682 2.3091 0.5000
7.1580 1.3855 0.5000
4.8533 1.7473 0.5000
3.3310 2.3637 0.5000
3.1449 2.3915 0.5000
0.5126 5.2592 0.5000
0.4086 5.9038 0.5000
8.0927 -3.0244 0.5000
6.8246 -2.6934 0.5000
4.4902 -1.9003 0.5000
2.8921 -0.8450 0.5000
8.3523 -6.0614 0.5000
0.4334 6.0529 0.5000
1.2682 -3.7238 0.5000
8.7803 -2.5012 0.5000
1.3226 -3.7109 0.5000
3.4766 2.3133 0.5000
3.2735 2.3087 0.5000
0.3598 5.1535 0.5000
0.5575 5.6056 0.5000
4.2823 1.8475 0.5000
3.3362 2.3014 0.5000
3.4145 2.3369 0.5000
3.4454 2.3614 0.5000
9.1981 -0.0832 0.5000
7.9804 -7.1589 0.5000
-4.9940 -22.3054 0.5000
3.2918 2.3614 0.5000
-0.7580 -2.3464 0.5000
8.4772 -5.0836 0.5000
-1.0935 -2.7558 0.5000
0.4515 5.2111 0.5000
7.4710 4.1233 0.5000
0.6254 5.6019 0.5000
0.7121 6.1391 0.5000
1.7208 -3.7951 0.5000
8.4094 -6.1871 0.5000
8.0089 -9.0703 0.5000
2.9104 1.6808 0.5000
0.3761 5.8081 0.5000
8.6849 3.8747 0.5000
0.4744 5.1247 0.5000
8.7743 -2.0262 0.5000
7.9696 -2.3594 0.5000
8.4106 -5.2846 0.5000
5.4475 -2.4832 0.5000
5.4228 -2.6121 0.5000
3.4834 2.2915 0.5000
3.1665 2.3798 0.5000
0.4695 3.9047 0.5000
0.5406 5.1960 0.5000
0.7214 6.0542 0.5000
4.0117 4.4180 0.5000
0.4686 6.2512 0.5000
8.2177 -7.6673 0.5000
2.7278 1.3056 0.5000
0.6979 5.9748 0.5000
8.7335 -3.2389 0.5000
8.6230 -5.0011 0.5000
4.2530 1.7620 0.5000
3.2492 2.3044 0.5000
0.5954 5.7654 0.5000
7.5529 4.0915 0.5000
3.2162 1.8578 0.5000
0.4799 5.4473 0.5000
8.6207 -3.2715 0.5000
7.9696 -8.7895 0.5000
7.9041 -9.1715 0.5000
6.3584 -9.1966 0.5000
3.4843 1.9714 0.5000
0.6766 6.2736 0.5000
9.5404 3.5052 0.5000
6.2887 4.3510 0.5000
0.6319 5.2956 0.5000
7.3871 -2.3017 0.5000
8.2113 -5.8287 0.5000
0.7697 6.3439 0.5000
0.4206 5.5124 0.5000
4.3434 -1.0496 0.5000
2.2231 -3.7377 0.5000
3.2271 2.8995 0.5000
0.0681 2.8056 0.5000
5.5865 -2.5119 0.5000
3.3394 2.1531 0.5000
9.1187 3.9448 0.5000
3.3241 2.2141 0.5000
0.4023 6.2286 0.5000
7.5012 -2.6263 0.5000
7.5826 -3.0463 0.5000
0.4096 6.1508 0.5000
8.1706 -2.9746 0.5000
8.5450 -5.6198 0.5000
8.1649 -8.1058 0.5000
0.5788 5.2162 0.5000
0.5245 5.7966 0.5000
9.6987 3.2105 0.5000
4.5408 1.8693 0.5000
3.1293 2.7375 0.5000
4.7351 1.8355 0.5000
3.5158 2.3789 0.5000
2.9234 2.4061 0.5000
0.6397 5.5664 0.5000
8.4472 -4.9735 0.5000
0.5865 6.1141 0.5000
8.4047 -5.5297 0.5000
8.0559 -7.7211 0.5000
-2.3669 -9.7713 0.5000
-2.2307 -9.1677 0.5000
8.8424 -2.3684 0.5000
0.4428 5.2213 0.5000
7.1596 4.4279 0.5000
5.7861 -1.6902 0.5000
0.6360 6.3441 0.5000
5.4978 1.6346 0.5000
4.7497 1.9513 0.5000
4.4000 2.0009 0.5000
0.4709 5.9039 0.5000
0.8015 6.3231 0.5000
8.1806 -7.2632 0.5000
-1.2103 -4.3059 0.5000
8.1240 -7.6103 0.5000
4.8161 -1.6562 0.5000
-2.3551 -9.8045 0.5000
0.4823 5.0787 0.5000
0.3501 6.5589 0.5000
8.2459 4.2271 0.5000
8.7958 -3.0654 0.5000
3.0434 2.3929 0.5000
9.3446 3.7305 0.5000
3.0826 2.8103 0.5000
5.9517 -2.1517 0.5000
3.1561 2.8649 0.5000
-0.9576 -1.1561 0.5000
0.5818 5.2703 0.5000
0.4644 6.2171 0.5000
8.6245 -4.6217 0.5000
0.5720 -3.6211 0.5000
8.6979 -4.5534 0.5000
0.6374 -3.6113 0.5000
7.3172 4.3501 0.5000
3.1465 2.8657 0.5000
8.9952 3.9272 0.5000
0.4647 6.1574 0.5000
7.3215 4.0403 0.5000
0.5311 5.2217 0.5000
0.3696 5.7365 0.5000
6.8686 4.2338 0.5000
8.2991 -7.0238 0.5000
8.4040 -6.6705 0.5000
2.8888 4.8857 0.5000
8.3779 -2.0938 0.5000
4.5439 1.8209 0.5000
3.2271 2.9273 0.5000
3.1278 2.9078 0.5000
3.0626 2.3230 0.5000
0.6095 5.3455 0.5000
-1.7496 -5.8512 0.5000
-0.6628 -12.3133 0.5000
0.3820 -3.5840 0.5000
3.1031 4.6254 0.5000
0.5982 6.1964 0.5000
0.6708 6.1568 0.5000
9.9412 3.9794 0.5000
9.4526 0.5493 0.5000
3.1637 2.9359 0.5000
7.1159 0.9329 0.5000
1.7207 2.2535 0.5000
0.3110 5.5502 0.5000
5.4389 -1.8880 0.5000
7.5535 -9.4868 0.5000
8.4819 -5.2473 0.5000
8.1841 -7.3854 0.5000
8.5626 -5.2714 0.5000
8.2676 -7.4043 0.5000
0.6081 5.7704 0.5000
8.8016 -2.9972 0.5000
8.6928 -4.7013 0.5000
8.4409 -6.7907 0.5000
1.7811 2.2164 0.5000
0.4971 5.2600 0.5000
0.5007 5.6168 0.5000
0.6404 6.0376 0.5000
9.2121 4.1180 0.5000
3.1399 2.7760 0.5000
0.4505 5.5193 0.5000
8.5117 -5.2460 0.5000
8.1890 -2.8597 0.5000
8.5460 -5.1724 0.5000
3.1511 4.7863 0.5000
7.3626 -3.0555 0.5000
0.5825 5.0331 0.5000
0.3837 5.9086 0.5000
8.2924 -6.4938 0.5000
8.7760 -2.9724 0.5000
0.5914 5.7365 0.5000
8.3040 4.2232 0.5000
9.5065 0.7245 0.5000
9.3579 -0.2561 0.5000
8.8799 -2.4373 0.5000
3.2612 2.2999 0.5000
2.5753 1.8302 0.5000
0.4440 5.0922 0.5000
0.3732 5.5394 0.5000
2.5141 4.9948 0.5000
8.5482 -4.8061 0.5000
8.2460 -6.7116 0.5000
8.7104 -3.1783 0.5000
8.5801 -4.8246 0.5000
8.3053 -6.7783 0.5000
2.9504 -6.0616 0.5000
3.2373 4.9622 0.5000
8.6666 -4.8115 0.5000
0.4859 5.0347 0.5000
2.9126 4.8970 0.5000
3.0888 4.6782 0.5000
3.0150 2.4158 0.5000
0.4929 6.1444 0.5000
7.5673 -2.9750 0.5000
7.7643 -2.8766 0.5000
9.4996 4.0776 0.5000
5.8086 -2.4774 0.5000
8.7553 3.9919 0.5000
8.9728 -1.9230 0.5000
5.4932 -2.1291 0.5000
5.7736 -2.7818 0.5000
2.4784 -3.9617 0.5000
0.2790 5.1813 0.5000
0.3860 5.4211 0.5000
0.9209 12.0978 0.5000
0.9798 12.2068 0.5000
8.2333 -6.8643 0.5000
0.9027 12.1611 0.5000
0.8495 11.9605 0.5000
0.8845 12.2072 0.5000
8.6463 -4.8741 0.5000
8.3526 -6.8354 0.5000
2.6498 -3.9210 0.5000
0.3316 5.3563 0.5000
0.7566 11.7600 0.5000
0.7815 12.0155 0.5000
9.6505 1.6990 0.5000
8.7861 -4.2195 0.5000
8.5404 -6.1405 0.5000
2.5440 3.3128 0.5000
1.1661 9.6765 0.5000
8.2046 4.0457 0.5000
5.4527 -2.1699 0.5000
5.7575 -2.8376 0.5000
1.8164 1.9644 0.5000
8.4834 -4.8944 0.5000
8.1603 -6.8050 0.5000
8.5214 -4.8990 0.5000
8.5914 -4.8635 0.5000
0.4265 5.1355 0.5000
0.3948 5.4652 0.5000
8.7352 -4.2374 0.5000
0.2851 5.0629 0.5000
3.9534 2.1217 0.5000
2.5817 3.2055 0.5000
2.5173 3.2535 0.5000
2.5663 3.2733 0.5000
2.4634 3.2103 0.5000
3.0326 2.3438 0.5000
2.9704 2.3398 0.5000
0.5458 5.1020 0.5000
0.5863 5.4464 0.5000
1.0147 12.5707 0.5000
1.0044 12.4015 0.5000
-0.8099 -0.3017 0.5000
1.1014 9.6635 0.5000
0.9300 11.9939 0.5000
8.3998 -5.8690 0.5000
-1.1879 -2.4093 0.5000
-0.8003 -0.4590 0.5000
1.0714 9.6005 0.5000
-0.5802 -3.4089 0.5000
1.0712 9.6813 0.5000
0.8808 12.1514 0.5000
0.4237 9.3343 0.5000
0.7613 11.9242 0.5000
0.3323 5.0404 0.5000
2.2403 2.6512 0.5000
3.8982 2.0495 0.5000
2.9219 2.2212 0.5000
0.3602 5.0871 0.5000
0.4376 5.2546 0.5000
1.3754 -3.7365 0.5000
1.1875 13.4622 0.5000
1.2325 13.7836 0.5000
1.0987 13.3820 0.5000
1.1547 13.8656 0.5000
1.0384 13.4695 0.5000
1.0997 13.9068 0.5000
8.6355 -4.7857 0.5000
2.9107 -1.4865 0.5000
-0.1650 -3.4571 0.5000
0.3246 5.0932 0.5000
0.8964 13.0259 0.5000
8.8732 -2.3438 0.5000
6.8742 -1.8418 0.5000
3.1153 2.2076 0.5000
2.9948 -1.0528 0.5000
3.0548 -5.9629 0.5000
2.5052 3.2271 0.5000
1.0959 12.9033 0.5000
2.4292 17.7893 0.5000
8.8309 3.9853 0.5000
8.4794 -4.8333 0.5000
-0.7865 -2.2874 0.5000
1.0390 12.6619 0.5000
2.0465 5.4303 0.5000
0.9957 12.8607 0.5000
0.4775 9.3490 0.5000
0.8668 12.4316 0.5000
0.9038 12.7425 0.5000
2.0508 15.9560 0.5000
2.9372 -1.5288 0.5000
2.9141 -1.5779 0.5000
-0.0744 -3.4753 0.5000
2.1372 6.1802 0.5000
8.9549 4.1691 0.5000
1.9006 1.9763 0.5000
0.5103 4.1475 0.5000
0.4811 4.9416 0.5000
2.3424 15.9545 0.5000
7.8028 3.8935 0.5000
2.4835 -0.9674 0.5000
8.6123 3.9997 0.5000
2.7303 -1.7778 0.5000
-0.8566 -2.1685 0.5000
-0.8521 -0.6101 0.5000
0.4132 9.3948 0.5000
4.3187 4.1370 0.5000
9.2581 -0.8018 0.5000
8.6990 -4.4991 0.5000
8.4290 -6.4681 0.5000
3.2637 -3.6562 0.5000
9.0111 4.1410 0.5000
2.8243 2.4353 0.5000
2.3776 2.6123 0.5000
2.5823 1.9717 0.5000
6.5420 4.1037 0.5000
9.1843 3.8829 0.5000
8.6704 -2.5763 0.5000
7.5239 -3.0400 0.5000
5.4145 -1.9097 0.5000
8.1953 -6.3703 0.5000
2.7823 -1.4766 0.5000
1.4796 -3.7800 0.5000
-0.6126 0.7751 0.5000
1.5754 15.9458 0.5000
1.5037 -3.7728 0.5000
0.3907 5.5843 0.5000
1.3605 15.9875 0.5000
2.9334 -1.3991 0.5000
3.1056 -5.8877 0.5000
0.3584 5.0441 0.5000
2.1364 6.0763 0.5000
3.0566 2.4027 0.5000
9.4027 3.6444 0.5000
8.5385 -3.4146 0.5000
6.9194 -2.1725 0.5000
2.9866 -5.1233 0.5000
1.9477 -6.4056 0.5000
-0.6668 0.4886 0.5000
0.4252 5.4290 0.5000
-1.0038 -1.6698 0.5000
-1.0066 -1.5475 0.5000
3.2549 23.1727 0.5000
3.1075 -5.9762 0.5000
0.2392 -0.0977 0.5000
2.9779 -1.0406 0.5000
3.3181 -5.1036 0.5000
2.6505 2.5599 0.5000
3.3604 2.2970 0.5000
4.7990 -1.9279 0.5000
3.0500 -3.9893 0.5000
-0.7008 0.1898 0.5000
2.0698 5.6981 0.5000
3.1286 -5.1610 0.5000
1.0469 -3.6932 0.5000
-1.1878 -2.3951 0.5000
-0.7020 0.2278 0.5000
0.3789 5.2631 0.5000
6.0687 -2.0479 0.5000
8.4490 -6.3058 0.5000
3.2518 -3.7790 0.5000
2.5350 1.9512 0.5000
2.4931 3.1987 0.5000
3.8848 2.0666 0.5000
4.7432 -1.9328 0.5000
3.0439 -6.1513 0.5000
0.6523 5.7436 0.5000
1.0599 12.7666 0.5000
4.4499 4.1481 0.5000
2.7987 -1.3316 0.5000
2.9156 -6.0683 0.5000
-1.0037 -1.5940 0.5000
0.7030 6.2070 0.5000
8.7499 -4.1246 0.5000
0.3445 5.4190 0.5000
-0.2375 -1.8027 0.5000
-1.1800 -2.3299 0.5000
-0.7566 0.1225 0.5000
0.4789 5.7403 0.5000
0.7843 6.2921 0.5000
9.4810 3.8409 0.5000
8.5876 -2.0910 0.5000
4.7855 -1.8844 0.5000
2.7188 -1.6702 0.5000
0.3042 6.2719 0.5000
1.0702 13.0636 0.5000
2.6737 19.6450 0.5000
-0.6080 -3.4183 0.5000
1.0432 9.5595 0.5000
8.4644 -6.1185 0.5000
2.8642 -1.7102 0.5000
0.6482 5.7335 0.5000
2.9909 2.9345 0.5000
1.7620 1.7409 0.5000
-0.6535 0.5205 0.5000
-1.0512 -1.8789 0.5000
0.4834 5.7892 0.5000
0.7618 6.3955 0.5000
1.0572 9.4782 0.5000
8.7438 -2.2923 0.5000
0.7386 9.2971 0.5000
0.7501 6.4009 0.5000
8.5013 -5.7013 0.5000
0.9868 -3.6532 0.5000
0.6534 5.9010 0.5000
1.0497 9.6696 0.5000
4.5247 -1.3741 0.5000
0.5275 5.0107 0.5000
-0.4908 0.8479 0.5000
1.8106 -6.5644 0.5000
-0.9150 -0.8447 0.5000
2.7281 -1.6371 0.5000
-1.0479 -1.4833 0.5000
2.5597 18.9115 0.5000
8.7012 -4.5379 0.5000
5.0428 -1.5415 0.5000
2.6104 2.5666 0.5000
2.4971 3.1312 0.5000
-0.8400 -2.2450 0.5000
-0.8165 -0.4108 0.5000
0.7396 6.3886 0.5000
6.5172 4.0827 0.5000
6.6494 4.0905 0.5000
8.5305 -3.3732 0.5000
-1.1771 -2.6082 0.5000
-0.9160 -0.9510 0.5000
1.2948 14.8537 0.5000
2.0980 5.8081 0.5000
8.6761 -3.2827 0.5000
3.5440 -6.1089 0.5000
2.1433 -3.8126 0.5000
-0.4709 -3.4033 0.5000
0.6714 6.0538 0.5000
0.5596 9.2969 0.5000
3.3030 -5.0878 0.5000
1.1566 -3.5069 0.5000
-0.7630 -0.1235 0.5000
2.7922 -1.4003 0.5000
-1.0546 -1.7419 0.5000
1.3797 14.9949 0.5000
8.3818 -5.7881 0.5000
8.4253 -5.8915 0.5000
2.0867 5.9207 0.5000
3.0953 4.7483 0.5000
3.8744 1.1534 0.5000
3.0827 -5.7629 0.5000
2.0072 -12.3529 0.5000
0.6804 9.2636 0.5000
2.0889 6.1136 0.5000
3.0980 4.8262 0.5000
0.2783 5.3917 0.5000
-0.7938 0.0134 0.5000
6.2451 -2.2097 0.5000
3.0447 -4.2725 0.5000
3.0616 2.2707 0.5000
2.6064 1.9671 0.5000
2.3165 2.0026 0.5000
2.7027 -1.5543 0.5000
1.5786 -12.1619 0.5000
-0.1529 -3.3162 0.5000
-1.1009 -2.8166 0.5000
-0.9211 -0.9170 0.5000
-0.8006 -0.2773 0.5000
2.9957 -6.1100 0.5000
1.8553 -6.7595 0.5000
0.3559 5.9703 0.5000
8.5512 -5.6499 0.5000
0.7323 6.3436 0.5000
-0.5489 0.5459 0.5000
0.5002 4.9195 0.5000
0.5984 6.0608 0.5000
-0.8706 -0.7148 0.5000
8.4571 -5.6773 0.5000
-0.9366 -3.3790 0.5000
-0.7973 0.0551 0.5000
2.7657 -1.5425 0.5000
7.6006 -2.9806 0.5000
8.4078 -6.0402 0.5000
8.5213 -2.4157 0.5000
-0.7052 0.2925 0.5000
5.7495 -2.7607 0.5000
5.7369 -2.7014 0.5000
2.6840 -1.7968 0.5000
-0.1459 -0.0463 0.5000
-0.8034 -0.2364 0.5000
8.5775 -4.4156 0.5000
8.3084 -6.1097 0.5000
-0.2360 -3.4836 0.5000
-0.8683 -0.7941 0.5000
8.6394 -4.4544 0.5000
8.3158 -6.2121 0.5000
8.4176 -6.1044 0.5000
3.2802 1.7611 0.5000
-0.9817 -3.5299 0.5000
-1.1909 -2.5529 0.5000
-0.5554 1.0394 0.5000
8.2457 -6.2952 0.5000
2.7206 -1.7434 0.5000
-0.8001 -0.3914 0.5000
8.4023 -6.0866 0.5000
-0.0630 -0.0863 0.5000
-1.0428 -3.5842 0.5000
2.7945 -1.2390 0.5000
0.3562 6.4007 0.5000
0.3366 6.4989 0.5000
2.3525 -12.4648 0.5000
-0.8317 -3.3661 0.5000
1.0065 14.8584 0.5000
0.7630 6.1501 0.5000
2.0331 -5.9360 0.5000
3.3685 -6.1735 0.5000
-1.1031 -2.1089 0.5000
-0.1365 0.0156 0.5000
0.9854 13.3675 0.5000
0.9868 13.5771 0.5000
1.5276 -6.4687 0.5000
5.5188 -1.8675 0.5000
8.6017 -5.3412 0.5000
2.2864 2.6700 0.5000
3.3537 -5.0450 0.5000
-0.9673 -2.2780 0.5000
8.5754 -3.2519 0.5000
1.2080 -3.7337 0.5000
-1.1380 -2.6813 0.5000
8.3193 -7.0056 0.5000
0.4181 -3.5672 0.5000
3.4363 2.1711 0.5000
2.6078 3.0677 0.5000
2.1073 5.9713 0.5000
3.4103 -6.1568 0.5000
8.1663 -7.0899 0.5000
8.2336 -2.8725 0.5000
3.3576 2.2029 0.5000
3.2093 -4.2148 0.5000
0.5192 5.3496 0.5000
3.1004 -3.6729 0.5000
0.7023 -3.6323 0.5000
8.5131 -5.8879 0.5000
8.5364 -5.9311 0.5000
2.4377 2.6057 0.5000
-0.5180 0.4294 0.5000
-0.3968 1.4392 0.5000
9.0705 -1.0399 0.5000
3.0163 -4.0646 0.5000
1.0719 13.1829 0.5000
8.7485 -4.4269 0.5000
8.7119 -4.4695 0.5000
3.3110 -3.7491 0.5000
-0.8618 -3.3608 0.5000
0.5958 5.6984 0.5000
1.2221 14.8574 0.5000
8.5859 -3.3539 0.5000
0.9636 9.5096 0.5000
3.5887 -6.1184 0.5000
0.8466 12.9943 0.5000
-0.8953 -2.6704 0.5000
-0.6831 -0.3779 0.5000
2.9928 -5.0891 0.5000
-1.1784 -2.5061 0.5000
1.0913 13.7315 0.5000
-0.5305 -3.4115 0.5000
2.1269 6.2257 0.5000
8.8533 -3.8541 0.5000
0.5895 5.5543 0.5000
2.4693 2.6001 0.5000
2.2610 -6.2383 0.5000
4.6716 1.8315 0.5000
4.7763 4.0957 0.5000
8.3127 -5.8274 0.5000
2.7940 -1.3550 0.5000
8.5525 -5.5609 0.5000
-0.1117 -3.4620 0.5000
8.6980 -5.2142 0.5000
8.3166 -7.1926 0.5000
2.9629 -1.1043 0.5000
2.2138 -6.5091 0.5000
1.9787 -6.1227 0.5000
-0.9133 -0.8743 0.5000
1.0591 12.8025 0.5000
2.8272 20.4268 0.5000
8.0463 -2.3662 0.5000
8.5250 -4.5125 0.5000
0.8687 12.7468 0.5000
2.4158 20.0259 0.5000
3.3867 2.1521 0.5000
0.3606 5.3258 0.5000
0.5856 5.5485 0.5000
6.9629 -2.0695 0.5000
2.9979 -3.9584 0.5000
-1.6486 -5.0185 0.5000
1.4978 15.3403 0.5000
6.6349 4.0488 0.5000
8.5168 -4.7708 0.5000
2.9983 -0.9982 0.5000
8.7571 -2.9439 0.5000
0.5256 5.7487 0.5000
3.0990 4.7548 0.5000
8.4856 -6.1571 0.5000
8.4476 -6.4347 0.5000
3.2905 -3.9260 0.5000
4.5684 1.4907 0.5000
-0.6579 0.5796 0.5000
7.7597 3.8687 0.5000
0.7002 6.2975 0.5000
0.1515 -0.1128 0.5000
0.3917 5.3892 0.5000
0.4206 5.6939 0.5000
8.8503 -2.2266 0.5000
2.1259 -6.7678 0.5000
0.4107 5.7684 0.5000
7.2315 -1.8607 0.5000
5.8218 -1.6771 0.5000
2.9510 -1.1822 0.5000
2.5331 -6.0407 0.5000
1.8680 -3.6529 0.5000
2.1550 6.0632 0.5000
4.5438 4.1319 0.5000
1.7514 6.5995 0.5000
2.9516 -1.2114 0.5000
0.5270 5.5916 0.5000
-0.4675 0.7964 0.5000
9.2993 0.4010 0.5000
-0.9143 -2.1053 0.5000
-0.8029 -0.1227 0.5000
-0.5612 1.1048 0.5000
8.6421 -2.6258 0.5000
7.5205 -3.0768 0.5000
8.2522 -6.1135 0.5000
0.9387 12.5601 0.5000
1.2951 15.4239 0.5000
1.9688 9.8865 0.5000
3.2893 -3.8194 0.5000
-0.9642 -3.4905 0.5000
-0.7952 -1.9633 0.5000
0.3886 5.2460 0.5000
2.9420 3.1154 0.5000
1.6461 2.7706 0.5000
0.6668 5.5537 0.5000
8.4891 -3.4503 0.5000
-0.9112 -1.0402 0.5000
1.1896 13.5604 0.5000
2.1557 6.1328 0.5000
2.0660 5.9553 0.5000
8.8287 -2.7987 0.5000
-0.0766 -0.0381 0.5000
-0.6928 -1.3819 0.5000
4.3295 1.6640 0.5000
5.4680 -2.0601 0.5000
1.7894 6.7886 0.5000
8.8525 -2.8106 0.5000
3.1325 2.4003 0.5000
5.0976 -1.7305 0.5000
0.3841 9.3763 0.5000
1.7729 16.0026 0.5000
3.3025 4.9102 0.5000
8.3622 -5.1019 0.5000
5.7407 -2.8069 0.5000
5.1405 -2.2693 0.5000
3.8828 -1.0510 0.5000
2.2706 9.1437 0.5000
9.6002 1.4764 0.5000
9.4508 0.3733 0.5000
8.7030 -3.3568 0.5000
3.0819 -5.8544 0.5000
0.4672 5.6625 0.5000
1.7846 6.7245 0.5000
2.9690 -1.2872 0.5000
-0.8011 -2.3162 0.5000
1.8534 6.9605 0.5000
0.3011 4.8035 0.5000
2.5203 19.8388 0.5000
7.2791 -1.8769 0.5000
5.7863 -1.6335 0.5000
4.3750 -1.0284 0.5000
2.9238 -1.7147 0.5000
0.4122 3.5196 0.5000
1.6499 -12.1919 0.5000
-0.8593 -0.4081 0.5000
3.4661 4.8775 0.5000
1.8215 6.9219 0.5000
0.2939 4.7740 0.5000
0.2091 4.9999 0.5000
0.2228 5.0396 0.5000
0.2519 9.3335 0.5000
0.7637 9.2937 0.5000
9.5063 0.7941 0.5000
8.6478 -4.9181 0.5000
3.2884 -6.0484 0.5000
2.7620 2.5242 0.5000
0.3951 5.1079 0.5000
0.4051 5.3404 0.5000
0.5507 4.5273 0.5000
0.4031 5.5580 0.5000
3.5920 4.8566 0.5000
6.2236 2.0063 0.5000
8.6938 -2.4878 0.5000
0.1643 9.3162 0.5000
1.1589 13.7593 0.5000
3.2700 23.1424 0.5000
2.0466 9.9472 0.5000
0.9663 9.3495 0.5000
1.9527 9.8152 0.5000
8.9014 -2.0185 0.5000
8.5543 -5.7625 0.5000
0.9378 13.1158 0.5000
1.7774 6.6427 0.5000
-0.5262 0.3092 0.5000
0.1039 4.7338 0.5000
0.5717 4.5997 0.5000
3.4707 4.8123 0.5000
3.5372 4.8239 0.5000
0.3919 5.6038 0.5000
9.2133 -1.1262 0.5000
8.8621 -2.4808 0.5000
8.7909 -4.3140 0.5000
8.4795 -6.4565 0.5000
0.1092 -3.3868 0.5000
-0.7624 -1.1531 0.5000
2.4444 2.0021 0.5000
0.2542 4.5910 0.5000
2.0771 -12.6790 0.5000
2.9731 -1.4349 0.5000
0.2509 5.2455 0.5000
0.3319 5.3338 0.5000
0.4143 3.4713 0.5000
4.1715 1.9635 0.5000
2.4413 -3.6396 0.5000
-1.2197 -3.2127 0.5000
-1.0076 -1.3407 0.5000
0.1209 9.3559 0.5000
1.0668 9.5827 0.5000
2.4384 9.1176 0.5000
8.4489 -4.8585 0.5000
0.0799 9.3295 0.5000
1.7993 6.9183 0.5000
8.6312 -4.9630 0.5000
8.3450 -7.1491 0.5000
0.3570 3.0763 0.5000
0.3928 5.6799 0.5000
0.5054 7.4610 0.5000
0.5536 7.6005 0.5000
6.4554 -2.0081 0.5000
2.8250 -5.8694 0.5000
2.3436 17.8954 0.5000
1.8818 7.3563 0.5000
8.2458 -6.5533 0.5000
0.2107 9.3831 0.5000
1.0169 12.8789 0.5000
8.6548 -4.2866 0.5000
0.9885 12.9258 0.5000
2.1897 17.9213 0.5000
-0.8398 -1.2760 0.5000
0.1054 9.3343 0.5000
0.6292 9.2915 0.5000
2.1912 -6.6210 0.5000
1.8472 7.3190 0.5000
4.4895 1.5773 0.5000
8.2300 -6.2109 0.5000
0.5288 7.4422 0.5000
1.0565 9.5329 0.5000
2.0614 10.0117 0.5000
2.5017 9.0592 0.5000
2.4594 9.1471 0.5000
8.7656 -4.4124 0.5000
8.7662 -4.6103 0.5000
8.4550 -6.7246 0.5000
2.5451 -12.2033 0.5000
0.4593 3.7385 0.5000
2.1532 9.1356 0.5000
1.8868 7.1725 0.5000
0.5688 7.5290 0.5000
3.6578 23.1207 0.5000
2.5495 9.1116 0.5000
8.5721 -5.8518 0.5000
3.2460 -3.9768 0.5000
2.2316 -6.3579 0.5000
0.6012 5.2346 0.5000
0.5193 7.3836 0.5000
2.4685 -6.0029 0.5000
0.4785 7.2718 0.5000
0.5056 7.3051 0.5000
-0.0466 9.3729 0.5000
0.5091 7.5405 0.5000
0.4502 7.2326 0.5000
0.4690 7.3032 0.5000
2.9543 -1.5125 0.5000
-4.2781 -11.3313 0.5000
0.5402 7.0854 0.5000
1.8439 7.2075 0.5000
-0.4471 -2.5030 0.5000
3.3370 2.2780 0.5000
2.9462 -5.0957 0.5000
-4.6845 -11.1999 0.5000
2.4340 18.3129 0.5000
8.6755 -4.6453 0.5000
1.9843 -12.3829 0.5000
6.8323 -1.7987 0.5000
5.4461 -1.6439 0.5000
0.4566 7.1534 0.5000
6.1160 -2.6227 0.5000
2.9283 -5.1274 0.5000
1.4988 -3.8116 0.5000
-0.6674 -2.6502 0.5000
2.6227 9.0823 0.5000
8.4528 -4.6215 0.5000
2.8841 -6.0962 0.5000
-4.4826 -11.1448 0.5000
0.5049 7.2910 0.5000
4.5113 22.9131 0.5000
0.0141 9.3737 0.5000
2.6467 9.1237 0.5000
8.4778 -6.5093 0.5000
3.0395 -1.0985 0.5000
2.4644 -12.2272 0.5000
-0.8994 -2.6429 0.5000
0.4550 3.7630 0.5000
3.1858 2.9663 0.5000
-0.7227 -2.5008 0.5000
-3.9172 -8.6010 0.5000
2.5829 9.1309 0.5000
1.2652 -3.7740 0.5000
2.9740 14.7796 0.5000
2.0744 9.8791 0.5000
2.5912 9.0592 0.5000
0.4528 7.3741 0.5000
2.6876 8.8560 0.5000
2.1784 6.6329 0.5000
7.7761 -2.8270 0.5000
3.0248 -1.1377 0.5000
3.3191 -6.0333 0.5000
1.2122 -3.5378 0.5000
0.4550 7.1292 0.5000
0.4150 7.1119 0.5000
0.4516 7.0904 0.5000
7.8803 -7.5514 0.5000
2.2890 2.1636 0.5000
2.7445 -1.1850 0.5000
1.5446 -3.8218 0.5000
0.4651 7.0239 0.5000
2.6494 8.8216 0.5000
2.6869 8.8448 0.5000
2.9177 -3.9684 0.5000
2.0347 10.4785 0.5000
2.6456 8.8716 0.5000
8.0255 -8.7239 0.5000
-3.6274 -11.8869 0.5000
0.4118 7.0348 0.5000
3.3690 -5.0785 0.5000
2.1840 6.5781 0.5000
1.8390 6.9591 0.5000
2.1527 2.5596 0.5000
2.7396 -1.2729 0.5000
1.9522 -12.7558 0.5000
-0.7128 -3.2696 0.5000
-4.4411 -11.6613 0.5000
2.0581 9.7637 0.5000
2.0542 9.4365 0.5000
2.2038 6.4825 0.5000
1.9501 6.5070 0.5000
-3.6776 -11.8370 0.5000
2.1672 -6.5916 0.5000
2.0039 6.4868 0.5000
2.1697 6.4928 0.5000
2.6796 -1.1180 0.5000
8.2564 -5.4858 0.5000
2.6963 -1.6714 0.5000
-1.2707 -3.2570 0.5000
0.0637 9.3765 0.5000
3.3534 23.1676 0.5000
2.0718 6.2269 0.5000
0.1489 -0.1232 0.5000
2.0246 10.0074 0.5000
-0.7066 -1.7332 0.5000
-0.4336 -1.0837 0.5000
1.9981 6.4223 0.5000
-0.2161 9.4406 0.5000
-0.2049 9.3996 0.5000
1.9140 6.4517 0.5000
-0.2675 9.3975 0.5000
-0.1064 9.3964 0.5000
8.4705 -6.3045 0.5000
-3.5641 -11.8957 0.5000
1.9420 -6.2341 0.5000
4.0407 23.0703 0.5000
-0.0676 9.3750 0.5000
2.0303 9.4298 0.5000
2.0424 9.8432 0.5000
2.9400 -1.4431 0.5000
5.4340 -2.0257 0.5000
2.0873 10.1493 0.5000
2.7476 -1.4880 0.5000
-0.1725 9.4135 0.5000
3.4997 23.1584 0.5000
-0.4615 9.6378 0.5000
3.6226 -6.0987 0.5000
0.2071 4.1907 0.5000
4.3341 22.9507 0.5000
0.3086 4.2924 0.5000
-0.6214 9.6468 0.5000
-0.3523 9.4745 0.5000
1.0261 9.5178 0.5000
4.2520 23.0091 0.5000
1.9916 9.6131 0.5000
0.1936 -3.3853 0.5000
0.4052 6.7982 0.5000
-0.8195 -2.2614 0.5000
0.5628 6.2160 0.5000
-0.7616 9.6965 0.5000
4.4982 23.0053 0.5000
-0.4788 9.5950 0.5000
0.9408 12.8181 0.5000
2.5774 9.0248 0.5000
-0.9577 9.6985 0.5000
-0.3039 9.3997 0.5000
3.1736 -5.9428 0.5000
0.4073 6.7063 0.5000
-0.1933 0.0249 0.5000
0.6417 6.2145 0.5000
-0.7620 9.7160 0.5000
2.6420 9.0020 0.5000
0.4685 9.3588 0.5000
-0.4061 9.6220 0.5000
-0.4231 9.5479 0.5000
2.8018 14.8494 0.5000
2.9883 -6.0137 0.5000
2.9321 -6.1079 0.5000
1.3654 -6.5257 0.5000
2.6872 8.6014 0.5000
2.6707 8.5521 0.5000
-1.2088 -3.2662 0.5000
2.9238 14.7736 0.5000
2.7022 8.6656 0.5000
-0.4426 9.5976 0.5000
2.0507 10.2838 0.5000
-0.3125 9.4472 0.5000
2.3584 9.1884 0.5000
-0.8050 9.6202 0.5000
2.6455 8.6007 0.5000
3.0132 -1.1561 0.5000
0.7633 6.0372 0.5000
0.3576 6.7036 0.5000
-0.6749 9.6578 0.5000
1.2065 13.5011 0.5000
2.6633 9.0215 0.5000
2.6285 8.9375 0.5000
2.6739 8.5426 0.5000
2.9389 2.0367 0.5000
2.2828 2.2774 0.5000
2.7534 -1.2912 0.5000
-0.8675 -2.2286 0.5000
-0.2931 9.4501 0.5000
1.0798 12.8786 0.5000
2.9972 14.8744 0.5000
2.6467 8.9640 0.5000
1.3959 -3.8141 0.5000
3.6356 23.1246 0.5000
-0.2765 9.4362 0.5000
2.5909 8.9351 0.5000
2.6369 8.5558 0.5000
-0.8545 9.6874 0.5000
0.9467 12.6116 0.5000
2.7426 14.8825 0.5000
2.6921 8.7496 0.5000
0.4712 5.1552 0.5000
0.4013 6.8049 0.5000
2.7426 -1.2162 0.5000
-4.4370 -11.7064 0.5000
-0.3038 9.5093 0.5000
0.8861 9.3411 0.5000
4.6109 22.9266 0.5000
2.6564 9.0863 0.5000
2.7020 8.7526 0.5000
3.4373 23.1612 0.5000
2.0575 10.3933 0.5000
2.6998 8.6869 0.5000
0.4376 6.6595 0.5000
2.0498 9.7304 0.5000
2.4880 9.1604 0.5000
2.6432 8.4189 0.5000
0.5647 4.4803 0.5000
-0.7428 9.6723 0.5000
-0.1435 9.4399 0.5000
2.1350 15.8779 0.5000
2.9699 14.7013 0.5000
2.7002 8.8218 0.5000
0.3396 4.3042 0.5000
4.4149 22.9523 0.5000
2.0399 9.6377 0.5000
2.6900 8.7949 0.5000
2.4401 9.1882 0.5000
2.5953 8.8753 0.5000
4.4214 -1.0148 0.5000
1.7545 -6.3099 0.5000
0.1217 3.6737 0.5000
1.5061 14.8561 0.5000
2.7002 8.7227 0.5000
2.6722 -1.7239 0.5000
0.1997 3.6577 0.5000
1.0813 13.0006 0.5000
1.4370 15.3050 0.5000
2.6264 8.3824 0.5000
0.4488 5.1815 0.5000
0.4717 6.6970 0.5000
0.3733 6.7761 0.5000
0.4042 6.8937 0.5000
2.6159 8.2765 0.5000
-1.5165 -3.2154 0.5000
0.9158 12.5091 0.5000
-1.2912 -3.1331 0.5000
1.1321 13.8079 0.5000
2.9838 14.8014 0.5000
2.0381 9.3779 0.5000
2.5966 8.3421 0.5000
0.4035 6.9426 0.5000
1.1274 -3.7241 0.5000
0.5395 6.6824 0.5000
-1.4716 -3.1804 0.5000
-0.3048 2.7609 0.5000
1.2287 13.6475 0.5000
2.7538 19.8120 0.5000
3.2826 15.7228 0.5000
2.0641 10.2202 0.5000
2.0085 10.1654 0.5000
3.0059 -1.0230 0.5000
-0.6533 -1.7175 0.5000
0.5720 6.6640 0.5000
0.4855 6.7013 0.5000
2.4355 7.7433 0.5000
2.3919 7.7451 0.5000
2.8591 -5.1381 0.5000
2.4256 7.6194 0.5000
4.7644 22.8724 0.5000
2.3993 7.6435 0.5000
2.0563 10.5573 0.5000
2.3971 7.6657 0.5000
0.6465 6.6567 0.5000
0.7587 6.6684 0.5000
0.6871 6.6624 0.5000
0.4183 6.9848 0.5000
0.0826 8.0159 0.5000
1.7636 -12.2310 0.5000
0.7049 6.6736 0.5000
0.3953 7.8066 0.5000
-0.3381 8.4944 0.5000
2.3870 7.5145 0.5000
-1.3431 -3.2539 0.5000
0.7576 6.6391 0.5000
0.5184 6.7014 0.5000
0.4731 7.7544 0.5000
0.4397 7.7709 0.5000
-0.3438 8.4142 0.5000
2.0553 10.4011 0.5000
2.5865 8.9555 0.5000
4.5749 22.9530 0.5000
2.3983 7.5815 0.5000
0.4673 6.9629 0.5000
-0.3927 8.3842 0.5000
2.3947 7.7676 0.5000
2.4441 7.7875 0.5000
3.0864 -6.0489 0.5000
0.1156 -3.3237 0.5000
-1.1905 -3.1860 0.5000
-0.2997 8.2600 0.5000
-0.0781 8.1004 0.5000
0.4548 7.7135 0.5000
0.4299 7.0530 0.5000
2.4406 7.8977 0.5000
2.8672 -4.1539 0.5000
-0.0227 8.1478 0.5000
-0.0795 8.1897 0.5000
-1.4454 -3.2025 0.5000
-0.3679 2.6098 0.5000
0.3888 6.8399 0.5000
0.0839 8.0834 0.5000
0.0339 8.0732 0.5000
4.8914 22.9149 0.5000
2.3946 7.8152 0.5000
1.0378 16.1052 0.5000
2.4404 7.8052 0.5000
1.9979 10.0023 0.5000
0.2290 7.9092 0.5000
0.2540 7.8930 0.5000
0.4013 7.7031 0.5000
2.3831 7.4261 0.5000
0.3301 7.8501 0.5000
2.5987 8.0253 0.5000
2.4086 7.6803 0.5000
2.6447 -1.7304 0.5000
3.2022 14.6955 0.5000
1.9173 7.4852 0.5000
1.9841 5.5432 0.5000
2.7392 -1.4044 0.5000
-1.9148 -3.1325 0.5000
0.1416 8.0025 0.5000
1.4233 15.3532 0.5000
2.0372 10.2911 0.5000
0.3557 6.6520 0.5000
-0.3684 8.4264 0.5000
2.5846 8.1004 0.5000
2.4491 7.9077 0.5000
2.3564 7.4955 0.5000
1.8277 6.7085 0.5000
0.1545 7.9130 0.5000
2.3429 7.4369 0.5000
2.4537 7.9084 0.5000
2.5083 7.9443 0.5000
1.7726 -6.7143 0.5000
0.2804 4.2669 0.5000
-0.3493 8.3804 0.5000
-2.5966 10.0035 0.5000
2.8460 13.3526 0.5000
2.5482 7.9865 0.5000
2.1552 7.4239 0.5000
0.1442 7.9868 0.5000
-2.7816 10.0237 0.5000
2.5928 7.9985 0.5000
-0.3089 8.3070 0.5000
-2.5443 9.8635 0.5000
-0.3849 8.3318 0.5000
3.0599 14.7182 0.5000
2.5527 0.7737 0.5000
0.1695 7.9645 0.5000
-0.3500 8.2813 0.5000
2.5928 8.0972 0.5000
2.5494 8.0699 0.5000
2.6804 0.7520 0.5000
2.2710 -3.7377 0.5000
2.2704 7.3893 0.5000
2.3310 7.3334 0.5000
2.1164 2.6314 0.5000
-0.4098 -1.0332 0.5000
-0.1979 8.2135 0.5000
-2.0664 9.9169 0.5000
2.5998 8.1666 0.5000
2.3386 7.3559 0.5000
1.8473 -12.2041 0.5000
0.2650 4.3056 0.5000
-2.1553 9.8871 0.5000
4.0035 23.0178 0.5000
2.3326 0.7565 0.5000
1.2264 14.0537 0.5000
3.9063 23.1648 0.5000
2.0295 10.0553 0.5000
2.4328 0.7534 0.5000
2.5943 8.2259 0.5000
-0.0200 8.0701 0.5000
0.3096 7.8135 0.5000
0.3000 7.9121 0.5000
1.8917 7.4637 0.5000
2.2987 0.7913 0.5000
1.7090 -6.6696 0.5000
0.4251 4.9429 0.5000
0.3526 6.8802 0.5000
0.4484 7.1615 0.5000
2.3483 7.4913 0.5000
2.0501 0.6632 0.5000
1.0093 12.6297 0.5000
2.5949 8.2599 0.5000
4.2305 23.0036 0.5000
2.3790 0.7468 0.5000
2.3065 -12.1733 0.5000
0.0177 8.0064 0.5000
2.0279 0.5645 0.5000
2.3059 7.2331 0.5000
0.3992 6.9128 0.5000
0.4044 7.2055 0.5000
2.5648 7.9483 0.5000
2.5780 -1.5024 0.5000
-0.2737 8.3405 0.5000
2.1110 10.5758 0.5000
2.2166 9.1147 0.5000
3.1408 -0.9623 0.5000
1.9083 0.6132 0.5000
0.2251 7.9780 0.5000
-0.2109 8.3204 0.5000
-2.7577 10.0530 0.5000
-5.1689 10.4548 0.5000
1.0546 9.7086 0.5000
2.2977 7.2554 0.5000
2.3031 7.2987 0.5000
2.5948 8.4864 0.5000
2.1986 0.8564 0.5000
0.3545 7.7534 0.5000
-0.3692 8.4931 0.5000
2.6403 8.4872 0.5000
2.2914 7.1980 0.5000
2.2785 7.2414 0.5000
1.7528 0.7859 0.5000
0.6895 -3.6299 0.5000
0.3628 7.8665 0.5000
-0.1088 8.2104 0.5000
-0.1106 8.1676 0.5000
-5.7458 10.6354 0.5000
-2.8249 10.1025 0.5000
-1.5158 9.8992 0.5000
1.0202 12.3848 0.5000
2.0669 9.9334 0.5000
2.6232 8.3464 0.5000
2.6369 -1.6151 0.5000
-6.3597 10.7234 0.5000
-6.3478 10.7679 0.5000
-1.6515 9.8592 0.5000
-1.6401 9.8550 0.5000
3.9710 23.0522 0.5000
-6.3944 10.6907 0.5000
-1.7161 9.8575 0.5000
-1.6549 9.8156 0.5000
-1.6356 9.8485 0.5000
-6.4030 10.5472 0.5000
-6.4641 10.4787 0.5000
-3.3118 10.0573 0.5000
-1.7507 9.8275 0.5000
-1.8014 9.8471 0.5000
0.2207 7.8518 0.5000
0.0584 7.9741 0.5000
-0.2391 8.2554 0.5000
2.6427 8.5323 0.5000
2.3745 -0.9967 0.5000
0.4432 7.8422 0.5000
-5.6935 10.6430 0.5000
-2.7821 10.1302 0.5000
2.8582 13.2518 0.5000
1.9346 5.3158 0.5000
2.6064 -1.4809 0.5000
1.4436 0.8089 0.5000
-6.3011 10.7147 0.5000
-6.3421 10.8341 0.5000
-2.7421 9.9528 0.5000
-6.3843 10.7980 0.5000
-6.2775 10.6687 0.5000
3.1101 14.7157 0.5000
2.0413 10.5996 0.5000
2.6369 8.2408 0.5000
-5.0415 10.3630 0.5000
-2.5640 9.9813 0.5000
-2.5441 9.9866 0.5000
2.7220 13.1709 0.5000
1.4770 0.7500 0.5000
-0.2412 8.2038 0.5000
2.6486 8.6667 0.5000
2.3432 7.5152 0.5000
1.7952 7.0068 0.5000
1.7483 6.7777 0.5000
2.4609 7.8660 0.5000
2.5417 7.8923 0.5000
1.7939 7.0587 0.5000
2.8510 -3.9823 0.5000
1.3456 0.8686 0.5000
-2.8111 10.0795 0.5000
3.0055 14.2068 0.5000
-3.0041 10.1279 0.5000
-2.5305 9.9373 0.5000
2.6559 12.4626 0.5000
-2.6430 9.9218 0.5000
2.6471 12.3474 0.5000
-6.4330 10.6844 0.5000
-6.4106 10.7288 0.5000
-2.8789 10.0248 0.5000
-2.8042 10.0428 0.5000
-1.5334 9.8057 0.5000
-5.3457 10.4042 0.5000
-2.6600 9.9659 0.5000
-2.6388 9.9545 0.5000
-1.4514 9.7789 0.5000
-1.4418 9.7877 0.5000
1.5924 0.7500 0.5000
1.3201 0.7765 0.5000
2.5972 8.3507 0.5000
2.5265 8.0220 0.5000
0.4110 7.2736 0.5000
2.6687 -1.1991 0.5000
1.1280 0.7912 0.5000
-0.1971 8.2810 0.5000
1.4972 14.9092 0.5000
3.0594 14.7876 0.5000
2.1547 7.2610 0.5000
-6.4235 10.6231 0.5000
-8.9736 12.7627 0.5000
2.7262 12.7877 0.5000
-6.4132 10.5583 0.5000
2.6933 12.5578 0.5000
-6.4658 10.4404 0.5000
-1.8637 9.8759 0.5000
2.8949 14.7682 0.5000
1.0512 0.7732 0.5000
-6.4846 10.2507 0.5000
-6.5449 10.2469 0.5000
-3.3267 9.9066 0.5000
-3.9495 10.1572 0.5000
-1.9684 9.8095 0.5000
-6.4617 10.3006 0.5000
-3.9792 10.2663 0.5000
-2.0123 9.9045 0.5000
-1.1269 9.7545 0.5000
-1.0649 9.7516 0.5000
1.1581 13.3597 0.5000
1.2391 0.8311 0.5000
0.4318 4.8635 0.5000
-4.6647 10.3563 0.5000
-4.4699 10.3783 0.5000
-1.2910 9.8267 0.5000
-4.8455 10.4078 0.5000
-4.5146 10.3132 0.5000
1.4718 15.4154 0.5000
2.6925 12.3469 0.5000
-6.4101 10.7737 0.5000
2.3112 7.1896 0.5000
-3.0369 10.0137 0.5000
2.2639 7.1500 0.5000
1.7368 6.7475 0.5000
2.1184 2.5870 0.5000
2.7951 -5.0994 0.5000
1.1749 0.7994 0.5000
0.9156 0.8875 0.5000
0.0332 8.1036 0.5000
-6.4395 10.4968 0.5000
-3.8163 10.3013 0.5000
-3.2240 10.0959 0.5000
-1.9720 9.9091 0.5000
-1.8928 9.9029 0.5000
4.9280 22.8609 0.5000
-6.4689 10.3956 0.5000
-3.2659 10.0486 0.5000
-6.2720 10.7044 0.5000
-6.3999 10.8250 0.5000
-2.5954 9.9285 0.5000
-1.5548 9.8969 0.5000
2.6931 12.4493 0.5000
-2.4769 9.8755 0.5000
-1.4879 9.8244 0.5000
3.0446 14.7844 0.5000
1.9280 5.3639 0.5000
0.7206 0.6457 0.5000
-1.7270 9.9038 0.5000
-3.6298 10.2622 0.5000
-1.7522 9.9094 0.5000
5.0497 22.8733 0.5000
0.5391 7.7471 0.5000
2.6281 -1.4328 0.5000
1.7417 -12.2174 0.5000
-3.2466 10.1013 0.5000
-1.8205 9.9108 0.5000
-0.9704 9.7868 0.5000
2.7970 19.7721 0.5000
2.9046 14.8275 0.5000
-0.3327 -3.3209 0.5000
-3.8459 10.2564 0.5000
-3.4666 10.1535 0.5000
-1.9329 9.9000 0.5000
3.1658 14.6796 0.5000
1.1508 13.4488 0.5000
2.6300 12.3679 0.5000
1.1020 13.5047 0.5000
1.4901 16.0525 0.5000
1.0109 0.7367 0.5000
-1.7684 -3.1544 0.5000
-3.5416 10.2525 0.5000
-0.9361 9.7059 0.5000
-0.8804 9.7592 0.5000
2.6083 -5.8489 0.5000
1.1334 0.8099 0.5000
0.3219 4.3808 0.5000
-3.8885 10.3302 0.5000
-1.0293 9.7614 0.5000
-0.3960 8.5334 0.5000
-1.4182 9.8017 0.5000
3.7779 23.1297 0.5000
1.1651 13.8021 0.5000
-1.5763 9.7971 0.5000
-0.1877 8.1573 0.5000
2.8136 -5.1396 0.5000
1.2352 0.7748 0.5000
-3.1738 10.1592 0.5000
0.9858 0.7805 0.5000
2.9296 20.3895 0.5000
-1.8368 9.8741 0.5000
-1.7694 9.8647 0.5000
-1.7043 9.8493 0.5000
2.8089 -0.8805 0.5000
2.6379 -5.4882 0.5000
1.1297 0.9166 0.5000
0.3765 6.9896 0.5000
-7.1964 10.4632 0.5000
-4.1821 10.3134 0.5000
-2.0779 9.9543 0.5000
1.5573 15.4119 0.5000
3.1049 14.7723 0.5000
-1.5688 9.8057 0.5000
-6.3619 10.5675 0.5000
-1.5108 9.7923 0.5000
1.0180 0.6491 0.5000
2.4240 -6.0110 0.5000
0.9559 0.8224 0.5000
-0.2098 -1.7912 0.5000
2.2438 7.1083 0.5000
2.6865 -5.1570 0.5000
-7.5868 10.5481 0.5000
-7.3558 10.5181 0.5000
-4.4191 10.3581 0.5000
-4.2596 10.3624 0.5000
-1.8110 9.7590 0.5000
-1.1731 9.7751 0.5000
1.1250 13.0123 0.5000
-4.2451 10.3149 0.5000
0.9206 12.1431 0.5000
-6.6714 10.2618 0.5000
-4.3043 10.3003 0.5000
-4.1072 10.2578 0.5000
-7.5753 10.3674 0.5000
-7.5877 10.3186 0.5000
-4.4473 10.2575 0.5000
-1.8164 9.7400 0.5000
1.0340 12.8058 0.5000
-3.3465 10.1781 0.5000
1.0444 0.7755 0.5000
-6.4164 10.4320 0.5000
-3.2767 10.0593 0.5000
1.2788 16.1041 0.5000
4.8833 22.8018 0.5000
-3.7934 10.2077 0.5000
-3.3257 10.0472 0.5000
2.8404 14.8517 0.5000
1.1898 0.8091 0.5000
-3.3059 9.9953 0.5000
-3.2769 9.9679 0.5000
-1.9128 9.8779 0.5000
1.0749 0.7178 0.5000
2.4633 8.0441 0.5000
2.1436 7.2352 0.5000
0.8443 0.7241 0.5000
0.5526 6.7006 0.5000
-8.7166 10.6702 0.5000
-4.9151 10.4528 0.5000
-2.2135 9.9193 0.5000
-1.2377 9.8288 0.5000
1.6987 -6.6925 0.5000
-6.3857 10.8769 0.5000
-6.3788 10.9185 0.5000
-1.3918 9.8078 0.5000
-1.3240 9.8270 0.5000
-5.2383 10.4559 0.5000
-5.3606 10.4747 0.5000
-5.1203 10.4194 0.5000
-9.4187 10.3421 0.5000
-2.3503 9.8227 0.5000
0.8210 6.6576 0.5000
1.9494 5.4130 0.5000
2.6371 -1.3226 0.5000
1.6057 -6.7270 0.5000
0.9391 0.8306 0.5000
-0.2662 -1.6375 0.5000
-3.7771 10.2529 0.5000
1.2604 13.6860 0.5000
3.1992 -0.9715 0.5000
-6.4405 10.3904 0.5000
4.7604 22.9111 0.5000
0.9761 12.3563 0.5000
-3.9355 10.2243 0.5000
1.1222 13.5671 0.5000
4.5827 22.9136 0.5000
1.2722 0.7954 0.5000
0.2728 7.8030 0.5000
-6.5521 10.1677 0.5000
-7.0060 10.2069 0.5000
-4.0818 10.1867 0.5000
-1.8787 9.7503 0.5000
-1.1790 9.7444 0.5000
2.1324 1.9741 0.5000
-8.7932 10.4913 0.5000
-5.8147 10.6757 0.5000
-2.6543 10.0617 0.5000
-2.2564 9.8933 0.5000
2.8676 13.4369 0.5000
1.2415 13.8518 0.5000
1.2162 14.0028 0.5000
0.9008 12.3209 0.5000
5.4406 22.8079 0.5000
-3.0963 10.0306 0.5000
0.6370 6.6499 0.5000
2.2567 7.0854 0.5000
0.4551 7.5346 0.5000
0.8929 11.7732 0.5000
1.3317 0.6505 0.5000
0.9378 0.7773 0.5000
-1.8913 9.8165 0.5000
1.2642 13.8424 0.5000
4.7322 22.8833 0.5000
2.5849 -1.7498 0.5000
2.6659 -1.8034 0.5000
-1.9208 9.8480 0.5000
0.9827 12.6656 0.5000
4.5752 23.0452 0.5000
2.5991 8.5385 0.5000
-4.3712 10.2504 0.5000
0.7803 11.5212 0.5000
1.3566 0.7768 0.5000
-9.3215 10.4012 0.5000
-5.3199 10.3604 0.5000
-2.2259 9.7991 0.5000
-1.2762 9.7467 0.5000
-1.3138 9.7461 0.5000
2.1628 7.1021 0.5000
1.2424 -3.4798 0.5000
-0.2290 3.4926 0.5000
1.1338 13.2193 0.5000
1.1345 13.3428 0.5000
1.2563 0.8296 0.5000
0.8320 11.8521 0.5000
-1.7876 -3.2378 0.5000
2.6847 -1.0805 0.5000
1.0412 0.8315 0.5000
-0.9872 -0.4434 0.5000
-3.7675 10.3032 0.5000
1.3356 14.0547 0.5000
-6.5231 10.3196 0.5000
-3.9109 10.3197 0.5000
-6.5116 10.2605 0.5000
-3.8834 10.2520 0.5000
3.1766 14.7086 0.5000
-3.9748 10.2426 0.5000
-1.9937 9.8919 0.5000
1.1793 13.9063 0.5000
3.0255 -6.0260 0.5000
1.3371 0.7152 0.5000
3.0981 -5.7226 0.5000
2.4723 7.9907 0.5000
1.3601 -3.7803 0.5000
0.8890 0.7219 0.5000
-5.0077 10.5141 0.5000
-2.3902 10.0128 0.5000
1.1066 12.8424 0.5000
4.3417 22.9116 0.5000
-5.4277 10.5514 0.5000
-5.1338 10.5027 0.5000
-2.1672 9.8083 0.5000
-9.4059 10.7361 0.5000
-5.3463 10.5405 0.5000
-4.9921 10.4706 0.5000
2.9436 14.7454 0.5000
-9.4350 10.6210 0.5000
-5.1633 10.4138 0.5000
-2.0642 9.7692 0.5000
1.0495 12.7484 0.5000
1.3451 0.8120 0.5000
0.9113 11.9303 0.5000
-3.9117 10.2644 0.5000
2.6052 18.7866 0.5000
-3.8116 10.2209 0.5000
-2.0045 9.8910 0.5000
1.0291 12.9473 0.5000
1.2958 0.7355 0.5000
-6.5162 10.1678 0.5000
-4.0141 10.1612 0.5000
-3.9629 10.1525 0.5000
4.4532 22.9449 0.5000
2.3005 7.1159 0.5000
1.0901 0.8486 0.5000
0.0679 3.6754 0.5000
-5.8581 10.6878 0.5000
1.0697 12.7333 0.5000
2.7936 -0.8702 0.5000
1.9881 -5.9241 0.5000
0.8281 0.7580 0.5000
-2.0730 -3.1037 0.5000
-1.4846 9.8815 0.5000
0.8675 11.8446 0.5000
0.8508 11.8634 0.5000
-1.8425 -3.2035 0.5000
-2.6846 9.8764 0.5000
0.5451 9.2846 0.5000
0.8931 12.2545 0.5000
-0.2835 -1.7678 0.5000
-3.4338 10.2101 0.5000
-9.0725 12.7905 0.5000
-0.8992 9.7176 0.5000
0.9295 12.0312 0.5000
1.1107 0.8541 0.5000
1.1064 13.2664 0.5000
0.8985 11.9006 0.5000
2.9056 21.4599 0.5000
3.1502 15.7131 0.5000
-1.0161 9.7165 0.5000
1.5772 2.2394 0.5000
2.6829 -1.2392 0.5000
-5.7666 10.6391 0.5000
-2.6473 10.0523 0.5000
-2.1459 9.8150 0.5000
-6.4127 10.8776 0.5000
-1.3934 9.7962 0.5000
-1.3003 9.7635 0.5000
0.9987 12.6314 0.5000
-3.2727 10.1760 0.5000
-8.9905 12.8133 0.5000
0.9507 12.0569 0.5000
1.5203 15.1854 0.5000
3.1024 14.8328 0.5000
2.1665 7.1704 0.5000
-9.1121 12.5628 0.5000
0.8631 11.9545 0.5000
-0.1319 8.1093 0.5000
2.6153 -1.5362 0.5000
0.2812 4.3876 0.5000
-9.2930 10.6873 0.5000
-9.3242 10.7039 0.5000
-5.2762 10.5484 0.5000
-2.0720 9.8387 0.5000
1.1009 12.9819 0.5000
4.2391 22.9790 0.5000
-0.2745 3.1833 0.5000
-5.4774 10.5703 0.5000
-5.1460 10.4535 0.5000
-5.0356 10.4009 0.5000
-5.3703 10.4186 0.5000
-1.2721 9.7524 0.5000
0.9834 12.7656 0.5000
2.8071 -5.1579 0.5000
1.2464 0.7381 0.5000
-3.1431 10.1742 0.5000
3.1680 21.4193 0.5000
3.3014 15.7143 0.5000
3.0445 14.8378 0.5000
0.8147 11.8477 0.5000
-4.7766 10.4694 0.5000
-2.2797 9.9566 0.5000
2.6670 -1.3913 0.5000
1.5140 0.6468 0.5000
-5.2060 10.5138 0.5000
-2.2023 9.8650 0.5000
4.1737 22.9969 0.5000
-5.5268 10.5025 0.5000
-9.4652 10.6220 0.5000
-5.3109 10.4705 0.5000
1.6686 0.7104 0.5000
-2.1815 9.7456 0.5000
1.6190 0.8058 0.5000
-0.6781 -1.8132 0.5000
1.4052 0.9152 0.5000
-1.3087 -3.2478 0.5000
-3.4908 10.2136 0.5000
2.4358 9.0919 0.5000
-0.2749 -3.3051 0.5000
-3.5406 10.1062 0.5000
2.7380 20.3373 0.5000
-6.4929 10.2370 0.5000
1.7038 0.9186 0.5000
0.5066 -3.6351 0.5000
-7.4015 10.4822 0.5000
-4.3478 10.3567 0.5000
-2.1676 9.9541 0.5000
1.2183 13.4567 0.5000
-9.3770 10.8080 0.5000
-4.7503 10.4074 0.5000
-4.5903 10.3516 0.5000
0.9556 12.3140 0.5000
4.4686 22.9528 0.5000
-4.7275 10.3609 0.5000
-4.4399 10.3049 0.5000
0.9782 12.4352 0.5000
-7.6723 10.3720 0.5000
-4.6168 10.3025 0.5000
1.1309 13.3996 0.5000
2.0265 -12.3221 0.5000
-9.4146 10.5500 0.5000
-5.0342 10.3446 0.5000
-2.4228 9.9156 0.5000
-2.4650 9.9195 0.5000
-6.2791 10.7791 0.5000
1.0251 12.5202 0.5000
-0.3523 2.4751 0.5000
-6.3692 10.6009 0.5000
-6.3271 10.6248 0.5000
0.9492 12.4146 0.5000
2.1481 0.8669 0.5000
1.2581 -3.5232 0.5000
2.8806 20.2198 0.5000
-3.6331 10.1738 0.5000
1.0884 13.1130 0.5000
2.9275 21.5131 0.5000
0.8034 11.7114 0.5000
2.2334 0.9461 0.5000
2.4867 0.8476 0.5000
-0.8427 -2.4455 0.5000
-4.1239 10.3009 0.5000
1.4674 -12.3259 0.5000
-9.3849 10.8867 0.5000
-7.6599 10.4595 0.5000
-4.6433 10.4289 0.5000
-4.7438 10.4229 0.5000
-7.4945 10.3650 0.5000
-4.3483 10.2641 0.5000
0.9538 12.4880 0.5000
-9.4013 10.6991 0.5000
-4.6955 10.3152 0.5000
-4.6907 10.2826 0.5000
-1.9128 9.7469 0.5000
0.9478 -3.6704 0.5000
3.7334 23.1025 0.5000
-1.8531 -3.2029 0.5000
-2.6101 9.8563 0.5000
0.3474 7.7558 0.5000
2.7374 -5.1314 0.5000
1.1613 -3.7242 0.5000
-3.4197 10.1609 0.5000
0.8721 11.6280 0.5000
1.2128 13.7493 0.5000
0.8198 11.6697 0.5000
-1.8907 -3.1560 0.5000
-3.2351 10.0193 0.5000
0.8159 11.6295 0.5000
3.5303 23.1870 0.5000
0.2581 4.1669 0.5000
-1.0815 9.7295 0.5000
-9.0173 12.7840 0.5000
-0.9443 9.7516 0.5000
1.3283 -3.7839 0.5000
-1.2664 -3.2391 0.5000
-7.7087 10.4969 0.5000
-7.5998 10.4905 0.5000
-4.5491 10.3690 0.5000
-4.3624 10.3532 0.5000
-2.1381 9.9184 0.5000
-4.6982 10.4437 0.5000
-4.3742 10.3039 0.5000
-7.4316 10.3881 0.5000
-4.2905 10.2737 0.5000
0.9622 12.5462 0.5000
-7.7221 10.3097 0.5000
-7.7986 10.3405 0.5000
-4.5940 10.2996 0.5000
-4.4943 10.2762 0.5000
1.8497 7.4014 0.5000
-2.5656 10.0519 0.5000
2.7122 12.6950 0.5000
-0.3555 2.5418 0.5000
0.8496 11.9020 0.5000
-2.9793 10.0051 0.5000
1.1053 13.1983 0.5000
3.1007 15.7552 0.5000
-0.8496 9.7017 0.5000
2.6653 -5.8399 0.5000
0.8697 11.6807 0.5000
1.2697 14.0034 0.5000
4.8299 22.8569 0.5000
-6.7904 10.3030 0.5000
-4.0926 10.2574 0.5000
0.7968 11.6343 0.5000
-8.7142 10.7489 0.5000
1.1712 13.3279 0.5000
2.6242 -1.5934 0.5000
-9.3984 10.7325 0.5000
-9.3522 10.7726 0.5000
-4.8518 10.4694 0.5000
0.9601 12.1659 0.5000
0.9191 12.2040 0.5000
3.2072 15.7329 0.5000
-4.7594 10.3439 0.5000
0.9412 12.2881 0.5000
4.1401 22.9912 0.5000
2.2428 -12.7481 0.5000
-0.6736 -1.7576 0.5000
0.3853 7.0122 0.5000
1.1296 -3.7576 0.5000
-0.7164 -2.5509 0.5000
-8.9773 12.8569 0.5000
0.8551 11.7245 0.5000
1.2094 13.9133 0.5000
-3.3381 10.1275 0.5000
2.2233 7.1731 0.5000
-1.0786 -1.0565 0.5000
-0.9902 9.7227 0.5000
2.7163 19.3978 0.5000
-6.4277 10.3011 0.5000
2.4211 18.7773 0.5000
-6.7017 10.1156 0.5000
-4.1455 10.1907 0.5000
-2.1478 9.8831 0.5000
-1.1222 9.7458 0.5000
2.0563 1.9521 0.5000
1.4393 -3.8077 0.5000
-8.7044 10.6039 0.5000
-2.0304 9.8473 0.5000
-1.2466 9.7900 0.5000
1.1229 13.0830 0.5000
4.3513 22.9048 0.5000
2.6692 -1.4130 0.5000
-5.0448 10.4905 0.5000
-5.2923 10.4674 0.5000
-4.9272 10.4019 0.5000
-4.9992 10.3891 0.5000
1.0221 12.9743 0.5000
-3.0637 10.1120 0.5000
0.9670 12.2896 0.5000
3.2424 14.8750 0.5000
1.4364 15.8195 0.5000
2.0993 2.5882 0.5000
1.5792 -3.5593 0.5000
2.7711 -5.1492 0.5000
-7.5119 10.4702 0.5000
-7.3327 10.4641 0.5000
1.2208 13.5590 0.5000
4.6405 22.8910 0.5000
-4.2974 10.3067 0.5000
-7.1360 10.3040 0.5000
-4.1612 10.2703 0.5000
0.9754 12.5787 0.5000
-7.6492 10.3258 0.5000
-4.4093 10.2046 0.5000
-1.8520 9.7400 0.5000
-0.1662 -1.7068 0.5000
1.5703 15.4948 0.5000
1.1795 13.6236 0.5000
-9.0571 12.6071 0.5000
-2.8200 9.9179 0.5000
0.8639 12.0634 0.5000
-7.1523 10.4009 0.5000
-9.3323 10.8174 0.5000
-4.6431 10.3580 0.5000
0.8264 23.6043 0.5000
-4.5409 10.2953 0.5000
0.9370 12.3758 0.5000
-9.4593 10.5694 0.5000
-9.4552 10.5290 0.5000
-4.9142 10.3317 0.5000
-1.2376 9.7381 0.5000
-2.9394 10.1414 0.5000
1.0022 12.3202 0.5000
0.1843 4.1912 0.5000
1.2422 13.6554 0.5000
2.1941 7.2012 0.5000
0.2673 4.1463 0.5000
-3.3923 10.1319 0.5000
-2.3884 9.9053 0.5000
-0.8632 -2.3323 0.5000
-2.4854 10.0048 0.5000
-6.2431 10.7314 0.5000
-6.4120 10.8430 0.5000
1.7984 7.1587 0.5000
1.0792 -3.7291 0.5000
-1.9894 9.9505 0.5000
1.3171 14.0098 0.5000
4.8575 22.8746 0.5000
-6.6840 10.3143 0.5000
-4.0421 10.2533 0.5000
1.1533 13.9939 0.5000
-5.4229 10.3910 0.5000
-0.6421 -1.7709 0.5000
2.2467 -1.2563 0.5000
0.7975 -3.5438 0.5000
-2.8940 9.9614 0.5000
1.4825 15.2128 0.5000
1.1410 13.4032 0.5000
0.1767 -0.1546 0.5000
-4.6270 10.2614 0.5000
-4.7450 10.2732 0.5000
-1.9963 9.7974 0.5000
-2.3397 9.9394 0.5000
-2.4017 10.0030 0.5000
0.9189 11.8511 0.5000
-9.4323 10.5477 0.5000
-5.2200 10.4327 0.5000
-2.7511 9.9692 0.5000
-2.8375 9.9764 0.5000
1.1450 13.4671 0.5000
-9.1233 12.5248 0.5000
-7.4842 10.4557 0.5000
-7.3518 10.4684 0.5000
-2.1015 9.9569 0.5000
-9.4062 10.8664 0.5000
-7.6340 10.4725 0.5000
-4.5938 10.3322 0.5000
-7.3667 10.3747 0.5000
-6.5951 10.2154 0.5000
-4.0024 10.2209 0.5000
-7.4243 10.3168 0.5000
-7.5229 10.3350 0.5000
-4.3715 10.2267 0.5000
-4.3434 10.2025 0.5000
0.2250 3.6428 0.5000
-6.2179 10.7621 0.5000
-2.7490 10.0582 0.5000
-2.3223 9.8642 0.5000
0.8394 11.7798 0.5000
2.7421 0.6880 0.5000
-1.7793 -3.2515 0.5000
-2.7707 9.8783 0.5000
2.7016 0.7683 0.5000
0.5410 4.9666 0.5000
0.0423 -2.3053 0.5000
2.6101 18.7286 0.5000
4.9266 22.8361 0.5000
1.4174 16.0799 0.5000
-3.5605 10.1173 0.5000
2.9684 0.5907 0.5000
-0.3786 2.5901 0.5000
-4.8597 10.3604 0.5000
1.0647 13.2197 0.5000
2.4646 0.7262 0.5000
-9.3902 10.4796 0.5000
-5.2035 10.3941 0.5000
2.5898 0.6312 0.5000
-2.0294 -3.1541 0.5000
0.8757 12.0081 0.5000
1.3287 14.9899 0.5000
-3.7031 10.1299 0.5000
-6.5697 10.3086 0.5000
-4.0757 10.3129 0.5000
2.0938 0.7761 0.5000
4.6618 22.8886 0.5000
2.1931 0.7775 0.5000
-7.5803 10.4433 0.5000
-7.2873 10.2709 0.5000
-6.8190 10.1783 0.5000
-4.2459 10.2319 0.5000
1.1430 13.6309 0.5000
2.3615 0.7698 0.5000
0.2313 -0.1363 0.5000
1.9895 0.7179 0.5000
0.9525 -3.7050 0.5000
-2.3457 10.0105 0.5000
1.7737 -6.2541 0.5000
5.3874 21.0796 0.5000
3.9776 23.0441 0.5000
-2.3148 9.8322 0.5000
2.5349 0.7484 0.5000
2.0625 0.8265 0.5000
1.1764 -3.7754 0.5000
1.1762 13.2875 0.5000
-3.7323 10.2093 0.5000
-3.4289 10.0770 0.5000
-6.5963 10.1257 0.5000
2.5888 8.6080 0.5000
-9.4079 10.7595 0.5000
-4.9994 10.4230 0.5000
-4.7537 10.3540 0.5000
4.1560 23.0011 0.5000
-0.8281 -3.2965 0.5000
-5.0875 10.3003 0.5000
-2.0119 9.7343 0.5000
1.6477 -6.7513 0.5000
-0.2162 3.5528 0.5000
-9.0116 12.8024 0.5000
1.0289 12.4678 0.5000
2.2566 7.0290 0.5000
2.0935 0.7173 0.5000
1.2306 13.8405 0.5000
1.2423 13.9673 0.5000
2.1276 0.7948 0.5000
2.2047 0.7688 0.5000
-1.2974 -3.1849 0.5000
0.4504 7.6662 0.5000
-1.6118 9.7940 0.5000
-1.6583 9.7983 0.5000
0.7241 9.2426 0.5000
2.0288 0.8303 0.5000
-1.5382 -3.0923 0.5000
-0.5069 9.6341 0.5000
1.4636 14.9963 0.5000
-0.1083 4.0606 0.5000
-0.7331 9.7088 0.5000
0.8591 12.1404 0.5000
1.3215 14.8495 0.5000
2.6748 20.4196 0.5000
-6.5470 10.1460 0.5000
-3.9342 10.1496 0.5000
-1.7391 9.7632 0.5000
-1.7732 9.7682 0.5000
-0.8399 9.6912 0.5000
2.1396 0.8150 0.5000
-0.9157 -0.4360 0.5000
2.6495 8.7682 0.5000
-8.8115 10.1111 0.5000
-9.5060 10.0636 0.5000
-9.4753 10.1930 0.5000
-9.4591 10.0914 0.5000
-9.4553 10.1384 0.5000
-9.5041 10.0075 0.5000
-8.8581 9.9052 0.5000
1.6712 -6.5646 0.5000
1.2793 16.0849 0.5000
1.2467 14.9143 0.5000
4.6722 22.9450 0.5000
2.6419 8.7109 0.5000
2.3026 7.0863 0.5000
2.2244 7.0314 0.5000
0.8002 11.2483 0.5000
1.8705 0.6493 0.5000
0.9106 11.8247 0.5000
1.2567 13.7961 0.5000
1.9058 0.7365 0.5000
1.1827 16.1194 0.5000
1.9733 0.6510 0.5000
-9.5433 9.9053 0.5000
2.2660 6.9016 0.5000
2.2463 7.0725 0.5000
2.2483 6.9893 0.5000
2.1608 0.6511 0.5000
1.2219 -3.7691 0.5000
-2.3251 9.9555 0.5000
-11.4681 8.8181 0.5000
-9.7364 8.8183 0.5000
0.8114 11.4124 0.5000
-20.0649 8.9580 0.5000
-9.5146 9.9761 0.5000
-0.9199 9.6977 0.5000
-9.1121 8.4893 0.5000
1.9844 0.6193 0.5000
-0.4110 8.5433 0.5000
2.6881 8.4872 0.5000
-0.4446 8.4576 0.5000
-9.7041 9.1265 0.5000
-9.6595 9.1517 0.5000
-9.4261 10.4141 0.5000
4.6521 22.8447 0.5000
-0.4606 8.4503 0.5000
-9.6585 9.0878 0.5000
-9.4696 10.3171 0.5000
-9.4089 10.3644 0.5000
0.8308 11.5530 0.5000
2.3802 7.3964 0.5000
1.9619 7.4949 0.5000
2.3498 7.5623 0.5000
2.2983 7.3148 0.5000
2.2240 6.8360 0.5000
-9.2484 8.1628 0.5000
-8.1578 8.2399 0.5000
-8.9687 9.3531 0.5000
-9.3870 10.6918 0.5000
-3.5164 10.2191 0.5000
0.7574 11.3325 0.5000
1.4643 15.1111 0.5000
2.2258 6.9489 0.5000
-9.3093 10.5364 0.5000
-6.3386 10.9742 0.5000
2.2550 6.8154 0.5000
-8.0306 7.9645 0.5000
-9.3519 10.3436 0.5000
-19.1357 14.2720 0.5000
0.6884 11.1172 0.5000
0.7210 11.2578 0.5000
1.2600 14.8329 0.5000
2.2758 6.9920 0.5000
-7.3725 7.7778 0.5000
-9.7555 8.8258 0.5000
-9.3913 10.0690 0.5000
-4.1119 10.0736 0.5000
2.3303 7.0317 0.5000
1.8563 7.0386 0.5000
0.6032 5.1402 0.5000
0.4544 6.8301 0.5000
-0.4297 8.4169 0.5000
1.8097 0.7067 0.5000
0.7738 11.1745 0.5000
1.5685 0.6457 0.5000
-7.3692 7.8250 0.5000
-7.3970 7.8977 0.5000
-9.7851 8.8806 0.5000
-9.7592 8.9444 0.5000
0.8012 11.5497 0.5000
2.1919 6.7625 0.5000
0.6156 11.1609 0.5000
4.0860 23.0547 0.5000
1.7859 0.7449 0.5000
-7.3685 7.5851 0.5000
-7.3989 7.6253 0.5000
-9.8166 8.5882 0.5000
-9.7534 8.5593 0.5000
1.0762 13.2584 0.5000
1.7070 0.6147 0.5000
2.3497 7.6095 0.5000
2.2470 6.8859 0.5000
2.0491 1.9460 0.5000
2.4849 9.0954 0.5000
2.3963 7.8725 0.5000
-0.4579 8.5093 0.5000
-7.3509 8.0625 0.5000
-7.5227 8.1015 0.5000
-19.9932 9.4365 0.5000
-8.8195 10.2515 0.5000
-9.4571 10.4068 0.5000
-6.3353 10.9234 0.5000
-7.7361 8.0734 0.5000
-7.7518 8.0473 0.5000
0.7109 11.1335 0.5000
-9.7200 8.8739 0.5000
2.2365 6.7602 0.5000
1.8348 0.6730 0.5000
0.3269 2.8500 0.5000
2.1433 9.1375 0.5000
2.1963 6.7267 0.5000
2.1280 1.9116 0.5000
1.3443 -3.8087 0.5000
-7.7656 8.0864 0.5000
-7.9944 8.1172 0.5000
-20.0005 9.3375 0.5000
-9.6582 9.2486 0.5000
2.2069 6.7234 0.5000
-7.4900 7.1154 0.5000
-7.8827 8.0740 0.5000
-8.0885 8.1249 0.5000
-9.7340 9.1709 0.5000
-7.4384 7.0520 0.5000
-8.0791 8.0249 0.5000
-8.1170 8.0598 0.5000
-9.6724 9.1498 0.5000
-8.9546 9.1681 0.5000
0.7327 11.1553 0.5000
1.0788 16.1082 0.5000
-20.8218 3.6227 0.5000
-7.7684 7.8830 0.5000
-9.0035 8.9743 0.5000
2.2598 6.7864 0.5000
2.9526 -1.4701 0.5000
1.5951 0.6674 0.5000
-0.2537 -1.6975 0.5000
-19.2393 3.1774 0.5000
-10.1208 5.8423 0.5000
-7.4167 7.6565 0.5000
-7.3937 7.6849 0.5000
-9.1289 8.6329 0.5000
-8.8780 9.8363 0.5000
-9.5798 9.8703 0.5000
0.3574 11.1760 0.5000
1.0547 12.6963 0.5000
0.6125 9.4010 0.5000
0.5823 11.1846 0.5000
0.7800 11.3849 0.5000
2.8480 20.2737 0.5000
0.6263 11.1491 0.5000
-7.3618 7.5105 0.5000
0.2983 11.1691 0.5000
0.5617 11.1418 0.5000
-9.5828 5.5074 0.5000
-7.4161 7.3112 0.5000
-7.3508 7.3333 0.5000
-9.7614 8.1572 0.5000
-9.7151 8.1672 0.5000
-8.9062 9.4484 0.5000
0.7590 11.4713 0.5000
2.2557 6.8632 0.5000
2.1975 6.8625 0.5000
0.3164 6.7361 0.5000
2.3945 7.9035 0.5000
0.8829 -3.6648 0.5000
-9.6418 6.1268 0.5000
-4.8296 8.2351 0.5000
-4.8975 8.2320 0.5000
-5.5538 8.9181 0.5000
-9.1040 8.7656 0.5000
0.4496 11.1910 0.5000
2.7117 12.6029 0.5000
-7.3882 7.7037 0.5000
-11.4123 8.5127 0.5000
-9.8036 8.6854 0.5000
0.8400 11.3950 0.5000
2.7015 12.3145 0.5000
-11.3801 8.4884 0.5000
0.3060 11.1538 0.5000
2.6697 12.7613 0.5000
2.2344 6.6768 0.5000
-9.5634 5.5742 0.5000
-7.3561 7.4323 0.5000
-9.5734 8.2789 0.5000
2.6288 8.1734 0.5000
2.5494 8.1278 0.5000
2.5997 8.4413 0.5000
-0.5115 8.5314 0.5000
-10.2526 4.0334 0.5000
-9.6254 5.7301 0.5000
-9.6244 5.7788 0.5000
-4.8049 8.0622 0.5000
-4.8392 8.1098 0.5000
1.2793 14.1170 0.5000
2.8553 13.7326 0.5000
2.7957 12.3234 0.5000
-7.4113 7.4559 0.5000
-7.4497 7.5021 0.5000
0.2690 11.2057 0.5000
0.7543 11.2843 0.5000
2.8637 12.2865 0.5000
0.7431 11.3316 0.5000
2.6494 12.6867 0.5000
2.8687 12.3274 0.5000
-10.1038 3.8201 0.5000
-18.4874 2.4792 0.5000
1.1669 14.0790 0.5000
2.2607 -12.3681 0.5000
-10.2829 4.9183 0.5000
-7.4217 7.1819 0.5000
1.9407 7.5369 0.5000
1.6269 -3.5483 0.5000
-10.2043 4.2283 0.5000
0.4815 11.1563 0.5000
0.7918 11.2443 0.5000
2.8476 13.4618 0.5000
2.8247 12.2970 0.5000
2.9071 12.2663 0.5000
2.2119 6.5723 0.5000
1.8291 0.6248 0.5000
0.3101 -0.1229 0.5000
0.4655 6.8956 0.5000
-10.1528 3.2756 0.5000
-10.2131 4.9388 0.5000
1.4482 -3.7656 0.5000
-10.0999 4.9396 0.5000
-10.1357 4.9048 0.5000
-1.7438 11.4908 0.5000
0.8143 11.4562 0.5000
-1.7580 11.3786 0.5000
-1.7388 11.4337 0.5000
2.9012 14.2704 0.5000
0.5948 7.4670 0.5000
-10.0113 4.3456 0.5000
-1.7701 11.3368 0.5000
2.6765 8.4291 0.5000
0.5153 7.1486 0.5000
1.7733 0.6882 0.5000
2.9703 12.2762 0.5000
-1.9196 10.3858 0.5000
-1.9117 10.4243 0.5000
-6.3009 12.3426 0.5000
-2.2384 11.4231 0.5000
0.7604 11.4210 0.5000
3.0380 12.2884 0.5000
-6.3215 12.2665 0.5000
-6.2972 12.3364 0.5000
-2.3321 11.4285 0.5000
2.2151 6.5308 0.5000
-6.3333 12.2399 0.5000
-2.2613 11.3833 0.5000
-2.1633 11.3702 0.5000
0.4994 11.1351 0.5000
1.1449 13.6730 0.5000
2.5954 12.4943 0.5000
2.3536 7.3409 0.5000
2.2585 6.6483 0.5000
-1.9255 10.3432 0.5000
2.4043 7.5403 0.5000
2.3287 6.9173 0.5000
0.5320 7.1607 0.5000
0.2921 9.8522 0.5000
-1.9523 10.3042 0.5000
-1.7070 11.5441 0.5000
2.9081 14.0498 0.5000
3.0042 12.2467 0.5000
2.1878 6.6604 0.5000
0.4679 9.8320 0.5000
-1.9398 10.2896 0.5000
-6.9070 11.9829 0.5000
-6.9423 12.0251 0.5000
-4.3675 12.0262 0.5000
-2.8781 11.4930 0.5000
2.7485 13.1323 0.5000
2.7851 12.2977 0.5000
3.1003 12.2438 0.5000
-6.9268 11.9376 0.5000
-3.1723 11.5542 0.5000
-2.6755 11.4048 0.5000
2.7049 13.0242 0.5000
2.2216 6.6378 0.5000
0.3945 9.8086 0.5000
-1.9567 10.2447 0.5000
-1.9563 10.2889 0.5000
-6.9552 11.9450 0.5000
-2.7712 11.3911 0.5000
-2.6592 11.3756 0.5000
-1.7576 11.4242 0.5000
-1.7599 11.4669 0.5000
0.9872 12.7036 0.5000
3.0092 14.5600 0.5000
2.2529 6.7022 0.5000
2.2076 6.4387 0.5000
0.4590 9.7904 0.5000
-1.9642 10.1656 0.5000
1.7709 0.5607 0.5000
0.6360 9.7923 0.5000
0.6788 9.7736 0.5000
0.0752 9.8918 0.5000
0.1379 9.8863 0.5000
1.0401 -3.7309 0.5000
-0.0934 8.0512 0.5000
0.7450 9.7856 0.5000
0.2857 9.8317 0.5000
-6.9963 11.4436 0.5000
-6.9972 11.4764 0.5000
-1.9014 11.3772 0.5000
-1.8217 11.3820 0.5000
-1.1132 11.4014 0.5000
-1.0868 11.4401 0.5000
0.7212 11.0986 0.5000
2.7794 13.1248 0.5000
2.1268 6.3925 0.5000
0.3971 7.7100 0.5000
-2.6854 10.6118 0.5000
-6.7950 12.3190 0.5000
-6.4345 12.2880 0.5000
-2.0220 11.3872 0.5000
-1.8787 11.3813 0.5000
-1.2212 11.4230 0.5000
3.1802 12.2313 0.5000
-2.6581 10.5837 0.5000
-7.0332 11.3728 0.5000
-6.7169 12.2746 0.5000
-6.3561 12.2130 0.5000
-1.9899 11.3665 0.5000
-1.8403 11.3073 0.5000
-1.1674 11.4373 0.5000
2.6042 12.5301 0.5000
2.1788 6.3860 0.5000
0.1899 7.8591 0.5000
-6.5458 12.1822 0.5000
-6.4400 12.1697 0.5000
-1.9467 11.3268 0.5000
-1.8657 11.3464 0.5000
-1.1729 11.3622 0.5000
-1.1462 11.3713 0.5000
1.4610 15.9324 0.5000
2.7121 13.2938 0.5000
2.7247 12.2940 0.5000
3.0593 12.2380 0.5000
1.8285 6.5887 0.5000
0.3528 9.7978 0.5000
-2.2251 11.3266 0.5000
0.6701 11.0975 0.5000
0.6810 11.0468 0.5000
2.3040 6.8703 0.5000
0.5860 9.7984 0.5000
0.0115 9.8617 0.5000
0.2193 9.8391 0.5000
0.3492 9.8116 0.5000
-0.2600 9.9421 0.5000
-1.9392 10.2030 0.5000
-7.0224 11.5084 0.5000
-5.2498 12.0595 0.5000
2.7930 13.3199 0.5000
-0.2453 9.9409 0.5000
-1.9352 10.1750 0.5000
-5.2854 12.0481 0.5000
2.2617 6.6667 0.5000
1.9803 7.4499 0.5000
-0.3114 9.9116 0.5000
-7.0118 11.4255 0.5000
-7.0067 11.4662 0.5000
2.6340 12.7445 0.5000
2.4398 7.4991 0.5000
2.3600 7.2251 0.5000
1.8587 6.8339 0.5000
0.1069 7.9056 0.5000
0.6375 9.7470 0.5000
0.3223 9.7991 0.5000
-0.2786 9.8984 0.5000
-0.3406 9.8972 0.5000
-6.3080 12.1994 0.5000
2.7163 13.4912 0.5000
2.4163 7.5904 0.5000
2.4230 7.3989 0.5000
2.3002 6.7642 0.5000
2.2743 6.4267 0.5000
0.6739 4.7384 0.5000
0.6977 9.7459 0.5000
-0.1769 9.8937 0.5000
-0.1146 9.8989 0.5000
2.6212 8.0719 0.5000
2.6075 8.0317 0.5000
2.4572 7.7330 0.5000
2.4562 7.6655 0.5000
0.7709 9.7435 0.5000
0.5098 9.7833 0.5000
1.5257 0.5081 0.5000
-0.1084 -3.5002 0.5000
0.7556 9.7579 0.5000
-0.0684 9.8956 0.5000
-0.0081 9.8942 0.5000
-0.7845 10.0321 0.5000
-6.9704 11.6013 0.5000
-6.2523 12.4423 0.5000
1.5319 15.8942 0.5000
4.6277 22.8478 0.5000
2.9244 13.9206 0.5000
2.6509 12.2968 0.5000
2.9958 12.2445 0.5000
3.3430 12.1875 0.5000
-0.7205 10.0344 0.5000
-0.8070 10.0318 0.5000
-6.9893 11.5432 0.5000
-6.9897 11.5719 0.5000
-5.1775 12.0396 0.5000
-1.6882 11.5078 0.5000
-0.8099 9.9869 0.5000
-0.9376 10.0310 0.5000
-7.0048 11.5687 0.5000
-2.6600 11.3322 0.5000
-2.6412 11.3832 0.5000
-1.5719 11.4542 0.5000
2.8270 21.4712 0.5000
-0.8631 9.9813 0.5000
-1.6670 11.4442 0.5000
2.5764 12.3714 0.5000
3.2418 12.2464 0.5000
2.6078 7.9605 0.5000
2.2581 6.5078 0.5000
1.9054 7.0730 0.5000
0.2103 -3.4414 0.5000
0.8090 9.7426 0.5000
0.0328 9.8467 0.5000
0.0723 9.8422 0.5000
-0.6203 9.9417 0.5000
2.4573 7.8294 0.5000
2.3994 7.0589 0.5000
0.7476 9.7441 0.5000
0.8901 9.7366 0.5000
0.9220 9.7384 0.5000
2.0984 6.3781 0.5000
1.6546 0.5871 0.5000
0.9898 9.7298 0.5000
0.8045 9.7735 0.5000
-0.4729 9.9776 0.5000
-0.4463 9.9849 0.5000
-1.5460 10.1660 0.5000
-2.6487 10.5644 0.5000
-1.0735 11.4532 0.5000
0.0213 11.2174 0.5000
0.8561 9.7531 0.5000
-0.3111 9.9590 0.5000
-0.3868 9.9519 0.5000
-1.2962 10.1344 0.5000
-1.3191 10.1194 0.5000
-2.2824 10.5197 0.5000
-2.4872 10.5426 0.5000
-6.9962 11.7341 0.5000
-6.9415 11.7837 0.5000
-2.4283 11.4632 0.5000
-0.1436 11.2222 0.5000
-0.0695 11.2632 0.5000
2.8582 13.8205 0.5000
-1.3709 10.1466 0.5000
-2.1708 10.4602 0.5000
-2.5009 10.5201 0.5000
-6.9661 11.6778 0.5000
-2.4666 11.4064 0.5000
-2.1642 11.4438 0.5000
-0.9667 11.3822 0.5000
-0.3556 9.9184 0.5000
-1.3102 10.0600 0.5000
-1.3912 10.0990 0.5000
-2.3329 10.4502 0.5000
-2.5916 10.4720 0.5000
-2.3640 11.4036 0.5000
-2.1271 11.3676 0.5000
-1.0056 11.3704 0.5000
2.3917 7.1338 0.5000
1.8550 6.7966 0.5000
0.5590 7.3617 0.5000
1.0437 9.7294 0.5000
0.1863 9.8360 0.5000
-1.2241 10.0754 0.5000
-1.2983 10.0491 0.5000
-2.0559 10.4026 0.5000
-2.0563 10.3950 0.5000
-2.5117 11.3838 0.5000
-0.1586 11.2251 0.5000
2.3540 7.2510 0.5000
2.3609 7.0004 0.5000
2.0263 7.4175 0.5000
0.5448 6.9497 0.5000
-0.9057 9.9931 0.5000
1.8564 0.6824 0.5000
0.2931 -3.5528 0.5000
0.9296 9.7558 0.5000
-0.0002 9.9024 0.5000
-0.5518 9.9848 0.5000
-0.6389 11.3318 0.5000
5.1084 11.8887 0.5000
5.1888 11.8734 0.5000
1.6478 0.6981 0.5000
-1.4290 10.1353 0.5000
-2.3116 10.5016 0.5000
-2.4427 10.5151 0.5000
-2.4528 11.4817 0.5000
-0.9703 11.4025 0.5000
-0.9495 11.4106 0.5000
1.4823 15.3586 0.5000
2.8087 13.5689 0.5000
-2.4284 10.4932 0.5000
-7.0124 11.6252 0.5000
-1.4817 11.5582 0.5000
1.2112 14.8368 0.5000
5.9354 11.7968 0.5000
-0.4873 9.9292 0.5000
-1.4832 10.1099 0.5000
-2.5271 10.4878 0.5000
-1.3826 11.5073 0.5000
5.0733 11.9354 0.5000
0.5385 7.0011 0.5000
-0.4010 9.9272 0.5000
-2.1920 10.4118 0.5000
-2.1176 10.3918 0.5000
-1.0585 11.3537 0.5000
2.6763 12.8308 0.5000
4.8893 11.9686 0.5000
5.7906 11.8509 0.5000
2.4100 7.3262 0.5000
2.2984 6.4979 0.5000
2.0381 7.4862 0.5000
2.0081 -12.1362 0.5000
-0.5333 9.9628 0.5000
0.1263 11.2320 0.5000
2.6998 12.5163 0.5000
7.0651 11.8633 0.5000
8.1959 11.3306 0.5000
8.1195 11.3380 0.5000
12.4860 10.5925 0.5000
12.5005 10.5967 0.5000
-1.2979 10.0607 0.5000
-5.2785 11.0024 0.5000
-5.6193 11.0676 0.5000
-6.8918 12.1585 0.5000
-1.5315 11.4898 0.5000
-1.3321 11.4311 0.5000
-0.0108 11.2199 0.5000
1.6805 15.9445 0.5000
4.8190 22.8497 0.5000
2.6130 12.4088 0.5000
5.0303 11.8913 0.5000
5.0598 11.8739 0.5000
6.0613 11.7431 0.5000
7.8636 11.4198 0.5000
8.0075 11.3878 0.5000
-5.3374 10.9735 0.5000
-6.0353 11.0766 0.5000
-6.9188 12.0781 0.5000
-6.8962 12.1194 0.5000
-1.4994 11.4586 0.5000
5.0391 11.9468 0.5000
5.1181 11.9100 0.5000
7.9113 11.4581 0.5000
8.1032 11.4265 0.5000
-0.5059 9.9454 0.5000
-5.7836 10.9937 0.5000
-6.4829 11.0623 0.5000
-6.8887 12.0447 0.5000
-1.2087 11.3875 0.5000
7.0550 11.9781 0.5000
7.9519 11.4880 0.5000
8.0975 11.4668 0.5000
12.5151 10.8723 0.5000
12.4993 10.8234 0.5000
2.2529 6.3717 0.5000
-1.2008 10.0143 0.5000
-1.1527 10.0200 0.5000
-5.2543 10.8583 0.5000
-1.5379 11.4182 0.5000
-0.0108 11.1888 0.5000
4.9331 11.9839 0.5000
5.9334 11.8218 0.5000
2.3643 7.1679 0.5000
2.3056 6.8141 0.5000
1.9857 7.3715 0.5000
1.8540 6.7178 0.5000
0.5234 6.8619 0.5000
0.7562 11.1235 0.5000
0.2321 -3.5686 0.5000
0.5155 9.8090 0.5000
-1.0939 10.0627 0.5000
-3.4810 10.7094 0.5000
2.8470 13.3093 0.5000
5.1697 11.8475 0.5000
5.2350 11.8215 0.5000
7.0825 11.7948 0.5000
12.4253 10.2791 0.5000
12.2298 9.0433 0.5000
-0.9915 10.0886 0.5000
-1.0447 10.0726 0.5000
-3.1813 10.6525 0.5000
-3.3454 10.6795 0.5000
0.1943 11.1956 0.5000
7.0802 11.8212 0.5000
8.3162 11.3285 0.5000
8.4609 11.2938 0.5000
-0.9548 10.0200 0.5000
-3.2566 10.6392 0.5000
-3.4045 10.6830 0.5000
2.7445 12.9863 0.5000
5.2353 11.8644 0.5000
8.3832 11.3130 0.5000
9.5912 11.4429 0.5000
2.2870 6.5996 0.5000
-1.0004 10.0289 0.5000
-1.0824 10.0273 0.5000
-3.3761 10.6407 0.5000
-3.5495 10.6351 0.5000
1.3313 14.7977 0.5000
1.8934 15.8951 0.5000
2.7760 13.4063 0.5000
2.6346 12.4758 0.5000
5.1881 11.9035 0.5000
7.0623 11.9216 0.5000
8.3728 11.3683 0.5000
9.5756 11.4715 0.5000
12.4524 10.5182 0.5000
12.4391 10.4733 0.5000
12.2313 9.3022 0.5000
12.2276 9.2716 0.5000
0.4628 6.9378 0.5000
-3.0915 10.5421 0.5000
-2.8974 10.5274 0.5000
-1.7440 11.3819 0.5000
0.0239 11.1931 0.5000
2.3303 6.6242 0.5000
2.1739 0.7109 0.5000
0.6180 7.6266 0.5000
-0.6617 9.9911 0.5000
2.1511 6.5049 0.5000
10.5132 8.9509 0.5000
5.7775 9.3951 0.5000
1.6079 0.5084 0.5000
0.1954 9.8743 0.5000
-0.1922 9.9417 0.5000
-1.9723 10.4068 0.5000
-1.9877 10.4520 0.5000
-5.0568 10.9573 0.5000
-5.1249 10.9758 0.5000
-0.4446 11.3086 0.5000
0.1333 11.1989 0.5000
2.4294 18.3620 0.5000
4.3840 22.8893 0.5000
2.7632 13.0079 0.5000
2.6606 12.7343 0.5000
5.3430 11.8435 0.5000
5.3562 11.8232 0.5000
7.0557 11.6903 0.5000
7.0476 11.6970 0.5000
9.5518 11.1512 0.5000
12.3836 10.0652 0.5000
10.5510 9.1816 0.5000
10.5389 9.1491 0.5000
8.2745 8.7772 0.5000
8.0417 8.7833 0.5000
0.2489 9.8683 0.5000
-0.1054 9.9270 0.5000
-0.6169 9.9531 0.5000
-1.8975 10.4275 0.5000
-4.7412 10.8891 0.5000
-5.0593 10.9441 0.5000
-0.4840 11.2729 0.5000
-0.3766 11.2728 0.5000
2.8831 13.9586 0.5000
5.2785 11.8561 0.5000
5.3695 11.8970 0.5000
7.0626 11.7464 0.5000
9.5909 11.2708 0.5000
9.5594 11.2045 0.5000
12.4061 10.1954 0.5000
12.3763 10.1035 0.5000
8.4672 8.7564 0.5000
8.0034 8.8326 0.5000
2.2407 6.3876 0.5000
1.9192 7.3492 0.5000
-1.4603 10.0978 0.5000
-2.0362 10.4448 0.5000
-4.8810 10.8645 0.5000
-5.2233 10.9152 0.5000
-0.2364 11.2372 0.5000
7.0475 11.7693 0.5000
7.0341 11.7446 0.5000
9.5723 11.3308 0.5000
12.3980 10.1766 0.5000
10.5639 9.2838 0.5000
10.5871 9.2050 0.5000
8.3165 8.8396 0.5000
7.8962 8.9149 0.5000
0.9959 9.6981 0.5000
-0.6644 9.9269 0.5000
-1.4074 10.0785 0.5000
-4.9077 10.8113 0.5000
-4.9767 10.8148 0.5000
-2.6617 11.2904 0.5000
0.0204 11.1462 0.5000
0.0650 11.1360 0.5000
1.1799 13.7209 0.5000
1.4150 15.8913 0.5000
2.0335 15.8966 0.5000
2.5723 12.3486 0.5000
4.8031 12.2293 0.5000
5.2068 11.9308 0.5000
7.0375 11.8977 0.5000
5.8914 9.5994 0.5000
5.8497 9.6117 0.5000
5.1111 9.3772 0.5000
2.4091 7.4479 0.5000
2.3003 6.5076 0.5000
0.2981 -0.1453 0.5000
0.5781 7.3191 0.5000
-4.0639 10.6423 0.5000
-0.6641 11.2467 0.5000
0.6294 11.0981 0.5000
0.5802 11.0994 0.5000
4.6039 9.3588 0.5000
1.8090 0.5739 0.5000
-0.0614 9.9209 0.5000
3.8111 12.1323 0.5000
14.9074 8.3457 0.5000
8.5966 8.6752 0.5000
8.6156 8.6596 0.5000
5.2252 9.2652 0.5000
5.1521 9.2925 0.5000
3.9197 9.4686 0.5000
-1.7203 10.1846 0.5000
-1.7969 10.1514 0.5000
-5.7948 11.0679 0.5000
1.4933 15.7148 0.5000
2.0827 15.8919 0.5000
4.2380 22.9320 0.5000
2.7440 13.0915 0.5000
4.9178 11.9323 0.5000
4.9544 11.9148 0.5000
8.4246 11.2565 0.5000
5.4711 9.2428 0.5000
5.3135 9.2379 0.5000
4.0621 9.4600 0.5000
3.9716 9.4824 0.5000
-1.8290 10.1723 0.5000
-5.5319 11.0085 0.5000
-5.9190 11.0787 0.5000
2.9924 14.4049 0.5000
8.4018 11.3512 0.5000
5.5000 9.2746 0.5000
5.2922 9.2901 0.5000
4.0201 9.4716 0.5000
3.9206 9.5278 0.5000
-5.9091 11.0406 0.5000
-6.4195 11.0975 0.5000
4.8206 12.2759 0.5000
9.5650 11.3637 0.5000
5.3550 9.2866 0.5000
5.2466 9.3013 0.5000
4.0069 9.5338 0.5000
-1.8311 10.1267 0.5000
-2.5881 10.4472 0.5000
-5.8639 10.9735 0.5000
2.6420 12.6274 0.5000
4.8056 12.3884 0.5000
6.0015 11.7977 0.5000
8.2754 11.4571 0.5000
12.4459 10.5292 0.5000
12.4232 10.5603 0.5000
10.4636 8.4740 0.5000
5.5986 9.2966 0.5000
5.5686 9.3030 0.5000
4.1215 9.5141 0.5000
2.0790 0.5040 0.5000
5.7364 9.4440 0.5000
4.7689 9.3482 0.5000
3.7857 9.5159 0.5000
3.7029 9.5192 0.5000
2.6920 12.6108 0.5000
4.9358 11.8962 0.5000
12.3853 10.0230 0.5000
8.4525 8.6726 0.5000
5.2785 9.2411 0.5000
3.3135 9.5946 0.5000
3.2629 9.5993 0.5000
-0.7011 9.9925 0.5000
-3.3320 10.6366 0.5000
1.0667 12.9642 0.5000
2.9343 14.6991 0.5000
2.7866 13.1528 0.5000
2.6367 12.5910 0.5000
4.8076 11.9431 0.5000
4.8576 11.9450 0.5000
6.0292 11.7359 0.5000
7.1002 11.8535 0.5000
5.3988 9.2274 0.5000
4.1289 9.4718 0.5000
3.3588 9.5917 0.5000
-0.7996 9.9818 0.5000
-3.5091 10.6567 0.5000
5.4044 9.2851 0.5000
3.2930 9.6468 0.5000
-3.6867 10.6496 0.5000
-8.7158 11.4844 0.5000
1.0129 13.0029 0.5000
5.3093 9.3229 0.5000
3.9877 9.5363 0.5000
3.3115 9.6172 0.5000
-3.5073 10.5866 0.5000
-7.0275 11.2866 0.5000
4.8295 11.9723 0.5000
8.4259 11.4277 0.5000
12.4348 10.3894 0.5000
14.9422 8.6738 0.5000
14.9387 8.7083 0.5000
9.0572 8.7659 0.5000
9.1903 8.7544 0.5000
5.5042 9.3119 0.5000
4.1719 9.5147 0.5000
3.4291 9.6100 0.5000
3.3774 9.6275 0.5000
0.1264 9.8424 0.5000
-0.5717 9.9462 0.5000
4.3882 9.3906 0.5000
3.5974 9.5464 0.5000
3.0806 9.6333 0.5000
3.0397 9.6494 0.5000
-0.6306 10.0048 0.5000
-1.2155 10.1079 0.5000
-2.8738 10.6242 0.5000
-2.7124 10.6327 0.5000
2.7465 12.9232 0.5000
3.8404 12.0956 0.5000
4.8132 12.1273 0.5000
7.0678 11.5146 0.5000
7.0272 11.5497 0.5000
12.4706 10.7213 0.5000
12.2454 9.4575 0.5000
12.2552 9.4802 0.5000
10.4684 8.6909 0.5000
6.7502 8.9724 0.5000
4.7412 9.3233 0.5000
3.8392 9.5292 0.5000
3.2303 9.6418 0.5000
3.1526 9.6192 0.5000
-1.1207 10.0851 0.5000
-2.6373 10.5115 0.5000
3.7458 23.0311 0.5000
7.0491 11.6452 0.5000
10.5125 10.9850 0.5000
12.5177 10.9361 0.5000
12.2988 9.7174 0.5000
10.5022 8.8521 0.5000
7.2993 8.9787 0.5000
7.0553 8.9876 0.5000
4.9996 9.3473 0.5000
4.8681 9.3610 0.5000
3.8761 9.5461 0.5000
-1.1378 10.0413 0.5000
-1.8861 10.1488 0.5000
-2.6333 10.4735 0.5000
2.8202 13.6001 0.5000
4.8278 12.1694 0.5000
7.0353 11.5975 0.5000
10.6697 10.9525 0.5000
12.5143 10.8444 0.5000
12.3207 9.6633 0.5000
12.3099 9.5699 0.5000
10.5001 8.8448 0.5000
10.5075 8.7270 0.5000
7.1725 8.9062 0.5000
6.9161 8.9518 0.5000
4.9238 9.3091 0.5000
4.8187 9.3856 0.5000
-2.6579 10.5083 0.5000
3.7985 12.1385 0.5000
10.6741 11.0079 0.5000
12.4987 10.9476 0.5000
12.3010 9.7282 0.5000
7.2374 8.9692 0.5000
7.0722 9.0132 0.5000
4.9629 9.3664 0.5000
-2.4907 10.4336 0.5000
4.0643 9.5109 0.5000
2.3933 6.9186 0.5000
1.8702 6.5659 0.5000
-0.0277 9.8462 0.5000
-0.3559 9.8993 0.5000
-1.5201 10.0599 0.5000
-2.0241 10.3491 0.5000
6.3068 9.0602 0.5000
3.1385 9.6410 0.5000
3.6335 12.1479 0.5000
4.9933 11.8781 0.5000
10.5802 10.9114 0.5000
10.2837 10.9484 0.5000
12.2923 9.6117 0.5000
12.3032 9.6190 0.5000
10.4937 8.7626 0.5000
7.3767 8.8813 0.5000
7.2773 8.9027 0.5000
5.0914 9.2788 0.5000
5.0352 9.2853 0.5000
2.9006 9.6969 0.5000
-2.8383 10.6105 0.5000
3.6963 23.0416 0.5000
4.8251 21.9602 0.5000
3.5357 12.1448 0.5000
3.5922 12.1466 0.5000
9.6773 11.0863 0.5000
7.7629 8.8383 0.5000
5.1495 9.2922 0.5000
3.4312 9.5919 0.5000
2.9837 9.6501 0.5000
2.8840 9.6909 0.5000
-2.7574 10.5870 0.5000
-2.9782 10.5914 0.5000
2.8671 14.0230 0.5000
3.5591 12.1874 0.5000
5.0961 9.3333 0.5000
-2.9361 10.5538 0.5000
3.5103 12.1680 0.5000
4.9815 11.9733 0.5000
7.0438 11.8231 0.5000
10.0814 11.1559 0.5000
10.4151 11.1095 0.5000
7.6436 8.9820 0.5000
7.3120 9.0376 0.5000
5.0713 9.3881 0.5000
2.7473 13.3288 0.5000
3.4507 12.1950 0.5000
4.8337 12.0375 0.5000
12.3419 10.0477 0.5000
10.5473 9.1733 0.5000
7.9334 8.9084 0.5000
7.9252 8.9641 0.5000
5.3532 9.3203 0.5000
3.4614 9.6074 0.5000
3.0144 9.6614 0.5000
2.4817 7.5984 0.5000
1.7041 0.5590 0.5000
12.2720 8.9369 0.5000
10.3313 8.2218 0.5000
5.9451 9.1082 0.5000
4.5453 9.3724 0.5000
4.4984 9.3844 0.5000
3.6902 9.5178 0.5000
3.6453 9.5489 0.5000
0.3335 -3.5610 0.5000
2.9447 14.0711 0.5000
2.6824 12.6711 0.5000
4.8536 12.2125 0.5000
10.4909 8.5066 0.5000
6.6026 9.0172 0.5000
6.5623 9.0395 0.5000
4.8302 9.3375 0.5000
-1.6827 10.1644 0.5000
-2.2146 10.4828 0.5000
1.0330 12.7826 0.5000
1.4281 15.0333 0.5000
1.9568 15.8953 0.5000
4.0122 22.9887 0.5000
2.9041 14.8880 0.5000
2.8761 13.8658 0.5000
4.8592 12.2881 0.5000
4.7245 9.3771 0.5000
-1.7256 10.1139 0.5000
-2.2152 10.4202 0.5000
1.9366 15.8971 0.5000
2.8158 13.7794 0.5000
3.6108 12.1775 0.5000
7.0651 11.6426 0.5000
6.7338 9.0811 0.5000
6.5425 9.1211 0.5000
4.7042 9.4258 0.5000
3.8119 9.5773 0.5000
3.2157 9.6531 0.5000
1.9143 6.8728 0.5000
12.5113 10.9885 0.5000
7.0306 9.0847 0.5000
7.0865 9.0818 0.5000
5.0382 9.3763 0.5000
2.9162 9.7111 0.5000
2.8549 9.7103 0.5000
2.4720 7.5002 0.5000
2.3160 6.4880 0.5000
1.6041 0.5530 0.5000
0.2313 -0.1583 0.5000
2.6891 12.9054 0.5000
3.8010 12.1542 0.5000
4.2112 9.5178 0.5000
3.5675 9.6193 0.5000
3.0843 9.6687 0.5000
1.2250 0.5259 0.5000
-0.8524 10.0127 0.5000
1.3519 14.7976 0.5000
2.9865 14.4861 0.5000
4.7995 11.9565 0.5000
12.4902 10.7555 0.5000
12.2922 9.5388 0.5000
10.4977 8.7222 0.5000
5.9353 9.5310 0.5000
4.2050 9.4448 0.5000
4.1848 9.4489 0.5000
3.5437 9.5764 0.5000
3.4609 9.5621 0.5000
2.7313 9.6934 0.5000
1.2789 14.0698 0.5000
3.0027 15.4497 0.5000
10.0635 11.0419 0.5000
10.5131 10.9413 0.5000
7.7105 8.8050 0.5000
7.5584 8.8678 0.5000
5.4481 9.2370 0.5000
5.3136 9.2683 0.5000
4.2986 9.4398 0.5000
2.7299 9.7140 0.5000
1.1540 14.8450 0.5000
4.2591 22.9459 0.5000
2.9650 15.3485 0.5000
10.1999 11.0647 0.5000
7.6993 8.8849 0.5000
7.4634 8.9149 0.5000
4.2644 9.4723 0.5000
4.1742 9.4669 0.5000
3.5996 9.5619 0.5000
-1.5196 10.1193 0.5000
1.1432 14.8357 0.5000
1.5055 15.9475 0.5000
10.2726 11.0920 0.5000
10.5078 8.9096 0.5000
7.6115 8.9412 0.5000
7.5163 8.9443 0.5000
4.2443 9.4513 0.5000
3.1001 9.6648 0.5000
0.7770 -3.6578 0.5000
2.8293 13.9548 0.5000
1.2408 -3.5933 0.5000
5.7543 9.4557 0.5000
4.0891 9.4459 0.5000
2.9837 9.6441 0.5000
2.6686 9.6907 0.5000
1.4800 0.5908 0.5000
0.0050 9.9024 0.5000
-0.2912 9.9628 0.5000
-0.6538 10.0128 0.5000
3.3091 16.2842 0.5000
2.9372 14.1195 0.5000
2.7863 13.2130 0.5000
12.4868 10.6964 0.5000
12.2656 9.4455 0.5000
7.4139 8.8320 0.5000
7.3338 8.8743 0.5000
-1.1681 10.0727 0.5000
2.8598 13.7566 0.5000
12.5135 10.7458 0.5000
7.5293 8.8661 0.5000
7.3136 8.9264 0.5000
2.6765 9.7006 0.5000
0.5600 9.8090 0.5000
2.8062 13.7474 0.5000
12.2964 9.5822 0.5000
10.5155 8.7962 0.5000
7.4406 8.9497 0.5000
3.2487 16.3120 0.5000
2.9169 14.2195 0.5000
4.7889 12.0400 0.5000
7.5611 8.9197 0.5000
5.4385 9.3262 0.5000
4.3121 9.4632 0.5000
3.6225 9.5726 0.5000
2.7991 9.7022 0.5000
2.0853 -3.8522 0.5000
-0.2273 9.8907 0.5000
4.8873 9.3006 0.5000
2.6141 9.7204 0.5000
0.1675 -3.5589 0.5000
-0.9197 10.0708 0.5000
2.7810 13.2674 0.5000
10.4702 8.5702 0.5000
10.4486 8.5659 0.5000
7.1914 8.8915 0.5000
5.2391 9.2326 0.5000
3.5358 9.5462 0.5000
2.9808 14.2818 0.5000
5.9826 11.7144 0.5000
7.5520 8.8421 0.5000
4.3105 9.4118 0.5000
4.8303 12.0545 0.5000
5.9592 11.7560 0.5000
7.6160 8.8868 0.5000
4.0991 22.9988 0.5000
4.7838 12.0538 0.5000
12.4891 10.8851 0.5000
7.5656 8.9828 0.5000
7.4479 8.9665 0.5000
5.4556 9.3061 0.5000
3.1810 9.6674 0.5000
1.9595 7.3223 0.5000
7.2645 9.0304 0.5000
7.1930 9.0002 0.5000
2.1276 6.4241 0.5000
1.4941 0.5463 0.5000
3.7013 9.5777 0.5000
3.7962 9.5602 0.5000
2.8141 9.7096 0.5000
1.5988 0.5797 0.5000
1.1019 9.7032 0.5000
2.7076 12.8761 0.5000
7.2558 8.8608 0.5000
2.0084 6.3947 0.5000
4.4024 22.8958 0.5000
5.8690 11.7490 0.5000
7.4557 8.8506 0.5000
4.3607 9.4345 0.5000
2.7634 9.6946 0.5000
7.3686 8.9083 0.5000
7.1768 8.9954 0.5000
2.8209 21.4319 0.5000
2.9265 14.1656 0.5000
2.7885 13.3672 0.5000
12.4729 10.6158 0.5000
12.2689 9.3708 0.5000
10.5140 8.6602 0.5000
2.7499 13.4225 0.5000
2.6652 12.9884 0.5000
12.3166 9.8102 0.5000
10.5331 9.0568 0.5000
8.1799 8.8904 0.5000
8.1377 8.9019 0.5000
5.9464 9.2233 0.5000
4.6867 9.4178 0.5000
2.3050 6.5589 0.5000
1.2173 0.4881 0.5000
2.8391 13.5158 0.5000
10.5589 9.1339 0.5000
9.1161 8.5921 0.5000
5.7538 9.4048 0.5000
6.3862 9.0649 0.5000
2.3864 9.7902 0.5000
7.2868 11.5191 0.5000
7.7382 11.4235 0.5000
15.5806 7.9405 0.5000
15.5542 7.8194 0.5000
9.5423 8.5394 0.5000
9.2928 8.5959 0.5000
6.4034 9.0764 0.5000
5.0194 9.3046 0.5000
2.4928 9.7395 0.5000
1.3826 15.1165 0.5000
7.4182 11.5440 0.5000
12.5853 11.2601 0.5000
14.8399 8.2040 0.5000
18.2080 7.1616 0.5000
9.5174 8.6078 0.5000
9.1542 8.6587 0.5000
6.5471 9.0835 0.5000
6.4454 9.1085 0.5000
2.4416 9.7563 0.5000
2.8984 13.9385 0.5000
7.6764 11.4972 0.5000
12.3298 9.9624 0.5000
9.1137 8.7374 0.5000
8.8597 8.7427 0.5000
6.3296 9.1788 0.5000
2.4839 9.7544 0.5000
2.1607 10.4973 0.5000
2.9262 14.5412 0.5000
2.7797 13.5694 0.5000
7.2764 11.6040 0.5000
9.4460 8.7051 0.5000
5.8228 9.5451 0.5000
5.1537 9.3578 0.5000
2.5377 9.7539 0.5000
2.3511 6.8854 0.5000
7.6129 8.8049 0.5000
5.6729 9.1720 0.5000
4.5739 9.3928 0.5000
3.8773 9.4798 0.5000
2.9151 9.6461 0.5000
2.5400 9.7362 0.5000
1.3185 0.6405 0.5000
0.7440 11.2172 0.5000
9.5433 11.1038 0.5000
10.4840 8.9004 0.5000
10.4856 8.8843 0.5000
8.3406 8.7019 0.5000
8.2750 8.7078 0.5000
6.0109 9.1151 0.5000
9.5462 11.1916 0.5000
8.5999 8.7199 0.5000
6.1920 9.1141 0.5000
6.0537 9.1444 0.5000
2.8249 13.8703 0.5000
4.7146 22.9308 0.5000
2.7011 13.2025 0.5000
3.2568 12.2134 0.5000
5.4268 11.8692 0.5000
5.6926 11.8191 0.5000
5.6545 9.2791 0.5000
4.5791 9.4468 0.5000
4.4957 9.4102 0.5000
2.5690 9.7406 0.5000
2.6906 13.0233 0.5000
5.2509 11.9261 0.5000
5.3216 11.9007 0.5000
7.6896 8.9759 0.5000
5.7806 9.2701 0.5000
4.6325 9.4021 0.5000
4.6284 9.4522 0.5000
3.8714 9.5509 0.5000
2.5832 9.7721 0.5000
4.7966 11.9466 0.5000
12.2963 9.6907 0.5000
6.1263 9.0762 0.5000
1.5282 0.5536 0.5000
3.0272 14.6259 0.5000
2.7040 12.8077 0.5000
3.4441 12.1872 0.5000
9.2037 8.5574 0.5000
6.4815 9.0276 0.5000
4.1249 9.4481 0.5000
3.3816 12.1930 0.5000
5.5499 11.8109 0.5000
5.6899 9.2360 0.5000
2.8049 9.6878 0.5000
5.5911 11.8631 0.5000
7.3382 8.9890 0.5000
5.6168 9.2822 0.5000
4.5222 9.4349 0.5000
1.0678 9.3457 0.5000
2.7705 13.4896 0.5000
3.0918 12.2685 0.5000
3.1239 12.2554 0.5000
3.7053 12.1507 0.5000
7.7316 8.9662 0.5000
7.7521 8.9724 0.5000
5.8251 9.2625 0.5000
2.1022 9.3831 0.5000
1.9336 6.9166 0.5000
3.8342 9.4979 0.5000
0.1237 -2.3768 0.5000
12.2917 9.7899 0.5000
10.4809 9.0193 0.5000
8.7953 8.6229 0.5000
4.9780 9.2947 0.5000
2.4081 9.7491 0.5000
1.9666 6.3928 0.5000
1.6490 -3.8523 0.5000
3.0168 14.6888 0.5000
9.6101 8.5008 0.5000
6.7251 8.9518 0.5000
2.9072 14.3436 0.5000
2.9534 14.3734 0.5000
5.8778 11.7983 0.5000
12.4340 10.3270 0.5000
10.4712 8.4471 0.5000
6.9472 9.0442 0.5000
5.5056 9.2058 0.5000
15.5429 8.2465 0.5000
15.6326 8.1754 0.5000
10.3104 8.4790 0.5000
7.0484 9.0237 0.5000
5.5244 9.2684 0.5000
4.4399 9.4900 0.5000
2.8094 12.3136 0.5000
3.9148 9.5567 0.5000
2.6262 9.7510 0.5000
1.9034 6.7943 0.5000
9.5469 11.0857 0.5000
8.1642 8.7321 0.5000
8.0536 8.7391 0.5000
1.3660 0.5802 0.5000
1.3697 14.9232 0.5000
2.9909 21.4126 0.5000
4.5246 22.8731 0.5000
3.0416 15.2508 0.5000
8.6797 8.6667 0.5000
6.2953 9.0659 0.5000
6.1428 9.1158 0.5000
2.3365 9.7735 0.5000
3.0053 14.7402 0.5000
3.6744 12.1242 0.5000
3.7062 12.1355 0.5000
5.7327 9.1948 0.5000
5.3088 11.8797 0.5000
0.4081 18.5067 0.5000
1.4399 15.2546 0.5000
3.5119 23.0901 0.5000
7.5219 8.9514 0.5000
5.7487 9.2165 0.5000
2.7782 13.5236 0.5000
8.0856 8.8650 0.5000
8.0809 8.9052 0.5000
5.9549 9.2468 0.5000
4.8206 9.4053 0.5000
4.7948 9.4021 0.5000
10.4483 8.4106 0.5000
7.2459 8.8749 0.5000
5.4714 9.1836 0.5000
4.4078 9.3941 0.5000
2.1903 6.8241 0.5000
1.5043 0.4816 0.5000
2.9970 14.3466 0.5000
10.4919 8.8358 0.5000
8.2965 8.6987 0.5000
4.6967 9.3323 0.5000
4.0486 9.4438 0.5000
1.3337 0.5557 0.5000
2.1778 15.8938 0.5000
4.4312 22.9242 0.5000
2.8455 14.7849 0.5000
2.9845 14.2429 0.5000
3.0477 15.3931 0.5000
7.0519 11.5559 0.5000
0.4032 6.6008 0.5000
1.4005 15.1569 0.5000
2.9568 15.2986 0.5000
6.5989 9.0725 0.5000
5.1736 9.3184 0.5000
2.8334 13.6949 0.5000
10.5615 9.3040 0.5000
9.2977 8.7158 0.5000
6.6581 9.1029 0.5000
6.4616 9.1589 0.5000
3.6936 9.5825 0.5000
2.1091 10.5485 0.5000
3.1574 12.2520 0.5000
4.4903 9.4726 0.5000
3.3068 9.6638 0.5000
2.3549 6.6695 0.5000
0.8095 11.3322 0.5000
3.2351 12.1975 0.5000
5.6392 11.7980 0.5000
12.3910 10.2219 0.5000
19.7606 6.8710 0.5000
10.4409 8.3988 0.5000
7.0007 8.9341 0.5000
2.1980 6.4033 0.5000
4.3720 19.3739 0.5000
12.3536 9.9780 0.5000
15.5413 7.7122 0.5000
9.5812 8.5019 0.5000
2.9587 15.1960 0.5000
9.5944 8.5558 0.5000
6.8088 9.0133 0.5000
5.1048 9.3235 0.5000
14.8156 8.0226 0.5000
9.4413 8.6191 0.5000
9.0857 8.6877 0.5000
1.2666 14.7984 0.5000
2.9513 14.6785 0.5000
2.8216 13.8317 0.5000
6.9956 9.0583 0.5000
6.8881 9.0957 0.5000
4.3543 9.4819 0.5000
5.5464 9.1797 0.5000
2.6083 9.6974 0.5000
2.2623 9.9771 0.5000
6.9967 11.5402 0.5000
10.4848 9.0680 0.5000
9.1870 8.5375 0.5000
8.9333 8.5898 0.5000
5.8047 9.4762 0.5000
6.4416 9.0333 0.5000
4.2805 22.8990 0.5000
14.7857 7.9905 0.5000
9.7711 8.4689 0.5000
6.6699 9.0240 0.5000
9.8757 8.5073 0.5000
6.9598 8.9951 0.5000
14.8452 8.1786 0.5000
9.8083 8.5881 0.5000
9.4025 8.6687 0.5000
5.2983 9.3271 0.5000
3.6803 12.1780 0.5000
7.2017 9.0389 0.5000
7.1183 9.0592 0.5000
4.5444 9.4592 0.5000
3.2901 12.1998 0.5000
8.5617 8.6447 0.5000
8.2223 8.7372 0.5000
6.0795 9.0979 0.5000
1.4487 0.5756 0.5000
1.1262 13.1345 0.5000
5.5653 11.7795 0.5000
4.4406 9.4250 0.5000
4.0672 23.0101 0.5000
5.6072 11.8281 0.5000
6.7320 9.1005 0.5000
2.6938 12.8659 0.5000
3.4932 12.2013 0.5000
3.4248 12.2070 0.5000
5.1060 11.9585 0.5000
5.0167 11.9518 0.5000
12.2587 9.3321 0.5000
10.5085 8.6018 0.5000
7.3993 9.0291 0.5000
5.6205 9.3064 0.5000
4.5697 9.4650 0.5000
1.7856 0.5400 0.5000
17.5985 6.9811 0.5000
9.4587 8.4842 0.5000
6.6325 8.9994 0.5000
9.5567 11.1478 0.5000
7.6852 11.3490 0.5000
8.7196 8.5602 0.5000
8.1963 8.6766 0.5000
6.3498 9.0101 0.5000
6.0244 9.0969 0.5000
-0.2963 -1.8423 0.5000
2.7709 13.0885 0.5000
3.4974 9.5450 0.5000
5.5171 11.7754 0.5000
5.5569 11.8196 0.5000
6.9565 9.0283 0.5000
6.6674 9.0597 0.5000
2.3012 6.9701 0.5000
2.1551 -6.5468 0.5000
3.3750 12.2079 0.5000
3.3181 12.2176 0.5000
7.4967 8.9883 0.5000
7.4285 9.0068 0.5000
2.3248 6.6566 0.5000
1.7522 0.6033 0.5000
12.5911 11.2404 0.5000
15.5328 7.6846 0.5000
9.7670 8.4423 0.5000
2.8208 13.4038 0.5000
5.4479 11.8416 0.5000
10.0228 8.4511 0.5000
7.0297 8.9719 0.5000
1.3703 15.0271 0.5000
12.6378 11.4746 0.5000
12.4224 10.2301 0.5000
10.0136 8.5398 0.5000
6.5736 9.1155 0.5000
12.4486 10.4285 0.5000
19.4587 7.1753 0.5000
17.9880 7.3870 0.5000
9.7334 8.6736 0.5000
2.2002 10.4933 0.5000
2.9647 9.7150 0.5000
8.0470 8.7185 0.5000
5.9455 9.0924 0.5000
4.8451 11.8951 0.5000
5.2643 11.8392 0.5000
12.1948 9.0406 0.5000
6.6882 8.9572 0.5000
5.6905 9.1494 0.5000
5.1811 9.2367 0.5000
4.6228 9.3447 0.5000
2.9814 14.1567 0.5000
7.7511 8.7888 0.5000
5.8719 9.1170 0.5000
5.9382 9.1892 0.5000
7.8909 8.8710 0.5000
4.7714 9.3954 0.5000
2.9064 14.3927 0.5000
12.5071 10.7957 0.5000
8.2378 8.8968 0.5000
6.1843 9.1510 0.5000
5.7295 9.2538 0.5000
4.9255 9.3949 0.5000
1.4480 0.4442 0.5000
12.2226 9.1383 0.5000
10.4292 8.4614 0.5000
7.4940 8.8168 0.5000
6.5213 9.0008 0.5000
4.9111 22.2161 0.5000
4.7687 21.6151 0.5000
2.9802 15.0850 0.5000
2.8734 13.6646 0.5000
5.8408 9.1781 0.5000
4.7705 21.7997 0.5000
3.0297 15.2055 0.5000
4.6783 21.7338 0.5000
2.9926 15.2100 0.5000
7.8361 8.8871 0.5000
5.8939 9.2026 0.5000
4.7374 22.8469 0.5000
2.9499 15.2178 0.5000
2.9287 14.4604 0.5000
2.9307 14.4428 0.5000
10.5506 8.9596 0.5000
8.2825 8.8852 0.5000
3.5156 9.6023 0.5000
2.7378 12.7018 0.5000
8.8342 8.5931 0.5000
8.3558 8.6988 0.5000
7.0821 8.9153 0.5000
6.2300 9.0628 0.5000
4.8513 22.7963 0.5000
4.9386 22.7963 0.5000
3.0693 15.4022 0.5000
3.0111 15.3386 0.5000
3.0360 14.5088 0.5000
3.0113 14.4741 0.5000
7.6617 11.4267 0.5000
3.4707 23.0924 0.5000
4.7928 22.8142 0.5000
3.0714 15.5154 0.5000
2.9546 14.5073 0.5000
3.3936 23.0894 0.5000
3.0332 15.5257 0.5000
2.9768 14.5789 0.5000
12.3620 9.8565 0.5000
8.9153 8.7477 0.5000
7.8197 11.5694 0.5000
10.5637 9.0545 0.5000
8.2910 8.9077 0.5000
6.1669 9.2082 0.5000
4.8920 9.4177 0.5000
1.8571 6.4322 0.5000
0.8017 11.2947 0.5000
2.9050 13.9571 0.5000
12.2410 9.3713 0.5000
7.9314 8.7296 0.5000
5.6076 9.1827 0.5000
4.1791 22.9358 0.5000
4.6071 20.3483 0.5000
2.8871 13.6037 0.5000
12.2263 9.1578 0.5000
1.5371 15.6907 0.5000
1.5654 15.7758 0.5000
3.9605 22.9844 0.5000
4.7775 21.3883 0.5000
4.7287 21.1067 0.5000
5.9666 9.1337 0.5000
1.5056 15.5804 0.5000
1.5041 15.7554 0.5000
4.6602 21.1015 0.5000
2.8611 14.8007 0.5000
5.9735 9.1740 0.5000
1.4818 15.5945 0.5000
3.7851 23.0355 0.5000
4.6603 21.5638 0.5000
4.5964 21.2314 0.5000
6.0852 9.1759 0.5000
3.7533 12.1603 0.5000
12.5019 10.6831 0.5000
5.7949 9.5790 0.5000
3.2742 9.6546 0.5000
4.0907 22.9363 0.5000
4.6554 20.6266 0.5000
2.9554 14.1167 0.5000
2.8540 13.5957 0.5000
10.4946 8.9541 0.5000
8.6739 8.6110 0.5000
6.2755 9.0379 0.5000
4.9030 9.2972 0.5000
1.4522 15.0569 0.5000
4.9507 22.8481 0.5000
3.0508 15.2639 0.5000
3.0107 14.4100 0.5000
3.0017 14.3932 0.5000
2.8059 13.2758 0.5000
8.4356 8.6811 0.5000
1.2508 13.9238 0.5000
1.2572 13.9732 0.5000
1.4426 14.9500 0.5000
3.0930 15.5633 0.5000
6.2028 9.1143 0.5000
1.2643 0.4269 0.5000
8.5072 8.7832 0.5000
6.2813 9.1373 0.5000
1.4138 0.5287 0.5000
1.3769 0.4442 0.5000
3.0435 15.5828 0.5000
3.0258 15.4603 0.5000
4.8584 12.1582 0.5000
7.6174 11.5641 0.5000
12.3529 9.9467 0.5000
8.9049 8.7730 0.5000
6.4961 9.1445 0.5000
1.6235 15.9494 0.5000
3.1943 16.3334 0.5000
7.9697 8.9535 0.5000
5.9215 9.2643 0.5000
3.9636 9.5562 0.5000
2.7820 12.9515 0.5000
4.5097 19.6661 0.5000
4.4905 19.5158 0.5000
2.9557 14.0516 0.5000
12.1875 9.0506 0.5000
1.5596 15.6790 0.5000
4.7801 21.1566 0.5000
4.6846 9.3534 0.5000
0.5729 -3.6535 0.5000
1.5435 15.3732 0.5000
1.5022 15.6263 0.5000
0.6783 -3.6576 0.5000
4.8270 22.5310 0.5000
4.7077 22.0489 0.5000
3.5136 12.2102 0.5000
10.5635 9.0488 0.5000
9.3629 8.6827 0.5000
8.4657 8.8089 0.5000
6.6278 9.1115 0.5000
6.1425 9.2578 0.5000
2.6880 12.3621 0.5000
2.9213 12.3014 0.5000
2.9022 13.8200 0.5000
5.3669 11.7955 0.5000
19.2649 6.6378 0.5000
7.0130 8.8846 0.5000
6.9203 8.9028 0.5000
5.3701 9.1985 0.5000
2.1499 6.7535 0.5000
1.4749 1.5917 0.5000
0.0660 9.9047 0.5000
4.4321 19.1387 0.5000
3.0620 14.8085 0.5000
4.5896 20.2485 0.5000
-0.0845 9.9836 0.5000
4.5759 20.4017 0.5000
4.4982 20.4247 0.5000
4.4121 19.8921 0.5000
2.9222 14.9294 0.5000
7.6962 8.9172 0.5000
6.0061 9.1629 0.5000
5.8302 9.2332 0.5000
2.7391 12.3533 0.5000
12.6310 11.4476 0.5000
14.8269 7.9941 0.5000
6.5154 9.1537 0.5000
2.6975 9.7567 0.5000
4.5332 19.8056 0.5000
12.2383 9.4460 0.5000
8.3118 8.6674 0.5000
4.9895 22.7920 0.5000
3.1140 15.5718 0.5000
3.0618 14.6098 0.5000
5.4839 11.7967 0.5000
8.7365 8.6142 0.5000
6.3743 9.0421 0.5000
0.3576 9.8524 0.5000
3.3538 16.2824 0.5000
3.0655 15.3747 0.5000
3.2747 16.3484 0.5000
6.8026 9.0771 0.5000
2.8917 14.1104 0.5000
5.0501 22.8087 0.5000
4.5078 19.7823 0.5000
2.9290 13.8707 0.5000
5.6308 9.2099 0.5000
2.8990 14.7076 0.5000
12.4771 10.4990 0.5000
12.2552 9.2227 0.5000
10.5031 8.5555 0.5000
4.4559 20.5447 0.5000
1.4263 15.6190 0.5000
4.4613 21.0707 0.5000
2.8922 14.8672 0.5000
3.5563 12.2030 0.5000
1.5086 15.7277 0.5000
12.3311 9.7939 0.5000
9.0285 8.5775 0.5000
8.9909 8.5815 0.5000
6.5606 8.9811 0.5000
0.3192 9.8582 0.5000
3.0012 15.0931 0.5000
9.3728 8.5499 0.5000
9.1109 8.6056 0.5000
1.4226 15.0822 0.5000
3.3275 16.3153 0.5000
2.9583 15.1088 0.5000
5.4757 11.8504 0.5000
12.4076 10.1379 0.5000
17.1214 7.3881 0.5000
9.5925 8.6405 0.5000
9.4971 8.6655 0.5000
4.2046 19.2373 0.5000
12.2524 9.2733 0.5000
2.7999 13.6348 0.5000
3.1020 15.6116 0.5000
3.0566 14.6628 0.5000
4.9892 22.4646 0.5000
4.4479 19.4484 0.5000
8.1303 8.7316 0.5000
1.4205 15.7621 0.5000
2.8799 14.0895 0.5000
7.6838 11.5443 0.5000
6.2181 9.1853 0.5000
4.5496 21.5036 0.5000
3.2929 12.2580 0.5000
3.3205 12.2537 0.5000
12.5906 11.4611 0.5000
10.6450 9.3595 0.5000
9.2590 8.7560 0.5000
5.8609 9.6091 0.5000
4.3057 18.6598 0.5000
3.0594 14.8552 0.5000
9.5413 11.0388 0.5000
7.6922 11.3902 0.5000
2.9609 14.9325 0.5000
8.4617 8.7187 0.5000
8.2369 8.7842 0.5000
0.6129 9.8013 0.5000
1.4763 15.7558 0.5000
8.4085 8.7760 0.5000
8.2582 8.8121 0.5000
0.3380 -7.7627 0.5000
12.3442 9.9355 0.5000
8.7282 8.7800 0.5000
8.8263 8.7701 0.5000
5.7862 9.5321 0.5000
4.6957 22.5356 0.5000
2.9953 15.4904 0.5000
4.5897 20.6065 0.5000
4.3564 19.3433 0.5000
12.4684 10.4150 0.5000
12.2413 9.2158 0.5000
4.3222 19.3878 0.5000
12.2549 9.1927 0.5000
10.5027 8.5089 0.5000
1.4151 15.2310 0.5000
4.2657 19.3886 0.5000
4.2695 19.8072 0.5000
2.9720 15.4237 0.5000
4.9704 22.4196 0.5000
4.2942 18.6424 0.5000
3.0838 15.4631 0.5000
9.5916 11.0851 0.5000
3.3537 16.2238 0.5000
2.8344 13.2088 0.5000
8.4394 8.7128 0.5000
2.0960 6.4033 0.5000
8.3508 8.8252 0.5000
2.4077 7.2943 0.5000
4.3890 20.3303 0.5000
3.0329 14.8596 0.5000
3.3323 16.2499 0.5000
4.3355 19.1617 0.5000
12.3095 9.5316 0.5000
8.1248 8.7942 0.5000
2.8908 14.9305 0.5000
12.3516 9.7703 0.5000
8.2034 8.9038 0.5000
2.1012 10.0317 0.5000
4.3445 20.5899 0.5000
2.9064 15.1694 0.5000
2.8917 14.2361 0.5000
4.9515 22.5379 0.5000
3.2955 16.3514 0.5000
12.3110 9.4480 0.5000
12.3087 9.3695 0.5000
10.5596 8.7376 0.5000
4.6794 22.2844 0.5000
3.0197 15.6007 0.5000
3.0121 12.3043 0.5000
10.5593 8.8924 0.5000
4.2502 19.9351 0.5000
3.7092 12.2069 0.5000
1.4421 14.9131 0.5000
4.2559 18.8786 0.5000
3.2464 16.3552 0.5000
2.4313 7.1166 0.5000
1.3245 14.9252 0.5000
4.1308 19.0502 0.5000
2.9916 15.5955 0.5000
1.3935 15.2227 0.5000
3.6426 23.0404 0.5000
4.2735 20.6107 0.5000
2.8852 14.2739 0.5000
4.8479 21.7186 0.5000
9.9718 8.3787 0.5000
4.6710 20.7957 0.5000
3.1238 15.6704 0.5000
3.0018 15.1024 0.5000
10.4781 8.3661 0.5000
10.3843 8.3082 0.5000
4.6401 20.8883 0.5000
4.5467 20.7832 0.5000
3.1328 15.8170 0.5000
4.5153 21.1179 0.5000
0.8008 11.1993 0.5000
2.8852 14.1513 0.5000
4.4534 22.8884 0.5000
4.3633 19.1037 0.5000
3.2221 12.2533 0.5000
10.5081 9.0438 0.5000
4.4461 20.7123 0.5000
4.1506 18.8991 0.5000
2.9451 14.6006 0.5000
5.0252 22.8216 0.5000
3.0520 15.3341 0.5000
0.9752 9.7554 0.5000
3.3064 16.3535 0.5000
4.8326 22.9122 0.5000
2.9853 15.3656 0.5000
4.2608 19.6731 0.5000
4.3919 19.2807 0.5000
4.3499 20.5479 0.5000
2.9858 12.3024 0.5000
3.0890 15.6415 0.5000
3.8726 12.1306 0.5000
4.3474 20.0677 0.5000
2.9868 14.6023 0.5000
2.8498 14.9695 0.5000
4.5876 20.3514 0.5000
1.2554 0.6586 0.5000
4.4549 19.9233 0.5000
7.7737 11.4041 0.5000
7.8734 11.3625 0.5000
12.3390 9.8713 0.5000
1.4733 15.8655 0.5000
4.1179 23.0179 0.5000
4.3735 19.7279 0.5000
8.0476 11.4145 0.5000
7.7032 11.5245 0.5000
2.9792 15.6114 0.5000
4.7318 20.9513 0.5000
4.4361 19.3841 0.5000
1.4445 0.6707 0.5000
4.4658 19.6550 0.5000
4.3826 19.5025 0.5000
3.0621 14.9319 0.5000
4.3198 19.5181 0.5000
3.0350 14.9370 0.5000
1.4765 15.0337 0.5000
4.5896 22.8984 0.5000
4.5435 19.9649 0.5000
5.9880 11.6942 0.5000
1.2833 0.6282 0.5000
5.9150 11.7360 0.5000
4.6255 21.9994 0.5000
4.8047 21.5868 0.5000
5.7798 11.7455 0.5000
4.6338 20.7640 0.5000
8.8086 8.6281 0.5000
8.3789 8.7101 0.5000
5.7035 11.8031 0.5000
8.7343 8.6989 0.5000
5.7524 11.8306 0.5000
8.5511 8.7870 0.5000
8.2333 8.8267 0.5000
0.2230 -3.6048 0.5000
4.4562 20.9378 0.5000
5.5078 11.8524 0.5000
8.3305 11.4496 0.5000
8.8534 8.7794 0.5000
1.0899 13.4165 0.5000
1.3898 15.3317 0.5000
4.8574 12.1054 0.5000
-1.6092 10.1517 0.5000
-2.0167 10.5035 0.5000
1.4629 15.1897 0.5000
7.3150 11.4874 0.5000
7.4892 11.4611 0.5000
12.2106 9.0774 0.5000
10.4341 8.3267 0.5000
-1.5982 10.1761 0.5000
-1.9139 10.4927 0.5000
-2.0115 10.4674 0.5000
1.4387 15.1210 0.5000
7.3194 11.5292 0.5000
7.5547 11.4977 0.5000
7.4319 11.5568 0.5000
7.5382 11.5406 0.5000
-1.5709 10.1221 0.5000
3.1938 16.3818 0.5000
2.8758 14.9520 0.5000
2.8499 13.9266 0.5000
4.8199 12.3222 0.5000
-1.8998 10.2994 0.5000
1.0473 13.0597 0.5000
-2.9347 10.6425 0.5000
2.7859 20.1168 0.5000
4.1453 22.9402 0.5000
4.5440 22.8493 0.5000
-1.1063 10.1067 0.5000
-1.8660 10.2253 0.5000
-2.4934 10.5683 0.5000
-2.5078 10.5670 0.5000
2.9776 14.9749 0.5000
-1.7568 10.2050 0.5000
-2.3810 10.5283 0.5000
7.2271 11.5337 0.5000
-2.5738 10.5255 0.5000
1.2269 14.1068 0.5000
7.1717 11.5752 0.5000
7.2228 11.5715 0.5000
1.6269 0.6312 0.5000
-2.4615 10.4828 0.5000
2.7960 14.7963 0.5000
-1.6856 10.1217 0.5000
-4.1795 10.7157 0.5000
2.6474 12.7791 0.5000
-3.0534 10.6183 0.5000
-6.5243 11.2503 0.5000
4.8435 22.2760 0.5000
-5.8269 11.0908 0.5000
19.9279 7.3497 0.5000
-5.4713 11.0155 0.5000
8.1230 8.8534 0.5000
-5.6286 10.9702 0.5000
-5.9778 11.0174 0.5000
7.0493 11.9042 0.5000
8.4356 8.8616 0.5000
-1.9492 10.1357 0.5000
-5.5907 10.8871 0.5000
-5.6980 10.8921 0.5000
1.0462 13.1588 0.5000
1.0721 13.4516 0.5000
1.3037 15.0118 0.5000
3.0841 23.1321 0.5000
2.7907 13.8196 0.5000
5.9389 11.8635 0.5000
1.0251 13.1103 0.5000
2.6718 13.1938 0.5000
2.5906 12.5684 0.5000
-0.5931 11.3066 0.5000
4.8747 22.1109 0.5000
7.2863 11.4844 0.5000
10.4610 8.6058 0.5000
-3.0184 10.6325 0.5000
-6.7060 11.3341 0.5000
-6.7363 11.3600 0.5000
4.4837 20.1105 0.5000
5.4885 11.8299 0.5000
6.7440 9.0096 0.5000
-2.7507 10.6014 0.5000
-6.5492 11.2008 0.5000
-6.7504 11.3077 0.5000
7.1329 11.5861 0.5000
7.2845 11.5584 0.5000
-2.8496 10.5732 0.5000
-3.0669 10.5598 0.5000
-6.7875 11.2683 0.5000
0.1518 11.1410 0.5000
4.3646 20.1677 0.5000
7.1417 11.6189 0.5000
1.4204 15.9388 0.5000
2.8956 14.3669 0.5000
0.8545 11.5924 0.5000
0.2430 11.2320 0.5000
0.1511 11.2013 0.5000
3.0031 14.3304 0.5000
2.6492 12.2995 0.5000
-1.4335 10.1610 0.5000
-1.3896 10.1572 0.5000
-4.4693 10.9208 0.5000
-4.2784 10.8936 0.5000
-0.5032 11.3192 0.5000
9.7471 11.0104 0.5000
5.7391 9.3951 0.5000
0.9085 -3.7138 0.5000
-3.8211 10.7618 0.5000
-3.9002 10.8138 0.5000
-1.6652 11.5567 0.5000
-1.0471 11.4444 0.5000
3.1287 15.0887 0.5000
9.9194 11.0412 0.5000
-3.7620 10.7639 0.5000
-4.0179 10.8050 0.5000
-0.9245 11.3671 0.5000
9.8507 11.1042 0.5000
-3.9650 10.7467 0.5000
-4.1868 10.7781 0.5000
-0.5928 11.2802 0.5000
4.7992 22.6919 0.5000
-3.8195 10.6791 0.5000
-3.8546 10.6744 0.5000
-1.6807 11.4830 0.5000
0.3938 11.1403 0.5000
0.7879 11.5737 0.5000
-1.6966 11.6365 0.5000
-3.7032 10.7789 0.5000
-3.5497 10.7605 0.5000
-6.9476 11.8221 0.5000
-6.9605 11.8027 0.5000
7.1155 11.5011 0.5000
10.2059 10.9396 0.5000
1.1389 0.4672 0.5000
-3.1464 10.6766 0.5000
-3.2707 10.6930 0.5000
0.0863 11.2108 0.5000
7.1725 11.5329 0.5000
10.0215 11.0301 0.5000
10.3495 10.9765 0.5000
-3.1548 10.6466 0.5000
3.0821 14.4929 0.5000
10.3518 11.0430 0.5000
10.5993 11.0001 0.5000
5.6215 11.8593 0.5000
10.2825 11.1118 0.5000
-3.1134 10.5546 0.5000
2.7341 13.3509 0.5000
4.7935 12.1981 0.5000
0.9793 12.8011 0.5000
1.1453 13.8962 0.5000
-2.5958 11.4612 0.5000
-1.6963 11.6777 0.5000
0.2208 11.1891 0.5000
3.4857 12.1494 0.5000
-0.5591 10.0105 0.5000
-4.9084 11.0083 0.5000
-4.8902 11.0090 0.5000
-6.9073 12.1305 0.5000
-1.5364 11.5033 0.5000
3.8589 12.0957 0.5000
8.3174 11.2824 0.5000
12.4661 10.3531 0.5000
-1.1908 10.1065 0.5000
-4.3715 10.8961 0.5000
-4.6870 10.9454 0.5000
-1.6231 11.5473 0.5000
-4.4823 10.8656 0.5000
-4.8878 10.9352 0.5000
8.4499 11.3496 0.5000
0.3827 -3.6071 0.5000
-4.4930 10.8411 0.5000
-4.6692 10.8258 0.5000
-6.9335 11.8938 0.5000
0.5362 11.1480 0.5000
2.7969 14.8338 0.5000
7.0533 12.0063 0.5000
8.1214 11.4685 0.5000
0.4093 11.1422 0.5000
-5.2490 11.0497 0.5000
-1.5698 11.5409 0.5000
-0.0718 11.2131 0.5000
3.0853 14.9616 0.5000
2.9241 12.2494 0.5000
-4.1241 10.8310 0.5000
-4.1578 10.8178 0.5000
-0.2715 11.2601 0.5000
-0.2084 11.2977 0.5000
9.6037 11.3474 0.5000
9.6104 11.2912 0.5000
-0.3271 11.2730 0.5000
-4.3276 10.8073 0.5000
-3.9630 10.6834 0.5000
-0.3137 11.2425 0.5000
0.3389 11.1469 0.5000
2.5825 20.4709 0.5000
4.3694 12.4545 0.5000
-0.4740 11.3334 0.5000
-2.0540 10.4912 0.5000
-2.6361 11.4468 0.5000
-1.3369 11.4903 0.5000
-1.2894 11.4522 0.5000
-0.1342 11.2642 0.5000
-1.4071 11.4719 0.5000
-1.2523 11.4486 0.5000
-0.1983 11.2733 0.5000
-1.8965 10.3962 0.5000
-6.9889 11.2727 0.5000
-2.6490 11.3250 0.5000
-1.4079 11.4457 0.5000
-1.3854 11.4174 0.5000
4.6366 22.2614 0.5000
-2.3028 10.4177 0.5000
-2.4223 11.3742 0.5000
-2.4740 11.3905 0.5000
0.9470 12.4560 0.5000
1.1208 13.7254 0.5000
1.3262 15.0628 0.5000
2.7476 13.5124 0.5000
-0.0222 11.2527 0.5000
-0.3046 11.3076 0.5000
0.5454 11.1734 0.5000
-0.8262 10.0585 0.5000
-6.6182 11.3705 0.5000
-6.4616 12.3144 0.5000
-6.8408 11.2629 0.5000
-7.0289 11.3448 0.5000
-6.3700 12.1662 0.5000
-0.4014 11.2839 0.5000
2.8848 15.1084 0.5000
-4.2458 10.7711 0.5000
-4.6240 10.8266 0.5000
-2.0428 11.3179 0.5000
-0.8881 10.0680 0.5000
-2.6316 11.4519 0.5000
1.9870 -5.9578 0.5000
-6.2856 12.3913 0.5000
3.2459 15.5354 0.5000
-0.1944 -0.0671 0.5000
-5.2049 10.9537 0.5000
-0.8783 11.3492 0.5000
-2.0686 11.3324 0.5000
-2.1242 11.3223 0.5000
-0.2702 11.2434 0.5000
1.2904 14.9756 0.5000
-6.9240 11.4700 0.5000
-0.9989 11.4745 0.5000
-0.7934 11.4052 0.5000
2.7557 12.8705 0.5000
2.7058 12.5977 0.5000
-2.5896 10.5895 0.5000
-2.1117 11.4404 0.5000
-2.0932 11.4024 0.5000
-1.1231 11.4586 0.5000
-0.2666 11.3065 0.5000
0.9749 12.1298 0.5000
0.7199 -12.0564 0.5000
-2.2839 11.4556 0.5000
-1.2431 11.4513 0.5000
-0.3763 11.3258 0.5000
-6.6450 12.1394 0.5000
-1.7936 11.2946 0.5000
-2.3194 11.3322 0.5000
-1.2706 11.3968 0.5000
-1.3223 11.3770 0.5000
-0.4113 11.2425 0.5000
1.0249 13.2345 0.5000
1.3161 15.2917 0.5000
-2.6169 10.6579 0.5000
-6.4338 12.3050 0.5000
-1.0428 11.4552 0.5000
-2.3362 11.4686 0.5000
-0.2179 9.9510 0.5000
-2.5004 11.4626 0.5000
-1.4532 11.5080 0.5000
-1.3660 11.4979 0.5000
-7.0187 11.6930 0.5000
-4.8478 12.0109 0.5000
-4.5356 11.9585 0.5000
-0.8657 11.3663 0.5000
-0.8112 11.3486 0.5000
-5.0423 11.9921 0.5000
-4.9278 11.9730 0.5000
2.6938 13.0899 0.5000
0.0802 11.1955 0.5000
-6.8114 12.2975 0.5000
3.1226 14.6545 0.5000
-6.9215 12.1741 0.5000
-2.3662 11.4504 0.5000
-4.6502 11.9670 0.5000
-0.1926 -2.0411 0.5000
-1.9778 10.0860 0.5000
-4.9844 11.9949 0.5000
2.8165 14.7309 0.5000
-0.5344 11.2996 0.5000
-0.8003 11.4553 0.5000
-1.8960 10.4790 0.5000
-5.2273 12.1127 0.5000
-6.2150 12.4891 0.5000
-1.9877 11.4247 0.5000
-1.8972 11.4139 0.5000
-1.1956 11.4685 0.5000
-2.2040 11.4606 0.5000
-1.4415 11.5032 0.5000
-2.0235 11.4249 0.5000
0.9998 12.9910 0.5000
2.6500 12.9216 0.5000
-0.7520 11.3353 0.5000
0.2588 11.1499 0.5000
1.5254 15.8439 0.5000
2.6167 19.0569 0.5000
3.2611 15.6853 0.5000
1.2220 14.5770 0.5000
0.8961 -12.0649 0.5000
-10.6383 5.0569 0.5000
-2.2130 11.3830 0.5000
1.3786 15.8007 0.5000
-10.0017 4.8575 0.5000
-1.5917 11.4388 0.5000
-0.7994 11.3976 0.5000
0.9422 12.6993 0.5000
-0.5621 11.3510 0.5000
1.5009 15.2720 0.5000
-4.6838 7.8596 0.5000
-0.8573 11.4006 0.5000
-0.2216 11.3138 0.5000
2.8757 13.4672 0.5000
-7.4743 7.1834 0.5000
-0.8328 11.3935 0.5000
-7.4539 7.0580 0.5000
1.4603 -12.1050 0.5000
-9.9577 4.6522 0.5000
-9.9675 4.8035 0.5000
-10.1807 6.1313 0.5000
-7.4371 6.9630 0.5000
-0.9093 11.3339 0.5000
0.7497 11.4055 0.5000
0.8390 12.0085 0.5000
1.0547 13.5614 0.5000
0.0426 11.2590 0.5000
2.5915 8.8259 0.5000
1.4993 15.2925 0.5000
0.4749 4.9903 0.5000
0.0547 11.2508 0.5000
-10.1374 6.0538 0.5000
-7.5848 7.8929 0.5000
3.0926 15.7381 0.5000
-9.4707 5.8765 0.5000
-7.3269 7.6449 0.5000
-9.1375 8.5922 0.5000
-0.6023 11.2852 0.5000
1.0885 13.6624 0.5000
0.8067 9.2924 0.5000
-4.5352 7.6219 0.5000
-7.3004 7.9760 0.5000
-9.0644 8.9741 0.5000
-10.5465 5.4098 0.5000
-4.6847 8.0152 0.5000
-7.4738 7.4416 0.5000
-9.1692 8.4907 0.5000
-11.4729 8.2235 0.5000
-9.5663 9.7134 0.5000
-9.5651 9.6700 0.5000
1.2152 13.4423 0.5000
-11.4695 7.8089 0.5000
-9.5789 9.3410 0.5000
3.1167 15.7126 0.5000
-5.8330 8.1621 0.5000
0.3121 9.4460 0.5000
-4.5974 7.8819 0.5000
-4.5942 7.8475 0.5000
-9.2041 8.2129 0.5000
-8.9732 9.4246 0.5000
1.4531 14.8465 0.5000
1.8001 0.7646 0.5000
-0.7877 -2.4786 0.5000
-9.4059 10.4654 0.5000
-8.0235 8.0151 0.5000
-9.4316 6.3753 0.5000
-7.7097 7.8609 0.5000
-9.6501 8.9070 0.5000
-9.7055 8.9899 0.5000
-9.4533 10.2306 0.5000
3.8803 22.9914 0.5000
5.0443 21.0990 0.5000
-7.3795 8.0411 0.5000
-9.0105 9.0886 0.5000
-9.7516 9.0535 0.5000
-8.9857 10.3490 0.5000
0.3246 11.2179 0.5000
0.6599 11.1588 0.5000
0.0953 3.6345 0.5000
3.1930 14.9365 0.5000
-7.3165 7.8144 0.5000
-1.8468 9.6829 0.5000
0.1949 3.6151 0.5000
-7.3219 7.6792 0.5000
-7.3439 7.7092 0.5000
-9.7616 8.6320 0.5000
-20.0583 8.4051 0.5000
-9.4699 9.9189 0.5000
0.7350 11.3552 0.5000
1.0811 13.6384 0.5000
3.0247 14.9704 0.5000
0.6953 11.2136 0.5000
2.6501 18.8789 0.5000
-11.3679 8.7096 0.5000
-0.0370 9.4291 0.5000
3.1564 14.7542 0.5000
-11.4210 8.4330 0.5000
-9.5592 9.7647 0.5000
1.0926 13.5286 0.5000
2.9007 20.2183 0.5000
2.6545 19.0513 0.5000
2.7146 19.7649 0.5000
2.6238 20.0589 0.5000
1.9094 0.8141 0.5000
1.1123 12.8836 0.5000
1.5168 14.9489 0.5000
2.2147 15.8967 0.5000
-11.4635 8.3343 0.5000
1.1237 12.9036 0.5000
3.2439 14.7610 0.5000
-11.4214 8.5698 0.5000
0.4188 7.3352 0.5000
1.0634 12.5367 0.5000
1.6219 15.8819 0.5000
3.3261 21.4415 0.5000
-7.6781 8.1551 0.5000
-9.0026 9.3045 0.5000
1.0140 12.2965 0.5000
1.7289 0.6776 0.5000
-9.1833 8.3536 0.5000
-9.5708 9.5823 0.5000
-9.1488 8.3540 0.5000
-8.9726 9.5548 0.5000
2.5270 18.9182 0.5000
2.6587 -1.5730 0.5000
-11.4806 8.1454 0.5000
-9.5746 9.5493 0.5000
1.5028 15.3180 0.5000
-4.4635 7.9737 0.5000
-9.4957 9.7673 0.5000
-9.0509 8.5619 0.5000
-8.9167 9.7460 0.5000
2.9175 21.4373 0.5000
-11.4601 7.8788 0.5000
-9.5534 9.2679 0.5000
-9.3920 10.5493 0.5000
1.7443 0.7294 0.5000
2.9298 13.5996 0.5000
1.8946 0.7330 0.5000
-9.1518 8.6421 0.5000
-9.5638 9.9076 0.5000
3.3680 15.6259 0.5000
-8.8918 10.1172 0.5000
1.8856 0.7643 0.5000
2.0157 0.6676 0.5000
-9.0754 8.4276 0.5000
-8.9058 9.6161 0.5000
1.3001 13.9796 0.5000
2.6482 -1.6879 0.5000
-7.5262 8.0682 0.5000
-19.8595 9.7456 0.5000
-5.7148 9.2705 0.5000
1.8884 -12.7389 0.5000
-0.5346 -12.3244 0.5000
-9.7563 8.3906 0.5000
-8.9013 9.5113 0.5000
-9.3391 10.7517 0.5000
3.0154 -4.2452 0.5000
-6.7513 8.4459 0.5000
-9.3985 10.2680 0.5000
2.8062 13.1397 0.5000
-7.5637 8.0389 0.5000
-9.1453 8.3367 0.5000
0.5273 7.7974 0.5000
2.1759 2.5333 0.5000
1.5420 14.8406 0.5000
1.5687 14.8708 0.5000
2.6662 0.7464 0.5000
2.6062 0.8255 0.5000
2.3084 -6.0332 0.5000
2.7326 12.5135 0.5000
2.9100 13.6920 0.5000
0.4518 7.8178 0.5000
-6.9057 8.7266 0.5000
-2.2495 9.9541 0.5000
2.5460 0.8941 0.5000
-9.4057 10.2967 0.5000
-19.9070 9.5537 0.5000
2.6285 8.1411 0.5000
-3.1609 10.0324 0.5000
2.5108 9.1844 0.5000
1.3413 -6.6140 0.5000
-7.7443 8.1083 0.5000
-9.6610 9.2979 0.5000
-7.7067 10.5095 0.5000
-6.3488 10.8842 0.5000
-3.7413 10.2540 0.5000
2.1295 10.7519 0.5000
-9.7947 8.4043 0.5000
-9.6068 9.6100 0.5000
-18.9409 15.1910 0.5000
2.9071 13.7975 0.5000
-9.5717 9.6479 0.5000
4.5224 22.9746 0.5000
-7.5766 7.9426 0.5000
-9.7881 8.3045 0.5000
-8.9517 9.4895 0.5000
-7.4556 10.3287 0.5000
-2.8242 9.8952 0.5000
2.0901 10.7761 0.5000
2.0617 10.7186 0.5000
-9.0572 8.6696 0.5000
-9.8272 8.4240 0.5000
-8.6106 11.9999 0.5000
-2.5265 10.0037 0.5000
5.1354 22.8074 0.5000
5.1937 22.7341 0.5000
2.7629 12.7118 0.5000
-7.3185 7.9030 0.5000
-9.2107 8.9298 0.5000
-8.8009 10.0136 0.5000
-9.7309 8.9254 0.5000
-9.3240 10.0913 0.5000
2.8413 14.9075 0.5000
2.6504 9.1005 0.5000
-11.4044 8.1849 0.5000
-9.6626 9.5129 0.5000
-7.3925 10.3445 0.5000
3.0084 0.9044 0.5000
3.0073 0.8657 0.5000
2.8768 13.5157 0.5000
2.1067 10.7119 0.5000
2.0631 10.6355 0.5000
2.5823 -1.6944 0.5000
1.4527 -3.5482 0.5000
1.6727 -10.0066 0.5000
2.9690 14.0248 0.5000
2.0229 10.6691 0.5000
2.0311 10.6497 0.5000
2.7016 -1.5209 0.5000
-8.9447 9.4558 0.5000
2.8472 14.0194 0.5000
2.0481 10.7884 0.5000
2.8027 13.0033 0.5000
1.2216 -8.5199 0.5000
-7.6815 8.1188 0.5000
-11.3817 8.6082 0.5000
-9.5594 9.8270 0.5000
-18.8866 15.6130 0.5000
-9.5282 9.8442 0.5000
-7.6092 7.9295 0.5000
-9.4591 10.2836 0.5000
-9.1863 8.1726 0.5000
-5.5520 9.1546 0.5000
-8.7508 10.5574 0.5000
-9.1021 8.7328 0.5000
-9.5015 9.8663 0.5000
2.9026 13.6236 0.5000
-18.8456 15.5595 0.5000
-9.5230 9.7953 0.5000
-18.9362 15.4765 0.5000
2.0037 7.3534 0.5000
3.0735 -4.1495 0.5000
-7.4320 7.8725 0.5000
-0.4436 9.4829 0.5000
2.7999 -4.0015 0.5000
2.8068 -3.9912 0.5000
1.3777 -6.6440 0.5000
1.4627 -8.3439 0.5000
-7.3455 8.0467 0.5000
-5.5273 8.9302 0.5000
-8.8037 10.2072 0.5000
3.0175 14.2823 0.5000
-6.7548 8.4570 0.5000
-5.7209 9.2468 0.5000
-3.1575 9.9633 0.5000
-7.3048 7.7882 0.5000
-20.0016 8.8490 0.5000
2.0565 7.3605 0.5000
2.4396 -0.9782 0.5000
1.6920 -9.9519 0.5000
-7.3122 7.8614 0.5000
-5.5395 8.8033 0.5000
-8.8301 10.0898 0.5000
-5.7132 9.1787 0.5000
-6.4551 10.5843 0.5000
-8.7586 10.5193 0.5000
-4.1372 10.2362 0.5000
-20.0284 8.7890 0.5000
-7.4251 7.4375 0.5000
-11.4674 8.2934 0.5000
-9.0579 8.9417 0.5000
-7.4546 7.9707 0.5000
-8.9551 10.0273 0.5000
-2.2595 9.9404 0.5000
-7.4170 7.2081 0.5000
-7.4318 7.9050 0.5000
-11.4569 7.9848 0.5000
-9.4129 9.3334 0.5000
-19.0889 14.7254 0.5000
2.4162 2.4601 0.5000
2.7447 -5.1630 0.5000
-7.6805 8.0608 0.5000
-5.5454 9.0063 0.5000
-4.9372 7.9433 0.5000
-9.1700 8.4440 0.5000
-9.5089 10.1708 0.5000
-9.7236 8.3818 0.5000
-9.6477 9.5057 0.5000
-9.2755 11.8660 0.5000
2.0820 10.8087 0.5000
-4.9333 7.7819 0.5000
2.1822 10.7503 0.5000
2.7957 -4.2958 0.5000
-7.3602 7.9951 0.5000
-20.0106 9.2851 0.5000
2.0177 10.7389 0.5000
-4.8541 7.9237 0.5000
1.9774 10.7156 0.5000
1.9842 10.6972 0.5000
3.1036 0.9248 0.5000
3.0756 0.8706 0.5000
2.6884 13.1134 0.5000
2.1667 9.2487 0.5000
2.1901 10.7125 0.5000
2.2071 10.7191 0.5000
2.0138 9.1402 0.5000
2.3382 9.0953 0.5000
-7.4851 7.4646 0.5000
-5.7918 8.4852 0.5000
-5.5567 9.2252 0.5000
-4.9209 10.5441 0.5000
-0.6479 9.6588 0.5000
2.3951 9.0948 0.5000
1.8955 5.2502 0.5000
2.3742 -6.0788 0.5000
2.2651 -6.0503 0.5000
-8.8077 9.9753 0.5000
-20.0833 9.1531 0.5000
-18.7715 15.9672 0.5000
2.3589 -6.0143 0.5000
-11.5443 8.0384 0.5000
-2.4341 9.9690 0.5000
2.0283 10.8093 0.5000
2.7860 -5.1591 0.5000
-10.1958 6.4323 0.5000
-9.0339 10.1115 0.5000
-7.4141 7.5574 0.5000
-9.1039 8.4296 0.5000
-9.5365 9.5383 0.5000
-9.3287 10.6879 0.5000
-9.7190 8.3188 0.5000
-2.0522 9.8835 0.5000
3.1031 0.7643 0.5000
2.7463 -1.8143 0.5000
-4.9420 7.9586 0.5000
-0.2551 8.3528 0.5000
-0.5507 9.6724 0.5000
-9.5373 9.4828 0.5000
-9.3968 10.6199 0.5000
-9.4361 6.6135 0.5000
-9.0079 8.8830 0.5000
-20.8278 4.1534 0.5000
-7.6477 7.9514 0.5000
-11.4576 8.0111 0.5000
-9.4961 9.3150 0.5000
0.8720 6.6611 0.5000
1.0381 9.3467 0.5000
2.8315 0.7834 0.5000
-9.5755 6.3629 0.5000
-4.9457 8.1240 0.5000
-5.5437 9.1140 0.5000
3.1576 0.8740 0.5000
-0.5915 9.6456 0.5000
-0.5054 9.6510 0.5000
1.9734 1.9047 0.5000
-7.8172 8.1244 0.5000
-9.2898 10.2811 0.5000
2.0905 9.1403 0.5000
-9.0964 8.7147 0.5000
-10.1017 6.2554 0.5000
-3.0196 10.0757 0.5000
1.8168 6.2618 0.5000
2.9979 0.8441 0.5000
3.7797 -1.1106 0.5000
-9.6168 6.0119 0.5000
-4.2475 8.1262 0.5000
-6.7269 8.5120 0.5000
-10.3487 5.3252 0.5000
-7.4793 7.2368 0.5000
-7.6396 8.0994 0.5000
-9.3696 10.5917 0.5000
-3.3903 10.1723 0.5000
-20.0174 9.0997 0.5000
-2.5866 9.8877 0.5000
-7.8242 8.0401 0.5000
-9.0252 8.9301 0.5000
-9.2790 10.4946 0.5000
-3.1650 10.1079 0.5000
-2.4720 9.9884 0.5000
2.4120 3.1679 0.5000
-4.8741 7.8019 0.5000
-8.0674 8.1749 0.5000
-5.5522 9.0519 0.5000
-2.1740 9.9072 0.5000
-0.3576 9.5491 0.5000
-8.9021 9.6518 0.5000
-7.1936 10.3958 0.5000
-9.4650 6.4114 0.5000
-4.0789 10.2481 0.5000
-0.6656 9.6475 0.5000
3.0644 0.7907 0.5000
2.3930 2.4886 0.5000
-8.7431 10.5393 0.5000
3.7781 -1.0951 0.5000
-5.5479 8.9992 0.5000
-7.9769 8.0520 0.5000
-9.0039 9.0395 0.5000
-8.8531 10.0091 0.5000
-3.2622 10.1082 0.5000
-8.9509 9.2530 0.5000
-9.4678 6.7435 0.5000
-2.8887 10.0506 0.5000
1.7615 6.2318 0.5000
2.7267 0.7326 0.5000
-9.5283 6.1936 0.5000
-8.7405 10.4526 0.5000
-2.3935 9.9623 0.5000
-9.4997 9.4783 0.5000
-9.2709 10.5406 0.5000
-9.6045 9.4639 0.5000
-10.2320 5.7596 0.5000
-9.1869 8.2741 0.5000
-8.9462 9.3331 0.5000
-18.9858 15.1956 0.5000
-0.0203 8.1601 0.5000
2.8269 1.7366 0.5000
-4.7982 8.0062 0.5000
4.1566 -1.1978 0.5000
-7.5063 7.3587 0.5000
-11.5039 7.9375 0.5000
-5.5216 8.8515 0.5000
-9.4563 10.3668 0.5000
-3.6917 10.2248 0.5000
-12.0077 8.7810 0.5000
-20.9230 3.7629 0.5000
-7.4965 7.9223 0.5000
-3.5294 10.1560 0.5000
-8.1130 8.0112 0.5000
8.1424 -7.7544 0.5000
2.5972 9.1952 0.5000
-19.6592 11.2172 0.5000
-9.7507 8.4607 0.5000
-1.9210 9.7982 0.5000
-9.4978 6.2203 0.5000
-5.5393 8.7070 0.5000
1.7465 6.2438 0.5000
-9.1111 8.6516 0.5000
-8.8820 9.7576 0.5000
-7.2924 10.5006 0.5000
-9.1561 8.2148 0.5000
-9.0014 9.2566 0.5000
-8.8862 10.2754 0.5000
-11.4160 8.3688 0.5000
-19.8088 10.3231 0.5000
-6.3727 10.9961 0.5000
-2.7441 10.0040 0.5000
-19.8123 2.8215 0.5000
-9.1256 8.2989 0.5000
-9.8277 8.5180 0.5000
-19.0179 15.0784 0.5000
2.4410 7.9841 0.5000
0.5684 7.7107 0.5000
3.9692 -1.1376 0.5000
-4.9796 7.8789 0.5000
-7.4285 7.6166 0.5000
-5.8055 8.3909 0.5000
-5.5431 9.0542 0.5000
-19.9943 9.1597 0.5000
-18.8203 15.8159 0.5000
-9.7157 9.0724 0.5000
-18.8643 15.7667 0.5000
-11.5190 7.7755 0.5000
-19.9831 9.2866 0.5000
-0.7086 9.6477 0.5000
-9.4897 6.6185 0.5000
-5.0793 10.4728 0.5000
-8.9239 9.2707 0.5000
-8.7916 10.3183 0.5000
-2.0098 9.7664 0.5000
8.1312 -7.5585 0.5000
-7.3239 10.2721 0.5000
-3.1548 9.9380 0.5000
3.1787 0.6677 0.5000
-11.4695 8.1627 0.5000
3.9382 -1.1057 0.5000
-7.8266 8.0696 0.5000
-8.8549 9.9676 0.5000
-7.9400 8.0149 0.5000
-9.7701 8.7432 0.5000
-8.7168 11.8198 0.5000
2.7046 8.8693 0.5000
-7.4093 7.1029 0.5000
-7.9525 7.9601 0.5000
-9.3822 10.0450 0.5000
-18.9000 15.9211 0.5000
7.7749 -7.8154 0.5000
-4.9859 8.1152 0.5000
-12.0248 8.8416 0.5000
-18.8265 15.7874 0.5000
-19.9577 9.4528 0.5000
-9.2114 10.2171 0.5000
3.2180 0.9406 0.5000
-4.1741 8.0490 0.5000
-7.3524 7.4669 0.5000
-9.1826 9.3214 0.5000
-9.3755 10.4464 0.5000
2.8400 2.0406 0.5000
-10.1648 6.3619 0.5000
-8.1565 8.1550 0.5000
-9.0644 8.7881 0.5000
-3.5725 10.2034 0.5000
-11.3806 8.6695 0.5000
-18.9670 15.0208 0.5000
-18.9452 15.0750 0.5000
-11.4786 8.6528 0.5000
-10.1174 6.1035 0.5000
-20.9183 3.4094 0.5000
-9.7745 8.7739 0.5000
-8.9695 9.8892 0.5000
3.3335 0.8884 0.5000
-11.4468 8.2884 0.5000
-7.4701 7.2931 0.5000
-7.8512 8.1054 0.5000
-20.0472 8.9123 0.5000
-18.8616 15.5714 0.5000
2.7633 0.8010 0.5000
1.9869 5.7772 0.5000
-7.3693 7.9029 0.5000
-7.6936 10.5138 0.5000
-18.8228 16.0349 0.5000
-8.8645 9.8785 0.5000
-11.3821 8.5900 0.5000
-5.8840 10.6322 0.5000
-11.4846 8.0550 0.5000
3.0666 0.8312 0.5000
-9.1394 8.2295 0.5000
-8.9133 9.2421 0.5000
-8.7546 10.2933 0.5000
-6.4563 10.1629 0.5000
2.7972 2.3340 0.5000
-4.8010 7.8401 0.5000
-11.5037 8.0885 0.5000
-5.5678 8.9979 0.5000
-8.9161 9.3803 0.5000
-8.8608 10.0665 0.5000
-9.5507 10.1163 0.5000
-18.8536 15.7252 0.5000
-19.9674 9.0137 0.5000
-18.8629 15.6559 0.5000
-7.4109 7.2731 0.5000
-5.7968 8.2414 0.5000
-11.4764 7.7512 0.5000
-8.9565 9.1343 0.5000
-2.9457 10.0492 0.5000
-8.8858 9.7346 0.5000
-9.0112 10.2914 0.5000
-19.9095 9.5254 0.5000
-8.9542 9.2315 0.5000
3.2026 0.8229 0.5000
2.7118 3.2705 0.5000
-9.0082 9.1249 0.5000
-8.8057 10.1623 0.5000
-19.7531 10.6316 0.5000
-3.4097 10.1068 0.5000
-1.0057 9.6761 0.5000
1.9818 5.7369 0.5000
3.6966 0.9309 0.5000
-4.9408 8.0113 0.5000
-8.9879 12.7061 0.5000
-2.6949 10.0172 0.5000
-19.9239 9.6427 0.5000
-7.4337 7.9841 0.5000
-20.0511 8.8063 0.5000
-8.6768 11.9184 0.5000
-11.4613 7.6609 0.5000
-19.9177 9.2058 0.5000
-9.4624 6.7706 0.5000
-9.7928 8.5405 0.5000
-8.9217 9.5596 0.5000
-9.5581 10.0387 0.5000
-19.7799 10.3416 0.5000
-9.6094 9.5661 0.5000
-9.8063 8.6296 0.5000
-18.9772 15.4018 0.5000
-5.1824 10.5249 0.5000
3.1087 0.8108 0.5000
-9.4574 10.4851 0.5000
-20.0228 9.0465 0.5000
-19.4569 11.2642 0.5000
-18.8251 15.6903 0.5000
-20.0329 8.9609 0.5000
-9.1755 7.9038 0.5000
-7.9310 8.0788 0.5000
3.2564 0.8612 0.5000
-9.0633 9.3419 0.5000
-0.4999 9.6620 0.5000
-7.5998 8.0690 0.5000
-7.6781 8.0154 0.5000
-5.5511 8.8608 0.5000
-19.9283 9.4255 0.5000
1.7481 6.8065 0.5000
3.0341 2.2600 0.5000
-9.6323 9.8464 0.5000
-8.7779 10.4494 0.5000
-9.0140 9.3957 0.5000
-9.6218 9.4216 0.5000
-19.0081 14.9428 0.5000
3.2951 0.7611 0.5000
-4.8879 7.8550 0.5000
3.8969 -1.1012 0.5000
-8.3711 2.4715 0.5000
-4.2382 8.0675 0.5000
-8.9224 9.1675 0.5000
2.8397 2.3117 0.5000
-7.7574 8.1242 0.5000
-9.6151 9.6739 0.5000
3.2814 0.9813 0.5000
1.7353 6.2539 0.5000
-8.9598 9.5230 0.5000
-9.2095 8.0669 0.5000
1.7960 6.2568 0.5000
-8.9321 12.6823 0.5000
-19.9526 9.6530 0.5000
-7.5323 8.0263 0.5000
-9.0831 8.8969 0.5000
-9.1601 7.9533 0.5000
-8.8160 10.3238 0.5000
-6.3289 11.0100 0.5000
-18.7068 16.2808 0.5000
-18.7452 16.2402 0.5000
-9.5878 9.4484 0.5000
-8.8417 9.9001 0.5000
-3.0713 9.9809 0.5000
-6.2490 10.6304 0.5000
-19.7405 10.5816 0.5000
-8.4237 12.6794 0.5000
-9.0502 8.6316 0.5000
-9.0461 10.6684 0.5000
-3.8454 10.1846 0.5000
-1.9767 7.5038 0.5000
-8.3686 2.6517 0.5000
-8.3861 2.7303 0.5000
-18.7420 16.0864 0.5000
-18.7265 16.0361 0.5000
-18.8225 15.9455 0.5000
-5.7518 8.2561 0.5000
-9.0518 9.1268 0.5000
-8.9467 10.1912 0.5000
4.0832 -1.3104 0.5000
-11.8478 8.8164 0.5000
-18.8800 15.3650 0.5000
-20.1065 8.7281 0.5000
-18.9355 15.3795 0.5000
-8.0968 8.0519 0.5000
-19.9717 9.1437 0.5000
-3.7521 10.1668 0.5000
-18.8137 16.1118 0.5000
-2.0044 7.5170 0.5000
-8.3371 3.0948 0.5000
-9.1070 8.5144 0.5000
-5.5003 10.5847 0.5000
-8.2059 2.8987 0.5000
-6.8998 8.6151 0.5000
-1.9567 7.3825 0.5000
-8.4171 2.5685 0.5000
-8.3978 2.3049 0.5000
-8.4264 2.4212 0.5000
-5.8554 8.3271 0.5000
-9.5229 10.1060 0.5000
-8.3042 2.2886 0.5000
-8.3327 2.3738 0.5000
-8.0412 8.0647 0.5000
2.9235 2.2641 0.5000
-11.3658 8.7988 0.5000
-8.5993 12.0049 0.5000
1.8946 5.0995 0.5000
-8.3823 2.9104 0.5000
-9.4986 9.4050 0.5000
-11.5608 7.9566 0.5000
-19.9572 9.6357 0.5000
-18.6402 16.5985 0.5000
-20.0003 9.1985 0.5000
-3.8873 10.2033 0.5000
2.2939 9.0995 0.5000
7.6900 -7.7445 0.5000
-11.4027 8.7705 0.5000
-18.7639 15.6146 0.5000
-2.6116 10.0019 0.5000
4.6235 -1.2626 0.5000
-9.5832 9.4855 0.5000
-11.4009 8.4786 0.5000
3.0223 2.7619 0.5000
-1.9573 7.4142 0.5000
-8.3284 2.8875 0.5000
-8.3652 2.5543 0.5000
-8.7890 10.1571 0.5000
-8.3489 2.5056 0.5000
-11.5597 7.9266 0.5000
-19.9214 9.4736 0.5000
-9.3453 10.2465 0.5000
-11.4553 7.9293 0.5000
-9.0583 10.1568 0.5000
-8.2591 2.3865 0.5000
-8.2230 2.4287 0.5000
-9.1274 8.1885 0.5000
-1.8616 7.2719 0.5000
4.9299 -2.3566 0.5000
-8.5202 1.8051 0.5000
-8.5004 1.8983 0.5000
-8.6352 3.2436 0.5000
-7.9790 8.1514 0.5000
-20.0361 9.2210 0.5000
-8.9508 10.1861 0.5000
-8.4035 1.3699 0.5000
-9.7143 8.6512 0.5000
-2.2784 9.7933 0.5000
2.5047 7.8454 0.5000
-8.2998 1.1639 0.5000
-8.4094 2.7164 0.5000
-7.4108 7.7040 0.5000
-9.1880 9.5993 0.5000
-9.1093 10.6895 0.5000
-9.0427 9.1986 0.5000
-20.4494 6.9715 0.5000
-8.1442 0.8681 0.5000
-8.1347 0.9848 0.5000
-20.4104 6.8894 0.5000
-8.3418 2.1489 0.5000
-5.5787 9.1044 0.5000
-8.4109 2.1610 0.5000
-8.4275 2.0047 0.5000
-9.2080 10.1661 0.5000
-18.7915 16.1864 0.5000
-2.0154 7.4796 0.5000
-8.2933 3.0176 0.5000
-8.3354 2.7547 0.5000
-8.9706 9.3123 0.5000
8.0180 -7.6651 0.5000
-5.7511 9.1347 0.5000
-19.7965 10.2401 0.5000
-1.9376 7.3812 0.5000
1.9367 5.4977 0.5000
-8.5111 2.0909 0.5000
-7.4830 8.1013 0.5000
-9.7984 8.9666 0.5000
-18.8212 15.6188 0.5000
-7.6106 8.0354 0.5000
-18.8748 15.5127 0.5000
-8.3433 1.9831 0.5000
-9.0369 8.7732 0.5000
-9.7030 9.0399 0.5000
-18.8007 16.0850 0.5000
-4.2558 8.0760 0.5000
-9.1741 8.1327 0.5000
-5.7121 9.1285 0.5000
-5.2830 10.3570 0.5000
-19.9767 9.5881 0.5000
-9.5326 9.7143 0.5000
-6.7025 10.2378 0.5000
3.0346 2.2316 0.5000
-9.3431 10.8808 0.5000
-4.4713 10.4059 0.5000
-9.7169 9.2307 0.5000
-18.6874 16.2188 0.5000
-7.4051 7.3923 0.5000
-9.1677 8.0969 0.5000
-9.2349 10.3926 0.5000
-9.5105 6.0046 0.5000
-4.8720 7.9766 0.5000
-7.0723 10.2860 0.5000
-4.9795 8.0927 0.5000
-2.4258 9.8663 0.5000
-19.9657 8.7613 0.5000
-5.4452 10.4858 0.5000
-7.4578 7.3572 0.5000
-20.9155 3.7008 0.5000
-9.7595 8.6774 0.5000
-10.0181 5.0493 0.5000
-9.4091 6.4630 0.5000
-9.0232 8.7088 0.5000
-3.6520 10.1254 0.5000
-9.1656 8.8000 0.5000
-9.5605 6.0994 0.5000
-9.1556 8.3356 0.5000
-9.1985 10.4167 0.5000
-3.1439 10.0891 0.5000
-9.4644 6.6968 0.5000
-7.4234 8.0284 0.5000
2.0332 5.8419 0.5000
-9.4828 6.3387 0.5000
-9.3697 6.5242 0.5000
-2.9588 10.0641 0.5000
-9.5068 6.3903 0.5000
-2.4351 9.8423 0.5000
-9.4091 6.5591 0.5000
-4.8010 10.3293 0.5000
-4.8931 8.0598 0.5000
-10.4302 5.3505 0.5000
-7.5022 7.4776 0.5000
-11.5235 8.1082 0.5000
-4.1659 10.2277 0.5000
-11.4728 7.7178 0.5000
-9.6597 9.0140 0.5000
-9.4156 10.1390 0.5000
-0.3579 9.5784 0.5000
-0.3987 9.6303 0.5000
-11.4557 8.5993 0.5000
-19.7404 10.7739 0.5000
-4.1718 8.0568 0.5000
-19.8093 10.5911 0.5000
-10.9525 11.0937 0.5000
-3.7363 10.1995 0.5000
-9.5539 6.2186 0.5000
-0.3408 9.6202 0.5000
-0.3294 9.5940 0.5000
1.8123 6.1231 0.5000
-4.9449 8.0933 0.5000
-5.9825 10.7055 0.5000
-7.5018 0.2521 0.5000
-4.6357 8.4330 0.5000
-7.3827 0.2077 0.5000
-8.0032 8.1144 0.5000
-7.1962 -1.6663 0.5000
-7.3984 0.1817 0.5000
-7.4921 0.1954 0.5000
-4.9193 7.8661 0.5000
-1.9028 7.3241 0.5000
-7.0906 -1.8069 0.5000
-7.2924 0.2505 0.5000
-8.2728 1.0548 0.5000
-9.7299 9.3040 0.5000
-18.5427 16.6569 0.5000
-6.8729 -1.8869 0.5000
-7.2639 -0.0007 0.5000
-8.3186 0.7260 0.5000
-21.0017 4.1100 0.5000
-9.0880 8.8382 0.5000
-9.0382 9.8209 0.5000
-8.7132 10.7602 0.5000
-7.1934 0.0095 0.5000
-7.4531 8.0201 0.5000
-7.3876 10.4285 0.5000
-7.2264 -0.5912 0.5000
-2.7478 9.8853 0.5000
-9.9711 -14.7541 0.5000
-9.9321 -14.7808 0.5000
-6.3705 -2.0602 0.5000
-6.1771 -1.8282 0.5000
-7.1898 -0.7638 0.5000
-7.1312 -0.7075 0.5000
-8.1523 0.1815 0.5000
-8.1339 0.2066 0.5000
-10.1108 5.0059 0.5000
-9.4378 6.5035 0.5000
-8.8624 9.6627 0.5000
-1.8580 7.1082 0.5000
-3.5021 0.2453 0.5000
-3.5199 0.2541 0.5000
-5.7905 -1.9482 0.5000
-5.8946 -2.0742 0.5000
-7.3961 -1.7931 0.5000
-7.5872 0.2892 0.5000
-3.4124 0.2151 0.5000
-3.4540 0.2133 0.5000
-5.7252 -2.1484 0.5000
-7.2065 -1.8328 0.5000
-7.4056 0.2139 0.5000
-9.0786 9.0070 0.5000
-2.3914 9.8855 0.5000
-3.3785 0.2327 0.5000
-7.2358 -1.8645 0.5000
-7.4119 0.1737 0.5000
-7.5389 0.1962 0.5000
-1.9300 -0.0003 0.5000
-1.9521 -0.0122 0.5000
-2.9549 0.1124 0.5000
-3.0030 0.1440 0.5000
-4.9212 -1.8151 0.5000
-4.8113 -1.4110 0.5000
-6.4237 -1.7916 0.5000
-6.6310 -1.9987 0.5000
-7.1368 -0.4075 0.5000
-7.1187 -0.2391 0.5000
-20.1551 8.8301 0.5000
-1.8203 -0.0134 0.5000
-1.9052 7.2710 0.5000
-2.9016 10.0506 0.5000
-6.9587 -0.2929 0.5000
-9.4130 10.8320 0.5000
-2.2002 -3.1365 0.5000
-2.3019 -3.0207 0.5000
-9.8279 -14.7900 0.5000
-10.0027 -14.7023 0.5000
-6.2751 -2.0427 0.5000
-6.4110 -2.0339 0.5000
-7.3695 -1.1125 0.5000
-7.2900 -0.7990 0.5000
-9.1920 10.2850 0.5000
-1.3385 -3.7609 0.5000
-1.3795 -3.2225 0.5000
-2.1108 0.0146 0.5000
-2.1725 0.0289 0.5000
-5.3389 -2.2664 0.5000
-5.4068 -2.2789 0.5000
-6.8201 -2.0999 0.5000
-6.9448 -2.0404 0.5000
-7.0870 0.0250 0.5000
-7.2321 0.0157 0.5000
-7.6976 10.2697 0.5000
-5.2332 10.3111 0.5000
-2.0530 9.7479 0.5000
-1.2613 -3.6055 0.5000
-2.0611 0.0339 0.5000
-5.3227 -2.3305 0.5000
-5.3492 -2.2193 0.5000
-6.7016 -1.9005 0.5000
-7.0916 -0.0104 0.5000
-7.1518 -0.0232 0.5000
-9.4724 9.9833 0.5000
-3.9587 10.1482 0.5000
-2.1924 9.7942 0.5000
2.2238 7.4148 0.5000
-1.9465 0.0287 0.5000
-1.4106 9.7337 0.5000
1.9967 9.7711 0.5000
2.5101 9.2143 0.5000
2.6058 9.1702 0.5000
-0.7076 0.6071 0.5000
-0.7515 0.2860 0.5000
-1.7683 -0.0303 0.5000
-2.7750 0.0877 0.5000
-2.8169 0.1167 0.5000
-4.5326 -1.4888 0.5000
-4.7687 -1.9914 0.5000
-6.2131 -1.8659 0.5000
-7.0510 -0.6450 0.5000
-8.0535 0.2998 0.5000
2.2174 9.2480 0.5000
-1.7846 -0.0660 0.5000
-2.7234 0.0739 0.5000
2.2685 9.2019 0.5000
-11.4232 7.9163 0.5000
-8.9670 9.0732 0.5000
-3.8874 10.1450 0.5000
-2.3143 9.7906 0.5000
2.3079 9.2100 0.5000
-7.0048 -1.1471 0.5000
-7.9877 -0.1974 0.5000
-19.5423 2.6287 0.5000
-9.1145 8.0841 0.5000
-11.3723 8.2616 0.5000
2.6586 8.9277 0.5000
2.4408 8.0384 0.5000
-1.5656 -3.1853 0.5000
-1.4880 -2.0486 0.5000
-2.3383 0.0957 0.5000
-2.3282 0.1291 0.5000
-8.4813 -15.1168 0.5000
-5.7041 -2.2537 0.5000
-6.7794 -1.3475 0.5000
-4.8089 7.4365 0.5000
-3.3596 10.0376 0.5000
1.9971 9.3764 0.5000
-0.3506 2.6760 0.5000
-0.3664 2.7977 0.5000
-1.4971 -1.9764 0.5000
-3.4035 0.1941 0.5000
-5.5429 -1.8939 0.5000
-6.2784 -0.4694 0.5000
-7.4156 0.1487 0.5000
-9.5111 5.9190 0.5000
-6.7424 8.3961 0.5000
-2.2457 0.0148 0.5000
-3.2099 0.1732 0.5000
-3.2712 0.1899 0.5000
-7.1743 0.0844 0.5000
-18.5226 2.1379 0.5000
-7.6999 7.9467 0.5000
-8.8735 9.6249 0.5000
-5.0961 10.3646 0.5000
-1.9765 9.7467 0.5000
-7.9105 -15.2826 0.5000
-5.4407 -2.3025 0.5000
-5.5118 -2.3305 0.5000
-6.9246 -2.1166 0.5000
-7.0138 -2.0727 0.5000
-8.0849 -1.0226 0.5000
-4.8697 7.7365 0.5000
-5.7672 8.1428 0.5000
-8.8654 9.5650 0.5000
-6.5270 10.0365 0.5000
-4.8258 10.2472 0.5000
-2.7076 9.8461 0.5000
2.6596 8.9775 0.5000
-2.1608 -0.0027 0.5000
-6.9180 -2.1516 0.5000
-7.3838 7.0712 0.5000
-8.1159 7.7596 0.5000
-9.0054 8.6265 0.5000
-4.7026 10.1566 0.5000
2.1912 9.2715 0.5000
-0.1775 2.4857 0.5000
-0.2148 2.2120 0.5000
-2.1427 0.0891 0.5000
-7.7556 -15.3158 0.5000
-7.8055 -15.3181 0.5000
-5.3934 -2.3766 0.5000
-6.8648 -2.1905 0.5000
-6.8658 -2.1075 0.5000
-7.9464 -1.2033 0.5000
-7.9441 -1.1012 0.5000
-4.1539 7.8928 0.5000
-7.3362 7.2278 0.5000
-11.4429 7.6116 0.5000
-8.9550 8.8672 0.5000
-3.3288 9.8659 0.5000
-3.1094 9.9877 0.5000
1.9325 7.5535 0.5000
-0.0553 3.0439 0.5000
-1.7693 7.0805 0.5000
-1.4931 9.7416 0.5000
-1.3651 9.7407 0.5000
0.2702 9.4176 0.5000
0.5169 9.4271 0.5000
1.9489 9.8344 0.5000
1.9934 9.4691 0.5000
2.5576 9.2803 0.5000
0.1165 8.0536 0.5000
-4.1651 7.9670 0.5000
-5.5501 8.8132 0.5000
-2.4890 9.7972 0.5000
2.0138 7.5087 0.5000
-1.9735 0.0308 0.5000
-5.1642 -2.5905 0.5000
-5.1841 -2.3756 0.5000
-6.6432 -2.1249 0.5000
1.8791 7.5336 0.5000
-1.3299 -3.7496 0.5000
-5.3528 -2.2675 0.5000
-6.8134 -2.0064 0.5000
-6.9029 -2.0844 0.5000
-7.1391 -0.0380 0.5000
-7.6470 7.8443 0.5000
-8.8201 10.4209 0.5000
-5.3709 10.3354 0.5000
-2.9526 9.8984 0.5000
-1.3346 -3.1974 0.5000
-2.1372 -0.0160 0.5000
-6.8150 -2.1078 0.5000
-7.2120 -0.0188 0.5000
-7.4051 7.0360 0.5000
-7.7458 7.7884 0.5000
-7.4389 10.1742 0.5000
-5.2448 10.2899 0.5000
-2.8692 9.8442 0.5000
-2.0951 0.0786 0.5000
-5.2610 -2.3008 0.5000
-5.2189 -2.1439 0.5000
-6.0082 -0.7413 0.5000
-7.0739 -0.0589 0.5000
-7.1168 -0.0604 0.5000
-7.3560 7.1534 0.5000
-9.1549 7.7866 0.5000
-9.1077 8.8087 0.5000
-9.4383 9.8748 0.5000
-4.0064 10.0866 0.5000
-2.5290 9.7949 0.5000
2.0057 7.5552 0.5000
-1.8368 7.0989 0.5000
-1.8996 7.3256 0.5000
0.4840 9.4339 0.5000
0.1729 8.0038 0.5000
-0.1749 3.8927 0.5000
-7.4887 7.0035 0.5000
-7.5555 7.8471 0.5000
-6.6264 10.1208 0.5000
-4.8006 10.2943 0.5000
-1.9858 -3.1010 0.5000
-2.5551 0.1326 0.5000
-2.6215 0.1314 0.5000
-9.1474 -14.9600 0.5000
-6.0299 -2.1785 0.5000
-6.0789 -2.1449 0.5000
-7.2004 -1.3942 0.5000
-7.2003 -1.2507 0.5000
-7.9915 -0.1045 0.5000
-8.1149 -0.1279 0.5000
-9.5188 5.9503 0.5000
-11.4123 8.3003 0.5000
-0.5074 1.6215 0.5000
-9.4982 10.0464 0.5000
-1.6785 -3.1817 0.5000
-2.4263 0.0452 0.5000
-2.4136 0.0849 0.5000
-5.8366 -2.2120 0.5000
-7.0607 -1.6277 0.5000
-7.0497 -1.5303 0.5000
-8.0968 -0.6444 0.5000
-8.0302 -0.4804 0.5000
-10.1263 5.5634 0.5000
-7.3507 7.3528 0.5000
-7.3218 7.5370 0.5000
-9.1208 7.9233 0.5000
-10.1103 9.2647 0.5000
-4.1130 10.1244 0.5000
-9.1092 12.4362 0.5000
-2.1066 9.7864 0.5000
-2.1917 0.0776 0.5000
-3.7610 -1.6152 0.5000
-0.0868 8.2248 0.5000
-1.9078 7.2123 0.5000
-0.3321 2.9602 0.5000
-0.3327 2.9357 0.5000
-1.5438 -3.1808 0.5000
-2.2677 0.0601 0.5000
-3.3047 0.1827 0.5000
-5.4567 -1.9805 0.5000
-5.5735 -2.1809 0.5000
-7.0800 -1.9655 0.5000
-7.2862 0.0965 0.5000
-7.3524 0.1361 0.5000
-8.1769 0.9911 0.5000
-8.2621 0.9878 0.5000
-0.2759 3.4381 0.5000
-1.1405 -1.9399 0.5000
-1.1994 -2.1450 0.5000
-3.1479 0.1483 0.5000
-5.3538 -2.5038 0.5000
-5.4111 -2.5203 0.5000
-6.7078 -2.0088 0.5000
-6.7794 -2.0308 0.5000
-7.0162 0.0130 0.5000
-7.0648 0.0912 0.5000
-8.0526 0.8384 0.5000
-6.1830 10.5564 0.5000
-0.2242 3.6897 0.5000
-2.0045 -0.0032 0.5000
-2.0758 -0.0084 0.5000
-5.3060 -2.5698 0.5000
-6.6517 -2.0163 0.5000
-7.0143 -0.0767 0.5000
-7.0276 0.0863 0.5000
-9.0772 8.4688 0.5000
-8.7961 10.3786 0.5000
-3.0633 9.9165 0.5000
-5.2880 -2.3648 0.5000
-6.6451 -2.0989 0.5000
-6.7316 -2.0795 0.5000
-6.9226 -0.0767 0.5000
-9.3696 6.4352 0.5000
-3.5094 10.0897 0.5000
-2.9595 0.0994 0.5000
-5.1897 -2.6199 0.5000
-6.5267 -2.1345 0.5000
-6.8853 -0.1290 0.5000
-7.7907 7.8019 0.5000
-4.5515 10.2212 0.5000
-2.7888 9.9085 0.5000
0.4334 7.8639 0.5000
-6.1776 10.6094 0.5000
-3.0959 10.0967 0.5000
-2.2766 9.8328 0.5000
-0.1191 4.5692 0.5000
-0.1379 4.4638 0.5000
-0.6166 1.7314 0.5000
-0.6527 1.5023 0.5000
-1.8631 -1.9103 0.5000
-1.9453 -1.9032 0.5000
-2.6521 0.1901 0.5000
-4.3589 -1.4686 0.5000
-6.1237 -2.1430 0.5000
-7.0700 -0.9724 0.5000
-8.3591 -0.4449 0.5000
-4.6013 7.5315 0.5000
-0.0520 4.5838 0.5000
-0.1033 4.4024 0.5000
-0.5636 1.7966 0.5000
-0.6089 1.3722 0.5000
-1.9090 -3.1546 0.5000
-9.0877 -14.9707 0.5000
-9.2062 -14.8608 0.5000
-5.9822 -2.1162 0.5000
-7.3946 -1.7383 0.5000
-7.3299 -1.4247 0.5000
-8.3401 -0.6312 0.5000
-9.2036 8.0115 0.5000
-4.7251 10.3363 0.5000
-0.0569 4.5195 0.5000
-0.0696 4.3662 0.5000
-0.5434 1.5745 0.5000
-0.5505 1.1512 0.5000
-2.6262 0.1585 0.5000
-9.0179 -14.9925 0.5000
-5.9715 -2.1839 0.5000
-6.0380 -2.1102 0.5000
-7.2529 -1.5553 0.5000
-8.2668 -0.5788 0.5000
-8.2388 -0.3806 0.5000
-0.1238 9.4754 0.5000
-0.0041 4.5866 0.5000
-2.4823 0.1184 0.5000
-2.4461 9.7838 0.5000
-1.1542 9.6995 0.5000
-0.0055 4.6037 0.5000
-1.8612 7.2165 0.5000
-1.9533 7.4691 0.5000
-9.4800 5.9805 0.5000
-3.2220 9.9370 0.5000
-3.1406 10.0232 0.5000
-1.4931 -3.2412 0.5000
-5.5996 -2.2734 0.5000
-5.6334 -2.2420 0.5000
-7.0024 -2.0308 0.5000
-7.1070 -2.0074 0.5000
-7.2503 0.0254 0.5000
-8.1543 -0.9633 0.5000
-8.2185 0.8952 0.5000
-7.9571 7.8910 0.5000
-6.6105 10.0892 0.5000
-4.9699 10.2890 0.5000
-2.2864 -0.0029 0.5000
-7.3693 7.1455 0.5000
-7.9991 7.8242 0.5000
-20.0230 8.3786 0.5000
-4.9252 10.2488 0.5000
-7.0071 -2.1048 0.5000
-7.2069 -0.0511 0.5000
-8.0375 -1.0336 0.5000
-8.0836 7.7956 0.5000
-9.7021 8.5609 0.5000
-4.8568 10.1966 0.5000
-3.8624 10.0875 0.5000
-2.1309 9.7461 0.5000
-0.1758 2.5680 0.5000
-2.0028 0.0292 0.5000
-2.0305 0.0555 0.5000
-3.0697 0.1268 0.5000
-7.0967 -0.1130 0.5000
-8.0051 0.7499 0.5000
-9.4832 5.4970 0.5000
-9.1270 7.7271 0.5000
-9.2315 9.7529 0.5000
-4.0031 10.0453 0.5000
-2.4528 9.7497 0.5000
-1.9253 9.6941 0.5000
0.3036 7.9423 0.5000
-1.9017 7.1861 0.5000
-0.2503 3.3630 0.5000
-1.2672 -2.4102 0.5000
-3.2057 0.1459 0.5000
-3.2336 0.0607 0.5000
-5.4752 -2.4540 0.5000
-6.3792 -1.2292 0.5000
-6.8007 -1.9792 0.5000
-7.1158 0.0990 0.5000
-8.0251 0.8285 0.5000
-8.0794 0.9009 0.5000
-3.4966 10.1179 0.5000
-0.2000 3.7298 0.5000
-0.2535 3.4591 0.5000
-7.0352 -0.0124 0.5000
-11.3511 8.4286 0.5000
-2.2196 9.8010 0.5000
-9.0854 12.5615 0.5000
-3.1062 0.0971 0.5000
-5.2387 -2.3247 0.5000
-6.9696 -0.0499 0.5000
-7.9409 0.7786 0.5000
-7.9823 0.8137 0.5000
-8.1197 7.9230 0.5000
-4.2035 10.1730 0.5000
-3.3853 10.0661 0.5000
2.4152 9.2321 0.5000
-5.1087 -2.6122 0.5000
-0.0679 4.4828 0.5000
-0.5155 1.6510 0.5000
-1.7981 -1.9064 0.5000
-2.5636 0.1581 0.5000
-8.0200 -0.0017 0.5000
-8.3699 1.5562 0.5000
-9.4027 6.4179 0.5000
-0.4450 2.3702 0.5000
-0.4589 2.2780 0.5000
-2.4830 0.0353 0.5000
-8.4782 1.1078 0.5000
-9.1548 10.1323 0.5000
-3.2029 9.9825 0.5000
-3.0015 0.0794 0.5000
-6.6590 -2.1275 0.5000
-6.5631 -2.1412 0.5000
-6.9525 -0.0890 0.5000
-7.8537 0.7968 0.5000
-7.3551 7.2074 0.5000
-0.3323 3.1121 0.5000
-2.2972 0.1445 0.5000
-3.3052 0.2083 0.5000
-5.5158 -2.1482 0.5000
-6.2868 -0.6291 0.5000
-7.3149 0.1335 0.5000
-8.3199 1.0347 0.5000
-9.5293 5.8629 0.5000
-0.2008 3.7628 0.5000
-0.2073 3.6416 0.5000
-1.0539 -1.4907 0.5000
-5.3906 -2.4783 0.5000
-7.5091 7.9270 0.5000
-8.8121 10.5153 0.5000
-2.6548 9.9498 0.5000
-11.5869 8.5059 0.5000
-12.0149 8.4824 0.5000
-7.4610 10.2549 0.5000
-6.5123 10.4201 0.5000
-4.8544 10.2738 0.5000
2.0934 7.4979 0.5000
-5.1180 -2.3874 0.5000
-6.9163 -0.0423 0.5000
-7.9206 0.8319 0.5000
-7.6843 7.8117 0.5000
-11.4816 7.4792 0.5000
-9.0016 8.5233 0.5000
-9.6654 8.8215 0.5000
-3.2581 9.9401 0.5000
0.2508 7.9892 0.5000
-1.6650 -0.0519 0.5000
-4.5170 -1.5559 0.5000
0.3725 9.4364 0.5000
-0.1400 8.2631 0.5000
-0.2674 3.3032 0.5000
-1.2308 -1.9748 0.5000
-5.4766 -2.4244 0.5000
-6.2827 -0.9111 0.5000
-1.0019 -1.1395 0.5000
-1.0924 -1.7941 0.5000
-8.0073 0.8574 0.5000
-9.0921 10.4783 0.5000
-8.0377 0.6115 0.5000
2.4782 9.2497 0.5000
-7.9298 0.6975 0.5000
-7.4919 7.8263 0.5000
-9.0583 8.5221 0.5000
-5.4777 10.3583 0.5000
2.3802 9.2136 0.5000
-2.8710 0.0972 0.5000
-4.5926 -1.4697 0.5000
-6.3928 -2.1589 0.5000
-4.9358 7.7266 0.5000
-4.5186 10.2222 0.5000
0.0887 5.6387 0.5000
0.0793 5.5679 0.5000
-0.1736 4.1527 0.5000
-0.1659 4.0738 0.5000
-0.1112 4.3148 0.5000
-0.1055 4.1006 0.5000
-0.6432 0.9815 0.5000
-0.7174 0.5342 0.5000
-2.7084 0.1548 0.5000
-2.7525 0.1061 0.5000
-9.3476 -14.9419 0.5000
-9.4581 -14.8665 0.5000
-6.1108 -2.0781 0.5000
-6.2802 -2.1342 0.5000
-7.1652 -0.8969 0.5000
-8.0534 -0.0307 0.5000
-8.1025 0.0597 0.5000
0.1226 5.6677 0.5000
-0.6106 0.8629 0.5000
-2.0392 -3.1043 0.5000
-1.7158 -0.0689 0.5000
-2.6815 0.1101 0.5000
-9.2399 -14.9622 0.5000
-9.4094 -14.9073 0.5000
-6.1096 -2.1706 0.5000
-6.2049 -2.1493 0.5000
-7.1090 -1.0855 0.5000
-7.0635 -0.8451 0.5000
-8.0252 0.1314 0.5000
-2.4507 9.8447 0.5000
-1.6454 -0.0786 0.5000
-5.9865 -1.9840 0.5000
-9.4101 6.2110 0.5000
-11.3890 8.2477 0.5000
-9.6405 9.3615 0.5000
-3.5597 10.0975 0.5000
-8.2663 0.8916 0.5000
-5.1094 10.3018 0.5000
-3.1627 0.1377 0.5000
-3.2568 0.1464 0.5000
-5.3560 -2.3366 0.5000
-6.7503 -1.9348 0.5000
-6.9694 -2.0594 0.5000
-7.8576 7.8360 0.5000
-9.5385 9.5580 0.5000
-7.0888 10.1274 0.5000
-5.0756 10.2717 0.5000
-0.2121 2.3146 0.5000
-8.0012 -1.1078 0.5000
-7.9737 7.7836 0.5000
-9.0273 8.5805 0.5000
-9.0504 9.5337 0.5000
2.6055 9.2050 0.5000
1.9797 7.5736 0.5000
-5.1741 -2.1680 0.5000
-9.1041 7.7882 0.5000
-9.4930 9.8301 0.5000
-1.8617 9.6988 0.5000
0.4120 9.4140 0.5000
2.4735 9.2900 0.5000
0.2178 8.0197 0.5000
-0.0012 5.0013 0.5000
0.0345 5.0402 0.5000
-6.7124 8.3492 0.5000
-0.2549 3.2367 0.5000
-1.3033 -3.6985 0.5000
-3.1985 0.1626 0.5000
-8.0246 0.9366 0.5000
-8.1033 0.9047 0.5000
-7.6641 7.8947 0.5000
-11.0314 10.8657 0.5000
2.2101 9.2948 0.5000
-20.0724 8.1516 0.5000
-7.3212 10.1914 0.5000
-6.5098 10.3965 0.5000
-5.0316 10.2839 0.5000
-4.9657 7.7210 0.5000
-20.3149 6.1536 0.5000
-5.5331 8.6954 0.5000
-4.0448 10.1321 0.5000
2.3111 9.2541 0.5000
-1.8472 7.1451 0.5000
-0.1203 4.1723 0.5000
-2.7762 0.1722 0.5000
-5.5389 8.7672 0.5000
-0.0504 4.6262 0.5000
-0.5848 1.3452 0.5000
-8.0822 -0.1517 0.5000
-8.3845 1.3694 0.5000
-9.4600 6.0306 0.5000
-0.0171 4.6756 0.5000
-0.0504 4.4103 0.5000
-11.4392 7.8673 0.5000
-6.4547 10.6690 0.5000
-1.6846 -3.1195 0.5000
-2.4219 0.1470 0.5000
-5.7553 -2.2278 0.5000
-7.0196 -1.4082 0.5000
-6.9912 -1.4834 0.5000
-7.8550 -0.2941 0.5000
-7.8105 -0.2097 0.5000
-8.2565 1.2100 0.5000
-8.2981 1.2662 0.5000
-9.3994 6.0314 0.5000
-7.3239 7.5561 0.5000
-6.4551 10.5208 0.5000
2.5820 9.2180 0.5000
-1.8039 7.2717 0.5000
-1.9372 7.4058 0.5000
-7.2056 -1.4859 0.5000
-7.9703 -0.0747 0.5000
-8.3677 1.4044 0.5000
-2.9135 9.9104 0.5000
-0.4018 2.1168 0.5000
-8.2458 -0.7274 0.5000
-8.3566 1.0931 0.5000
-4.1652 10.1936 0.5000
1.9593 7.5074 0.5000
0.0462 4.7088 0.5000
-0.0034 4.5088 0.5000
-8.9063 9.8524 0.5000
-5.7501 -2.2556 0.5000
-7.0466 -1.6487 0.5000
-7.0225 -1.5523 0.5000
-8.0888 -0.6552 0.5000
-9.7756 8.1076 0.5000
-9.6479 9.2194 0.5000
-9.3611 10.2486 0.5000
-0.2497 2.3940 0.5000
-2.2455 0.0699 0.5000
2.4074 9.2584 0.5000
-2.1938 0.1366 0.5000
-5.3345 -2.0768 0.5000
-5.4875 -2.2920 0.5000
-6.1130 -0.6125 0.5000
-9.4432 10.0286 0.5000
-3.1262 0.1586 0.5000
-6.7810 -2.0778 0.5000
-7.9093 7.8393 0.5000
-6.8791 10.1101 0.5000
-4.9466 10.2813 0.5000
-2.6570 9.8458 0.5000
2.2625 9.2704 0.5000
-8.0061 0.7858 0.5000
-8.0182 7.8219 0.5000
-4.7549 10.2440 0.5000
0.5626 9.4193 0.5000
2.3345 9.3067 0.5000
2.4621 8.0521 0.5000
0.5517 7.7685 0.5000
-0.1489 2.8055 0.5000
-6.7786 -2.1779 0.5000
-7.1163 -0.1065 0.5000
-8.0527 0.7714 0.5000
-4.8659 7.7906 0.5000
-7.3334 7.2825 0.5000
-11.4244 7.5230 0.5000
2.2252 9.3298 0.5000
1.8685 6.6303 0.5000
0.0754 8.1186 0.5000
-0.7784 -2.4409 0.5000
-1.8202 0.0241 0.5000
-0.1854 8.3179 0.5000
-1.8764 7.1670 0.5000
-0.0500 4.3060 0.5000
-1.9751 -3.0888 0.5000
-6.0632 -2.0979 0.5000
-6.7973 -0.5579 0.5000
-7.9737 -0.0300 0.5000
-8.0376 0.0699 0.5000
-8.3047 1.6207 0.5000
-9.6747 9.4933 0.5000
-5.3740 10.3652 0.5000
-2.6182 0.0604 0.5000
-7.0537 -1.3257 0.5000
-8.0454 -0.2647 0.5000
-19.9468 9.1646 0.5000
-2.5541 0.0691 0.5000
-11.4437 7.8050 0.5000
-8.9569 9.0237 0.5000
-0.3928 1.2658 0.5000
-0.4474 0.9262 0.5000
-1.7091 -3.1397 0.5000
-5.8540 -2.2507 0.5000
-5.8659 -2.2285 0.5000
-6.9414 -1.2748 0.5000
-6.8575 -1.1994 0.5000
-7.8104 -0.1524 0.5000
-9.4171 5.8639 0.5000
-10.0801 5.8921 0.5000
-7.3312 7.4491 0.5000
-7.2586 7.6369 0.5000
-11.3914 8.0687 0.5000
-9.6039 9.2506 0.5000
-0.2282 2.1410 0.5000
-1.3763 -3.1890 0.5000
-2.2151 0.1147 0.5000
-1.8719 7.3563 0.5000
-1.4329 -3.1952 0.5000
-5.5767 -2.2499 0.5000
-7.0133 -1.9545 0.5000
-8.0843 -0.9538 0.5000
-8.0619 -0.8667 0.5000
-8.3003 0.9664 0.5000
-4.6344 10.2291 0.5000
-8.1905 0.8483 0.5000
-20.3250 6.1004 0.5000
-4.5828 10.1998 0.5000
-2.6164 9.8478 0.5000
-11.4870 7.3687 0.5000
-9.5431 9.6927 0.5000
-6.5163 10.0602 0.5000
-4.4119 10.1111 0.5000
-2.5594 9.7969 0.5000
2.5293 9.2571 0.5000
-0.1638 2.5308 0.5000
-0.1868 2.2845 0.5000
-1.2024 -3.1930 0.5000
-5.3195 -2.3553 0.5000
-6.8280 -2.1811 0.5000
-7.9227 -1.1668 0.5000
-7.8880 -1.1111 0.5000
-8.1279 0.7480 0.5000
-11.4492 7.5987 0.5000
-3.2095 9.8984 0.5000
-3.0284 9.9519 0.5000
2.6201 9.2545 0.5000
-0.0412 3.2830 0.5000
-1.8103 7.1525 0.5000
0.0463 5.1197 0.5000
-5.5596 9.0100 0.5000
-1.1299 -2.0046 0.5000
-3.0686 0.1649 0.5000
-5.3274 -2.5144 0.5000
-6.7012 -1.9832 0.5000
-7.9525 0.6811 0.5000
-11.3555 8.3590 0.5000
-19.8231 10.1050 0.5000
-7.9462 0.7219 0.5000
-2.8807 9.8976 0.5000
-1.8870 -0.0291 0.5000
-1.8811 0.0279 0.5000
-2.9351 0.1190 0.5000
-6.4716 -2.1275 0.5000
-6.8234 -0.0854 0.5000
-6.8354 -0.1370 0.5000
-7.8588 0.6385 0.5000
-7.8208 0.6766 0.5000
-9.0400 8.6642 0.5000
-4.3698 10.1993 0.5000
0.0282 8.1574 0.5000
-9.4568 6.3689 0.5000
-5.5103 10.4905 0.5000
-0.0563 4.6832 0.5000
-0.5302 1.8374 0.5000
-0.5807 1.5916 0.5000
-7.2575 -1.5123 0.5000
-7.2554 -1.3894 0.5000
-8.2641 -0.5426 0.5000
-8.2113 -0.3070 0.5000
-8.4090 1.2625 0.5000
-9.3345 10.4999 0.5000
-0.0188 4.7190 0.5000
-0.5041 1.4717 0.5000
-19.9259 9.1004 0.5000
-8.1091 -0.4805 0.5000
-1.6441 -3.1948 0.5000
-2.3761 0.0885 0.5000
-2.3595 0.1082 0.5000
-5.7405 -2.2313 0.5000
-7.0299 -1.6785 0.5000
-6.7812 -1.2819 0.5000
-8.2648 1.1414 0.5000
-3.4559 10.0781 0.5000
0.0281 5.2358 0.5000
0.0224 5.1632 0.5000
-0.3011 3.1657 0.5000
-5.4065 -2.2063 0.5000
-5.3108 -2.4093 0.5000
-6.9990 0.0198 0.5000
-7.9938 0.9080 0.5000
-7.4362 7.8304 0.5000
-1.0194 -2.4612 0.5000
2.3544 9.2564 0.5000
-0.7691 -1.1111 0.5000
-2.8986 0.1029 0.5000
-5.0171 -2.6168 0.5000
-6.4026 -2.1708 0.5000
-6.7963 -0.1109 0.5000
-2.9350 9.9915 0.5000
-1.6290 -1.9343 0.5000
-2.4785 0.1722 0.5000
-6.8103 -1.0674 0.5000
-8.0158 -0.4169 0.5000
-8.3141 1.2844 0.5000
-2.9154 9.8892 0.5000
-2.3026 0.0144 0.5000
-2.3813 0.0334 0.5000
-5.6074 -2.2706 0.5000
-8.1236 -0.9140 0.5000
-8.3005 0.9497 0.5000
-7.3569 7.2948 0.5000
-9.1692 7.8076 0.5000
-9.0114 8.8048 0.5000
-2.5425 9.8469 0.5000
-8.3119 0.8561 0.5000
-11.4515 7.5400 0.5000
-19.9839 8.5525 0.5000
-4.2678 10.1156 0.5000
-0.2959 1.7721 0.5000
-2.2701 0.0136 0.5000
-5.5839 -2.3031 0.5000
-6.9497 -1.8157 0.5000
-7.9896 -0.8931 0.5000
-7.9567 -0.7403 0.5000
-9.7720 7.9818 0.5000
-9.5168 9.0621 0.5000
-6.2725 10.3716 0.5000
-2.8610 9.9237 0.5000
-0.1806 2.3560 0.5000
-3.8023 10.0481 0.5000
-5.5458 -2.2741 0.5000
-8.0246 -0.9056 0.5000
-8.2142 0.9214 0.5000
-11.4334 7.7840 0.5000
-8.9101 9.0288 0.5000
-8.1148 0.7630 0.5000
-8.1736 7.8004 0.5000
-9.0717 9.5593 0.5000
-6.5840 10.0967 0.5000
-4.6115 10.1979 0.5000
-20.3060 5.8797 0.5000
-20.0143 8.1406 0.5000
-6.5565 10.0466 0.5000
-4.5214 10.1298 0.5000
2.5201 9.3139 0.5000
0.5153 7.8087 0.5000
-0.1401 2.4757 0.5000
-0.1661 2.1547 0.5000
-6.7959 -2.2030 0.5000
-7.8452 -1.1564 0.5000
-7.8493 -1.0728 0.5000
-8.0727 0.7157 0.5000
-4.5681 10.1184 0.5000
-19.1433 15.4873 0.5000
-3.0358 9.9165 0.5000
2.4069 9.3443 0.5000
2.4388 8.1161 0.5000
0.3577 7.9311 0.5000
-0.0449 2.9486 0.5000
-0.8428 -3.2481 0.5000
-2.9411 0.0916 0.5000
-4.9604 -2.2675 0.5000
-2.7398 9.9088 0.5000
2.2014 9.3863 0.5000
2.5999 8.6569 0.5000
1.9748 7.6718 0.5000
0.1660 8.0590 0.5000
-0.1862 3.9601 0.5000
-0.1545 3.9435 0.5000
-0.8543 -0.1220 0.5000
-0.8641 -0.2677 0.5000
-4.6683 -1.4247 0.5000
-4.8390 -1.7831 0.5000
-6.4545 -2.0360 0.5000
-7.0765 -0.3404 0.5000
-8.0885 0.5003 0.5000
-11.8992 8.6451 0.5000
-3.6909 10.1544 0.5000
-0.7577 -0.0271 0.5000
-6.3388 -2.0914 0.5000
-7.0981 -0.6982 0.5000
-8.0513 0.1703 0.5000
-9.7888 8.2975 0.5000
-9.5486 9.3463 0.5000
2.7098 8.9030 0.5000
-8.0353 0.2471 0.5000
-18.9108 16.1661 0.5000
-9.4667 -14.9230 0.5000
-6.2580 -2.1796 0.5000
-6.9088 -0.5090 0.5000
-6.8701 -0.4997 0.5000
-7.9603 0.2052 0.5000
-7.9368 0.3120 0.5000
-9.3558 6.2103 0.5000
-7.5106 7.8059 0.5000
-6.8540 8.4685 0.5000
-11.8286 8.4124 0.5000
-6.9770 10.1975 0.5000
-4.7628 10.2642 0.5000
-3.6164 10.1020 0.5000
-1.4992 -0.1090 0.5000
-2.5074 0.1468 0.5000
-7.1890 10.3203 0.5000
-0.1081 4.3565 0.5000
-0.6604 1.0137 0.5000
-0.7145 0.7334 0.5000
-2.0893 -3.0855 0.5000
-1.7771 -0.1166 0.5000
-6.2450 -2.0812 0.5000
-6.2593 -2.0714 0.5000
-7.1979 -0.9938 0.5000
-7.1764 -0.8430 0.5000
-8.1089 0.1663 0.5000
-9.4948 6.1519 0.5000
-8.7836 10.1437 0.5000
-1.7907 9.7460 0.5000
-11.4219 8.0034 0.5000
-9.4358 10.1662 0.5000
-3.7573 10.1447 0.5000
-1.8945 -3.1412 0.5000
-1.5922 -0.0670 0.5000
-7.0269 -1.0553 0.5000
-6.9504 -1.0408 0.5000
-7.9084 -0.0998 0.5000
-8.2943 1.4221 0.5000
-8.2106 1.5282 0.5000
-9.3805 6.1988 0.5000
-9.0873 8.3159 0.5000
-0.2537 3.0532 0.5000
-6.8978 -2.0496 0.5000
-8.1767 0.9413 0.5000
-4.4535 10.2414 0.5000
-7.9871 0.8852 0.5000
-6.4537 10.1301 0.5000
-5.2239 -2.3837 0.5000
-6.7024 -2.1179 0.5000
-9.7092 8.6289 0.5000
-9.5222 9.6466 0.5000
-4.4729 10.1970 0.5000
-0.7526 -1.8505 0.5000
-1.7999 0.0215 0.5000
-2.8255 0.0934 0.5000
-3.9658 10.0959 0.5000
-6.9231 -1.9674 0.5000
-7.2089 0.0966 0.5000
-4.2382 8.0450 0.5000
-9.6564 8.9596 0.5000
-3.1688 10.0939 0.5000
-7.7566 10.2750 0.5000
-5.1758 10.3045 0.5000
-7.8497 7.8098 0.5000
-7.2284 10.1832 0.5000
-5.1582 -2.3336 0.5000
-6.6675 -2.1574 0.5000
-7.9566 0.7817 0.5000
-7.3968 7.0201 0.5000
-7.8350 7.7921 0.5000
2.1211 9.3060 0.5000
-0.0467 3.5764 0.5000
-0.7196 -1.8909 0.5000
-0.1595 3.8029 0.5000
-0.9347 -0.6383 0.5000
-0.9509 -0.8515 0.5000
-3.0023 0.1531 0.5000
-4.7632 -1.4102 0.5000
-4.7758 -1.3970 0.5000
-6.5733 -2.0060 0.5000
-7.0052 -0.2252 0.5000
-7.0053 -0.1437 0.5000
-8.0539 0.6989 0.5000
-7.7707 7.9651 0.5000
-20.0685 8.5605 0.5000
-7.0303 -0.4318 0.5000
-8.0605 0.3743 0.5000
-9.5573 9.3526 0.5000
-1.8735 -0.0510 0.5000
-7.9999 0.4228 0.5000
-9.6222 -14.9157 0.5000
-6.3241 -2.1379 0.5000
-6.8801 -0.3941 0.5000
-6.8667 -0.3462 0.5000
-7.9022 0.3644 0.5000
-7.8906 0.4900 0.5000
-12.1771 8.4520 0.5000
-1.5261 -0.0395 0.5000
-0.1093 4.2573 0.5000
-8.3804 1.6863 0.5000
-0.5309 1.7192 0.5000
-0.5860 1.4077 0.5000
-7.2517 -1.4947 0.5000
-7.2109 -1.3157 0.5000
-8.2338 -0.4602 0.5000
-8.1310 -0.2008 0.5000
-8.3812 1.3343 0.5000
-8.0763 -0.4016 0.5000
-7.3058 7.4567 0.5000
-2.3534 9.7965 0.5000
-6.7420 -1.2097 0.5000
-7.8363 -0.3420 0.5000
-8.0349 -0.6373 0.5000
-9.4372 5.9100 0.5000
-0.3094 2.7438 0.5000
-6.1593 -0.5124 0.5000
-8.2708 0.9361 0.5000
-9.1588 8.0285 0.5000
-1.2799 -3.6747 0.5000
-20.1125 8.0636 0.5000
-7.6282 10.2451 0.5000
-5.1035 10.2956 0.5000
-6.7639 -2.1066 0.5000
-7.3082 10.1341 0.5000
2.1842 9.3249 0.5000
-0.8564 -2.3672 0.5000
-0.8993 -3.1613 0.5000
-5.0579 -2.4442 0.5000
-6.5125 -2.1513 0.5000
-7.8330 0.7371 0.5000
-4.2314 10.1417 0.5000
-0.1560 4.1460 0.5000
-0.7652 0.5087 0.5000
-0.7637 0.4913 0.5000
-6.1779 -1.7942 0.5000
-6.8427 -0.2145 0.5000
-8.1257 0.2510 0.5000
-8.3564 1.8525 0.5000
-9.0720 9.6197 0.5000
-0.6333 1.1585 0.5000
-0.6911 0.7732 0.5000
-2.7324 0.1046 0.5000
-7.1842 -1.0951 0.5000
-8.0395 0.0286 0.5000
-8.3944 1.5158 0.5000
-9.0730 10.1282 0.5000
-1.6866 -0.1017 0.5000
-2.6975 0.0684 0.5000
-7.0203 -0.9960 0.5000
-6.9692 -0.7765 0.5000
-7.9914 0.0145 0.5000
-7.9565 0.0770 0.5000
-19.7644 10.0721 0.5000
-3.8030 10.1318 0.5000
-3.2036 0.2016 0.5000
-7.9025 0.8615 0.5000
-7.6170 7.8686 0.5000
-7.7316 7.8202 0.5000
-12.1279 8.4226 0.5000
-7.7891 10.2456 0.5000
-5.2967 10.3359 0.5000
-0.7457 -1.6678 0.5000
-0.9572 -1.2595 0.5000
-5.2913 -2.5287 0.5000
-6.6103 -2.0096 0.5000
-6.1290 10.5608 0.5000
-4.2647 10.2149 0.5000
-6.9002 -0.1501 0.5000
-7.9891 0.5645 0.5000
-11.3976 8.3283 0.5000
-6.8956 -0.0805 0.5000
-7.9061 0.6245 0.5000
-7.8626 0.8219 0.5000
-7.4551 6.9661 0.5000
-5.0282 -2.6528 0.5000
-6.7501 -0.1855 0.5000
-7.8381 0.5452 0.5000
-7.8250 0.5729 0.5000
-1.7951 7.1229 0.5000
-5.8007 8.3047 0.5000
-4.7058 -1.4346 0.5000
-6.5475 -2.0875 0.5000
-6.5620 -2.0939 0.5000
-7.0357 -0.3064 0.5000
-7.0114 -0.1517 0.5000
-8.0558 0.4900 0.5000
-6.9762 -0.3677 0.5000
-19.8227 9.8664 0.5000
-1.9367 -0.0607 0.5000
-6.9002 -0.2985 0.5000
-7.9253 0.4848 0.5000
-9.5220 -14.9656 0.5000
-4.5024 -1.5014 0.5000
-6.3298 -2.1809 0.5000
-6.2009 -2.0487 0.5000
-6.8454 -0.3609 0.5000
-6.8089 -0.4090 0.5000
-7.8730 0.3700 0.5000
-7.5672 7.7871 0.5000
-4.7397 10.2259 0.5000
-6.7867 8.3516 0.5000
-5.7379 9.0535 0.5000
-2.9965 9.9583 0.5000
-7.3099 0.0064 0.5000
-4.9071 7.8494 0.5000
-8.0745 7.8944 0.5000
-7.1861 -0.0504 0.5000
-8.1115 7.8264 0.5000
-20.0228 8.2465 0.5000
-4.6865 10.1919 0.5000
-7.9780 -1.0772 0.5000
-8.2142 0.7997 0.5000
-20.3326 5.9521 0.5000
-1.9807 9.6896 0.5000
-0.1238 2.8552 0.5000
-0.1429 2.6636 0.5000
-1.9943 0.0649 0.5000
-3.0917 0.0969 0.5000
-5.0785 -2.1681 0.5000
-6.7047 -2.2042 0.5000
-1.1233 9.6979 0.5000
-5.4225 -2.4735 0.5000
-6.2675 -1.0042 0.5000
-8.1668 8.0158 0.5000
-9.1234 10.4116 0.5000
-2.9825 9.9413 0.5000
-4.2787 10.1760 0.5000
-6.8433 -0.3482 0.5000
-7.2526 -1.4360 0.5000
-8.2910 -0.4805 0.5000
-8.1625 -0.2237 0.5000
-8.4566 1.4056 0.5000
-0.4538 2.1155 0.5000
-7.3398 -1.8404 0.5000
-8.2656 -0.6741 0.5000
-8.4349 1.1527 0.5000
-19.9590 9.0669 0.5000
-9.0355 9.9264 0.5000
-2.5370 0.0594 0.5000
-7.0901 -1.6778 0.5000
-7.1096 -1.6275 0.5000
-8.1176 -0.6561 0.5000
-8.1448 -0.5734 0.5000
-8.3029 1.1416 0.5000
-8.3451 1.1939 0.5000
-9.5782 9.2105 0.5000
-6.3575 10.5394 0.5000
1.0973 7.2184 0.5000
-1.1654 -2.4929 0.5000
-11.5136 7.6536 0.5000
-5.4006 10.4057 0.5000
1.0579 7.3315 0.5000
-11.8267 8.4575 0.5000
0.9809 7.3947 0.5000
-7.7352 10.2463 0.5000
-9.7115 8.7199 0.5000
-9.1889 9.7444 0.5000
0.6389 7.7254 0.5000
0.8964 7.3904 0.5000
-4.9082 10.3892 0.5000
1.0963 7.2586 0.5000
-0.6408 1.0785 0.5000
-1.7451 -0.1124 0.5000
-6.1550 -2.1422 0.5000
-7.1861 -1.0411 0.5000
-8.0629 0.0479 0.5000
-8.0562 0.1491 0.5000
-8.0069 -0.0787 0.5000
-7.9585 0.1011 0.5000
-6.4801 10.7353 0.5000
-3.8874 10.1842 0.5000
1.0964 7.4552 0.5000
1.1189 7.3065 0.5000
-1.7565 -3.1186 0.5000
-1.8230 -3.1166 0.5000
-2.5128 0.1557 0.5000
-5.9889 -2.2045 0.5000
-5.9238 -2.1752 0.5000
-6.9848 -1.1338 0.5000
-6.9601 -1.1971 0.5000
-7.8587 -0.1107 0.5000
-7.8570 -0.0888 0.5000
-8.2946 1.3871 0.5000
-9.2085 10.3205 0.5000
0.9350 7.5396 0.5000
0.1022 8.1002 0.5000
-1.3344 -1.9829 0.5000
-3.8689 -1.6003 0.5000
-5.4469 -2.0751 0.5000
0.6764 7.6223 0.5000
-8.2183 0.8409 0.5000
0.7583 7.5618 0.5000
-0.1824 2.4209 0.5000
-11.4703 7.5956 0.5000
2.3512 9.3012 0.5000
0.9680 7.4251 0.5000
-0.0676 3.0934 0.5000
-0.0825 2.9346 0.5000
-0.8894 -3.7220 0.5000
-5.0498 -2.4191 0.5000
-1.8009 7.2117 0.5000
-1.9178 7.4568 0.5000
-1.0986 9.6684 0.5000
0.8406 7.4065 0.5000
-0.2061 3.8094 0.5000
-0.9559 -0.7508 0.5000
-0.9946 -1.0423 0.5000
-8.0697 0.5611 0.5000
-8.3527 2.0232 0.5000
-7.8050 7.9855 0.5000
0.9469 7.4841 0.5000
0.9020 7.3733 0.5000
-1.9835 -0.0528 0.5000
-7.0114 -0.3845 0.5000
-7.9711 0.4857 0.5000
0.9309 7.4497 0.5000
-6.9126 -0.3555 0.5000
-7.9104 0.4177 0.5000
-1.1043 -1.9858 0.5000
-5.9943 10.5061 0.5000
0.8531 7.4918 0.5000
-6.9516 -0.1386 0.5000
-7.9646 0.6444 0.5000
0.8130 7.5291 0.5000
0.8662 7.5212 0.5000
-5.1094 -2.6530 0.5000
-5.0968 -2.6633 0.5000
-7.8793 0.5631 0.5000
-7.8373 0.6080 0.5000
-4.4497 10.1676 0.5000
2.0766 7.5372 0.5000
-1.6296 -0.0260 0.5000
-4.5262 -1.9574 0.5000
-6.0013 -1.9653 0.5000
-5.6632 10.4720 0.5000
-0.4538 1.8459 0.5000
-5.8401 -2.1708 0.5000
-7.1802 -1.6353 0.5000
-8.1548 -0.6625 0.5000
-8.1597 -0.5300 0.5000
-8.3526 1.2596 0.5000
-6.2111 10.5126 0.5000
-8.1534 -0.7774 0.5000
-8.3534 1.0098 0.5000
-19.9916 8.8283 0.5000
-9.4950 9.8975 0.5000
0.8652 7.5789 0.5000
-8.0724 -0.7263 0.5000
-8.0415 -0.5425 0.5000
-8.9470 9.8215 0.5000
-6.9772 -1.7836 0.5000
-6.9185 -1.7463 0.5000
-7.9876 -0.7520 0.5000
-7.9588 -0.6722 0.5000
-8.2437 1.0262 0.5000
-8.2138 1.0906 0.5000
-9.7422 8.0345 0.5000
-9.5649 9.1054 0.5000
-0.1443 2.7823 0.5000
0.9241 7.6257 0.5000
0.7905 7.5051 0.5000
-0.2606 3.1238 0.5000
-2.1052 0.1198 0.5000
-5.3551 -2.2424 0.5000
-8.9511 9.9442 0.5000
-6.6619 -2.0893 0.5000
0.7048 7.6866 0.5000
-11.8419 8.3936 0.5000
-5.1213 -2.3454 0.5000
-7.6658 7.7819 0.5000
0.8399 7.5936 0.5000
-0.9282 -2.2009 0.5000
-0.9879 -2.4617 0.5000
-1.9059 0.0759 0.5000
-5.2000 -2.4800 0.5000
-5.7914 8.1766 0.5000
0.0897 5.5064 0.5000
-0.1599 4.0386 0.5000
-0.7491 0.3715 0.5000
-9.6459 -14.8081 0.5000
-6.2037 -1.8015 0.5000
-7.0062 -0.5798 0.5000
-7.0756 -0.5134 0.5000
-8.0963 0.2083 0.5000
-8.0755 0.3244 0.5000
0.8232 7.6411 0.5000
-7.0558 -0.7469 0.5000
-9.7642 8.2064 0.5000
-9.2593 9.2943 0.5000
-6.9970 -0.6017 0.5000
-6.9980 -1.6955 0.5000
-6.9887 -1.5877 0.5000
-8.0185 -0.7322 0.5000
-7.9935 -0.5622 0.5000
-9.7623 8.0734 0.5000
-9.6088 9.1246 0.5000
-9.3407 10.1736 0.5000
-1.2249 -2.0018 0.5000
2.2615 9.3140 0.5000
-5.2576 -2.4528 0.5000
-20.0438 8.7073 0.5000
-7.8516 0.7446 0.5000
-7.4797 7.7867 0.5000
-6.8664 -0.1635 0.5000
-7.9027 0.5243 0.5000
-7.8582 0.6732 0.5000
-20.0637 8.3151 0.5000
-4.3320 10.1938 0.5000
-4.5281 -1.7035 0.5000
-6.1052 -1.9464 0.5000
-8.3689 1.7616 0.5000
0.8455 7.6637 0.5000
-8.1959 -0.3598 0.5000
-8.4147 1.4955 0.5000
0.7798 7.6288 0.5000
-11.3742 8.1520 0.5000
-9.6161 9.3340 0.5000
-9.3363 10.2987 0.5000
-2.0395 -3.0315 0.5000
-6.2328 -2.1506 0.5000
-6.9369 -0.6487 0.5000
-7.9586 0.1780 0.5000
-7.9227 0.2207 0.5000
-10.0553 5.9759 0.5000
-11.7355 8.3728 0.5000
-5.9889 -1.5893 0.5000
-6.7597 -0.2919 0.5000
-8.3287 1.7886 0.5000
-0.0031 4.8061 0.5000
-0.4722 2.0084 0.5000
-2.5105 0.0476 0.5000
-7.2082 -1.5598 0.5000
-8.2492 -0.5570 0.5000
0.7388 7.5095 0.5000
-19.0630 15.0580 0.5000
0.7322 7.7526 0.5000
0.7272 7.6430 0.5000
-6.4607 10.6493 0.5000
-19.1429 14.9908 0.5000
-5.0980 -2.6098 0.5000
-4.9535 8.0391 0.5000
-0.8035 -0.1724 0.5000
-6.4956 -2.0685 0.5000
-6.9690 -0.2175 0.5000
-8.0039 0.5098 0.5000
-8.2067 2.0562 0.5000
-8.0709 7.9936 0.5000
-5.7668 10.4964 0.5000
-6.8554 -2.0776 0.5000
-8.1307 7.8669 0.5000
0.8736 7.7029 0.5000
-0.2417 2.4427 0.5000
-4.0396 -2.7687 0.5000
-7.9702 -1.1083 0.5000
0.7082 7.7031 0.5000
-0.9353 -3.6678 0.5000
-5.0797 -2.3281 0.5000
-3.9253 10.0936 0.5000
2.4457 8.0893 0.5000
-9.4559 6.1299 0.5000
-9.2307 12.4527 0.5000
-6.0721 -1.9271 0.5000
-8.8362 -15.0602 0.5000
-9.0108 -15.0043 0.5000
-6.1747 -2.1626 0.5000
0.6937 7.7088 0.5000
-1.5901 -0.1557 0.5000
-8.7056 -15.0816 0.5000
-5.8804 -2.0102 0.5000
-5.9336 -1.9512 0.5000
-19.8348 9.7464 0.5000
-0.4101 1.0406 0.5000
-3.4776 10.0319 0.5000
-1.2034 -3.6276 0.5000
0.2985 6.5662 0.5000
-1.2426 -3.3171 0.5000
-5.2394 -2.2925 0.5000
-8.9738 9.7467 0.5000
-0.5037 8.3166 0.5000
0.8262 7.4574 0.5000
0.1882 6.2163 0.5000
-6.1144 -1.7508 0.5000
-10.1745 3.5696 0.5000
-10.1213 4.9938 0.5000
-4.9579 7.7902 0.5000
0.2932 6.6478 0.5000
0.1278 5.9617 0.5000
-0.0142 4.9194 0.5000
-0.3197 3.0246 0.5000
-1.1586 -2.0560 0.5000
-10.1364 4.0648 0.5000
-18.5484 2.0676 0.5000
-20.0565 8.6157 0.5000
-9.7882 -14.8440 0.5000
-10.0009 4.9532 0.5000
-9.4093 6.3320 0.5000
-10.1316 3.5261 0.5000
-10.0537 4.8996 0.5000
-10.0705 6.0909 0.5000
-9.2792 10.1992 0.5000
0.3215 6.6750 0.5000
-10.0515 3.7795 0.5000
-10.5295 4.9058 0.5000
-20.0927 8.0417 0.5000
-4.6849 10.2353 0.5000
-0.4547 8.3229 0.5000
0.2129 6.4193 0.5000
0.0931 5.6823 0.5000
0.2949 6.7791 0.5000
-9.9236 3.1732 0.5000
-10.0308 4.5064 0.5000
-19.9206 9.2705 0.5000
0.3174 6.7675 0.5000
-1.6551 -3.2224 0.5000
-8.2033 -15.2467 0.5000
-8.9549 10.3762 0.5000
-3.9608 -1.5584 0.5000
-8.0604 -15.1804 0.5000
0.3365 6.8380 0.5000
-4.3040 10.1344 0.5000
-0.5035 8.2878 0.5000
0.2818 6.9073 0.5000
0.3357 6.9073 0.5000
-5.8564 10.5324 0.5000
0.3219 6.9505 0.5000
-0.0097 4.9662 0.5000
-0.9061 -0.3547 0.5000
-10.2086 3.5133 0.5000
-10.1138 6.1911 0.5000
-10.2293 9.4952 0.5000
-9.2922 10.4246 0.5000
0.3488 7.0305 0.5000
-6.6085 10.1902 0.5000
0.2932 6.5140 0.5000
-1.8147 -0.0643 0.5000
-11.4061 8.2473 0.5000
-0.2629 9.6074 0.5000
0.8547 7.6977 0.5000
-0.4685 8.3618 0.5000
0.3992 7.1726 0.5000
-0.4673 8.4458 0.5000
-0.4086 8.2119 0.5000
-8.5955 3.0254 0.5000
-6.8708 8.5043 0.5000
0.3626 7.0955 0.5000
-1.7407 -3.2309 0.5000
-2.6750 0.0496 0.5000
-8.0727 2.8157 0.5000
-10.0595 3.1700 0.5000
-9.9768 4.6150 0.5000
-8.0150 2.7684 0.5000
-9.4012 3.0039 0.5000
-9.9995 4.0397 0.5000
-18.3646 1.7828 0.5000
-11.9123 8.3517 0.5000
0.3081 6.6478 0.5000
-0.4753 0.6784 0.5000
-0.5000 0.4258 0.5000
-1.5556 -3.2078 0.5000
-2.4899 0.0502 0.5000
-2.5806 0.0483 0.5000
-7.9979 2.7792 0.5000
-10.0212 3.0420 0.5000
-9.9399 4.5130 0.5000
-3.8036 10.0972 0.5000
0.3777 7.1382 0.5000
-0.3775 1.0057 0.5000
-0.3571 1.0553 0.5000
-0.1583 9.4974 0.5000
-0.4560 8.2943 0.5000
-0.7912 9.6453 0.5000
0.3902 7.2631 0.5000
-6.7157 8.2918 0.5000
-9.6616 3.0828 0.5000
-10.0385 4.2592 0.5000
-4.5552 7.3879 0.5000
-4.1653 7.9444 0.5000
-7.2579 7.6502 0.5000
-9.0977 8.2309 0.5000
-0.3951 0.9022 0.5000
-0.4165 0.6806 0.5000
-8.0827 2.7717 0.5000
-9.6677 2.9867 0.5000
-9.8969 4.2443 0.5000
-11.4429 7.4969 0.5000
-0.4106 8.2813 0.5000
-1.5000 9.7490 0.5000
-5.5858 10.4477 0.5000
-8.1510 2.3856 0.5000
-9.0506 3.0567 0.5000
-10.3987 5.0380 0.5000
-4.9524 7.9877 0.5000
-11.3414 8.4097 0.5000
-7.1555 10.2331 0.5000
-9.6528 8.7851 0.5000
-7.2504 10.1968 0.5000
-7.3035 7.3602 0.5000
-9.1316 7.8599 0.5000
-6.6833 10.0637 0.5000
-10.1664 4.8942 0.5000
-7.3867 6.9427 0.5000
-11.3321 8.2376 0.5000
-5.6675 10.3336 0.5000
-0.3910 8.2016 0.5000
-4.6065 7.4944 0.5000
-8.9058 10.4460 0.5000
-1.1585 -2.7064 0.5000
-9.0166 3.0659 0.5000
-10.1163 3.7712 0.5000
-10.2200 5.0348 0.5000
-7.6266 10.2649 0.5000
-1.1400 -3.0799 0.5000
-11.4868 7.6101 0.5000
-19.9673 8.7130 0.5000
-7.4095 10.2457 0.5000
-8.9995 2.9893 0.5000
-10.0488 3.7482 0.5000
-7.3923 6.9982 0.5000
-7.4464 7.7991 0.5000
-7.1201 10.1415 0.5000
-0.3613 8.2825 0.5000
0.3392 7.0567 0.5000
-8.3028 1.4532 0.5000
-8.3019 3.0020 0.5000
-9.9487 3.2767 0.5000
-9.9849 4.5667 0.5000
-19.0530 2.6474 0.5000
-8.1170 2.5823 0.5000
-9.1610 3.1309 0.5000
-7.2823 7.7571 0.5000
-9.4448 9.2193 0.5000
0.3861 7.2308 0.5000
-8.1511 0.8830 0.5000
-8.0548 2.5784 0.5000
-9.1539 3.0668 0.5000
-10.0264 3.8239 0.5000
-10.2350 4.9672 0.5000
-7.2501 7.7212 0.5000
-9.0679 8.2519 0.5000
-9.5898 9.1756 0.5000
-0.5361 0.3554 0.5000
-1.5374 -0.1313 0.5000
-8.2316 1.1917 0.5000
-8.1468 2.8939 0.5000
-9.9381 4.3500 0.5000
-18.4390 2.2591 0.5000
-7.3368 7.3368 0.5000
0.4513 7.5851 0.5000
2.7087 8.9505 0.5000
-0.4474 8.3063 0.5000
0.4170 7.4476 0.5000
0.3897 7.4624 0.5000
0.3395 6.8937 0.5000
0.2432 6.4935 0.5000
-9.0525 3.1969 0.5000
-10.1810 3.8706 0.5000
-10.2711 5.1025 0.5000
-4.8748 7.5551 0.5000
-19.7933 10.2872 0.5000
-0.4346 2.1530 0.5000
-0.4543 1.9402 0.5000
-8.3500 3.0061 0.5000
-9.8834 3.2633 0.5000
-10.0395 4.4732 0.5000
-9.5058 5.8390 0.5000
-19.7221 10.6184 0.5000
0.4462 7.5748 0.5000
-8.2727 1.5881 0.5000
-8.3376 2.9919 0.5000
-9.8988 3.2341 0.5000
-9.9619 4.4259 0.5000
-9.4725 5.7503 0.5000
-8.0938 7.9186 0.5000
-9.6641 8.6642 0.5000
0.4377 7.6143 0.5000
-8.1343 2.0667 0.5000
-8.7918 2.9724 0.5000
-10.0908 3.4585 0.5000
-10.0781 6.0287 0.5000
-9.3146 9.1625 0.5000
-0.2298 8.1283 0.5000
-0.2665 8.0997 0.5000
-0.2779 8.1454 0.5000
-4.7548 7.7562 0.5000
-0.4534 8.2340 0.5000
-8.0180 0.4539 0.5000
-8.2616 1.9960 0.5000
-8.7483 3.0605 0.5000
-10.2102 3.4489 0.5000
-9.9603 4.8987 0.5000
-9.5157 5.5305 0.5000
-2.5768 9.8204 0.5000
-19.8000 10.0797 0.5000
-0.3595 8.1875 0.5000
-9.1203 8.0092 0.5000
-3.0067 9.8961 0.5000
-1.8979 7.4283 0.5000
-0.1979 8.0921 0.5000
-4.8237 7.8772 0.5000
-5.4641 8.6909 0.5000
0.4511 7.6478 0.5000
-10.0625 3.9420 0.5000
-10.4894 5.0488 0.5000
-4.8550 7.5083 0.5000
-7.2506 7.8047 0.5000
0.4327 7.6612 0.5000
-9.4313 5.8092 0.5000
-9.1986 3.0185 0.5000
-10.0803 3.8243 0.5000
-7.3831 6.8799 0.5000
-9.0228 8.2028 0.5000
-8.9046 9.1118 0.5000
-0.4113 8.3878 0.5000
-0.1366 8.0246 0.5000
-1.8488 7.3756 0.5000
0.3989 7.6969 0.5000
0.2956 6.6544 0.5000
2.7043 8.6296 0.5000
-0.0621 7.9914 0.5000
0.0932 7.8972 0.5000
-7.9515 0.7243 0.5000
-8.1775 2.2457 0.5000
-8.8272 3.0857 0.5000
-9.9599 4.9672 0.5000
-7.0178 -0.9168 0.5000
-8.1965 2.9561 0.5000
-9.6028 3.1664 0.5000
-9.9805 4.2280 0.5000
-9.5177 5.5649 0.5000
-8.1376 2.1343 0.5000
-8.8036 2.9714 0.5000
-10.0683 3.5407 0.5000
0.0916 7.9066 0.5000
-7.2903 7.4840 0.5000
-3.1158 9.8973 0.5000
-0.3113 8.1642 0.5000
-0.2706 8.1798 0.5000
-1.8462 7.3091 0.5000
-0.2082 8.0967 0.5000
-8.1599 3.0494 0.5000
-9.6556 3.2817 0.5000
-10.0634 4.3889 0.5000
-9.5112 5.7982 0.5000
-4.9041 7.5885 0.5000
-8.9993 8.9188 0.5000
2.6620 8.3380 0.5000
-9.9023 4.8211 0.5000
-9.4213 6.0722 0.5000
-8.1200 -0.7510 0.5000
-8.3453 1.0595 0.5000
-8.0429 2.9060 0.5000
-9.4524 3.1008 0.5000
-10.0235 4.1505 0.5000
-18.3519 2.1998 0.5000
-4.9173 7.5035 0.5000
2.6626 8.3887 0.5000
-1.7783 7.1851 0.5000
-0.1642 8.0388 0.5000
-8.2268 2.2488 0.5000
-8.8090 3.1493 0.5000
-10.1573 3.6111 0.5000
-11.3949 8.1398 0.5000
-9.4730 5.5006 0.5000
-9.9963 4.1951 0.5000
-8.0951 2.0516 0.5000
-8.6628 2.9771 0.5000
-10.0993 3.4460 0.5000
-9.8843 4.7955 0.5000
-4.5096 7.4324 0.5000
-4.1875 10.1470 0.5000
-4.0672 10.1444 0.5000
2.6598 9.1762 0.5000
-0.0407 8.0007 0.5000
-0.4011 8.1924 0.5000
-5.7468 8.3161 0.5000
-8.9638 8.9528 0.5000
-5.4840 8.8776 0.5000
-3.5639 10.1641 0.5000
0.2948 7.7438 0.5000
0.3500 7.6824 0.5000
-9.8691 3.3195 0.5000
-9.4419 6.2857 0.5000
2.7002 8.5861 0.5000
0.2422 7.7923 0.5000
-10.0619 5.0380 0.5000
-10.0038 6.1268 0.5000
-8.3071 1.5146 0.5000
-8.3888 2.9944 0.5000
-9.9526 4.4556 0.5000
-9.0710 8.1033 0.5000
2.6538 8.2959 0.5000
0.2864 7.7686 0.5000
0.3319 7.7489 0.5000
-7.8825 7.8736 0.5000
-0.0993 8.0280 0.5000
-0.3294 8.1488 0.5000
-8.8850 3.1468 0.5000
-9.4602 5.5825 0.5000
-7.0348 -0.7943 0.5000
-9.5812 3.1588 0.5000
-6.1474 -1.8938 0.5000
-8.1074 2.2095 0.5000
-8.8354 3.0220 0.5000
-4.9561 7.9193 0.5000
-10.0502 4.2658 0.5000
-9.5224 5.6556 0.5000
-4.7323 7.5241 0.5000
-7.4520 7.8934 0.5000
-8.9645 8.7052 0.5000
-4.8787 10.3146 0.5000
2.6581 8.2488 0.5000
-8.3552 0.9942 0.5000
-8.1098 2.7876 0.5000
-9.3986 3.1928 0.5000
-10.0795 4.0690 0.5000
-9.4540 5.9179 0.5000
-7.9077 7.9528 0.5000
-3.1324 9.9302 0.5000
-8.6381 3.0445 0.5000
-10.1040 3.2544 0.5000
-9.9156 4.6220 0.5000
-8.0047 7.9304 0.5000
-9.3693 3.0962 0.5000
0.2499 7.8096 0.5000
-9.0173 8.2902 0.5000
-2.7552 9.8252 0.5000
-5.1699 10.3580 0.5000
-5.2859 10.4015 0.5000
-0.0315 7.9862 0.5000
-8.1508 2.3402 0.5000
-10.1088 3.6507 0.5000
-11.4225 8.1069 0.5000
-9.0422 8.4132 0.5000
-18.4800 2.0947 0.5000
2.7555 8.8629 0.5000
-8.1129 2.9884 0.5000
-7.8405 0.7822 0.5000
-8.7738 3.0155 0.5000
-9.8946 4.8945 0.5000
-4.8407 7.4717 0.5000
-3.6472 10.0970 0.5000
-0.3374 8.2183 0.5000
0.1891 7.8262 0.5000
-8.0731 -15.1284 0.5000
-7.2068 -1.7134 0.5000
-8.4411 1.1118 0.5000
-8.0509 2.9762 0.5000
-9.5202 3.2362 0.5000
-10.0572 4.2158 0.5000
-18.4791 2.2650 0.5000
-4.8305 7.5450 0.5000
-5.7100 8.2448 0.5000
-6.7748 -1.9986 0.5000
-8.1985 2.0532 0.5000
-8.6309 3.0557 0.5000
-10.1507 3.3256 0.5000
-8.6513 3.0009 0.5000
-10.1098 3.3155 0.5000
-9.9130 4.6700 0.5000
-4.1537 -2.7725 0.5000
-7.0601 -1.9335 0.5000
-7.9972 2.8321 0.5000
-18.3498 1.8904 0.5000
-0.0127 7.9387 0.5000
-10.1532 3.4518 0.5000
-9.9048 4.8703 0.5000
-19.9039 2.9124 0.5000
-4.9157 -2.7106 0.5000
-6.0388 -1.8563 0.5000
-7.1255 -1.2946 0.5000
-8.0586 2.8873 0.5000
-10.0226 4.0084 0.5000
-9.7301 8.2189 0.5000
-6.0654 -2.1619 0.5000
-7.0328 -1.1716 0.5000
-7.8522 -0.1933 0.5000
-6.8145 -0.1628 0.5000
-7.8532 0.4071 0.5000
-8.1243 1.8878 0.5000
-8.5214 2.9779 0.5000
-10.0970 3.2494 0.5000
-9.8982 4.6668 0.5000
-19.4937 2.5543 0.5000
-4.6836 7.5279 0.5000
-0.2107 9.5444 0.5000
-8.2316 -0.6369 0.5000
-8.3635 1.1552 0.5000
-18.4520 2.3567 0.5000
-4.8083 7.9174 0.5000
2.7556 8.7728 0.5000
-7.1172 0.0297 0.5000
-7.9070 0.9344 0.5000
-10.1224 3.4397 0.5000
-9.9044 4.7116 0.5000
-19.1018 2.8333 0.5000
-8.7143 3.0334 0.5000
-9.3947 5.9683 0.5000
-9.4430 5.4505 0.5000
-7.3381 7.0484 0.5000
-9.0530 8.3652 0.5000
0.9159 9.3265 0.5000
2.7006 8.4993 0.5000
-7.0393 -0.7371 0.5000
-9.6034 3.2425 0.5000
-10.0234 4.2349 0.5000
-18.4357 2.1527 0.5000
2.7015 8.5359 0.5000
-10.1224 3.5603 0.5000
-5.2268 -2.6122 0.5000
-6.2528 -1.6844 0.5000
-8.2727 1.8827 0.5000
-8.5492 3.0961 0.5000
-9.9805 4.7149 0.5000
-9.4878 6.0782 0.5000
-4.3886 -1.5370 0.5000
-8.3210 1.6600 0.5000
-8.1026 2.6610 0.5000
-8.4336 3.0088 0.5000
-9.1440 3.1697 0.5000
-9.9823 3.2566 0.5000
-7.1910 -1.7425 0.5000
-8.1605 -0.8796 0.5000
-8.0592 2.6558 0.5000
-9.1127 3.1375 0.5000
-10.1840 4.9729 0.5000
-10.0379 6.0889 0.5000
-7.2758 7.5991 0.5000
-4.3397 -1.5511 0.5000
-6.9331 -0.5734 0.5000
-7.9371 0.1084 0.5000
-8.1778 1.6538 0.5000
-9.9665 3.1795 0.5000
-4.8275 7.7548 0.5000
0.0413 7.8968 0.5000
-5.4271 -2.0054 0.5000
-6.2759 -0.7081 0.5000
-8.0522 0.9925 0.5000
-8.1535 2.4080 0.5000
-9.0032 3.1988 0.5000
-10.0777 6.1798 0.5000
-7.2944 7.8678 0.5000
-9.7284 8.2537 0.5000
-9.0066 8.4986 0.5000
-7.0114 -0.6232 0.5000
-8.2286 2.9923 0.5000
-18.4266 2.2333 0.5000
-6.3666 -2.1067 0.5000
-9.6965 3.1866 0.5000
-18.3618 2.2038 0.5000
-8.0910 2.2147 0.5000
-10.0288 5.9835 0.5000
-3.6502 10.0826 0.5000
-7.9770 0.5312 0.5000
-8.2178 1.9550 0.5000
-10.1534 3.3951 0.5000
-9.9518 4.7632 0.5000
-19.5813 2.7958 0.5000
-7.0919 -1.2504 0.5000
-8.0284 2.8839 0.5000
-9.3435 3.1262 0.5000
-10.0420 3.9759 0.5000
-10.2509 5.0118 0.5000
-4.6277 -1.9605 0.5000
-6.0061 -2.2112 0.5000
-7.9258 -0.3579 0.5000
-7.9921 2.8983 0.5000
-9.3001 3.0974 0.5000
-7.4447 6.9397 0.5000
-9.0751 8.1800 0.5000
2.6529 9.2070 0.5000
-8.6251 -15.1411 0.5000
-6.7504 -0.4328 0.5000
-7.8346 0.2239 0.5000
-8.0975 1.7402 0.5000
-8.4493 2.9018 0.5000
-10.0016 3.1246 0.5000
-9.8848 4.5128 0.5000
-9.3750 5.8321 0.5000
-9.1058 7.8024 0.5000
-3.7156 10.0852 0.5000
-2.2061 9.7487 0.5000
-4.7340 -2.7375 0.5000
-7.1766 -1.5575 0.5000
-8.1501 -0.6491 0.5000
-9.5806 3.2270 0.5000
-9.5205 5.6094 0.5000
-7.5135 7.8998 0.5000
-5.1146 10.3980 0.5000
-4.2427 -2.6898 0.5000
-9.4591 3.1600 0.5000
-10.0553 4.1221 0.5000
-7.9692 7.9236 0.5000
-7.8498 0.8482 0.5000
0.5814 8.4962 0.5000
-7.7990 0.7893 0.5000
-8.0688 2.1005 0.5000
-9.4177 3.0676 0.5000
-18.3423 1.8421 0.5000
-4.1330 -2.8105 0.5000
-0.1120 7.9965 0.5000
-0.2271 3.5215 0.5000
-6.3830 -1.7956 0.5000
-7.0058 -0.2975 0.5000
-8.2740 1.9036 0.5000
-8.5561 3.0977 0.5000
-9.1370 7.9684 0.5000
-4.4149 -1.5250 0.5000
-6.5997 -0.6057 0.5000
-8.2618 1.7293 0.5000
-8.5091 3.0226 0.5000
-10.0491 3.2930 0.5000
-10.0660 4.9991 0.5000
-8.0291 2.7275 0.5000
-10.1944 4.9456 0.5000
-6.8131 -0.2519 0.5000
-8.1441 1.8481 0.5000
-8.5135 2.9241 0.5000
-9.9287 4.5950 0.5000
-19.1062 2.5149 0.5000
-1.8834 7.4700 0.5000
-9.1986 3.1936 0.5000
-10.1431 3.9237 0.5000
-10.2201 5.1147 0.5000
-20.8802 3.4153 0.5000
-9.9833 4.5353 0.5000
-9.5628 5.7901 0.5000
-10.0340 3.9462 0.5000
-10.4800 4.9396 0.5000
-0.1947 8.1120 0.5000
-4.8966 8.0228 0.5000
-9.6222 8.9046 0.5000
-8.7906 9.9025 0.5000
-8.2618 1.6889 0.5000
-8.3515 3.0932 0.5000
-9.9103 3.3316 0.5000
-7.8610 7.9990 0.5000
-9.6281 9.0247 0.5000
-9.2170 3.1295 0.5000
-11.3847 8.0111 0.5000
0.2988 8.5131 0.5000
-9.2793 3.1128 0.5000
-9.9943 3.9459 0.5000
-20.7558 3.1139 0.5000
-9.6407 8.1054 0.5000
-8.1494 1.5231 0.5000
-8.2853 2.9291 0.5000
-9.7638 3.1364 0.5000
-9.9498 4.3505 0.5000
-18.8064 2.3433 0.5000
-7.3340 7.1904 0.5000
-9.6721 8.5727 0.5000
-0.1289 8.0628 0.5000
-8.1513 2.4568 0.5000
-9.0294 3.1112 0.5000
-10.1942 5.0395 0.5000
-9.5196 5.7463 0.5000
-9.5278 9.3801 0.5000
-6.9952 -0.4707 0.5000
-8.2790 2.9553 0.5000
-9.6783 3.2395 0.5000
-9.7472 8.4419 0.5000
-6.9848 -0.5603 0.5000
-8.2635 1.5441 0.5000
-6.8715 -0.4378 0.5000
-7.9450 0.0653 0.5000
-8.1743 1.5309 0.5000
-8.2480 2.9266 0.5000
-9.6930 3.1131 0.5000
0.1155 7.8831 0.5000
-0.3948 1.3407 0.5000
-7.8440 0.4230 0.5000
-8.0895 1.8913 0.5000
-9.8983 4.6285 0.5000
-11.4199 7.6972 0.5000
-9.7335 3.3170 0.5000
-10.0127 4.4155 0.5000
-18.5297 2.7116 0.5000
-4.7704 7.5247 0.5000
-8.1257 2.9301 0.5000
-10.1096 3.6333 0.5000
-19.9209 2.9919 0.5000
-8.1020 2.4428 0.5000
-8.9002 3.0688 0.5000
-20.9457 2.6431 0.5000
-7.8217 -0.1176 0.5000
-8.0650 2.9058 0.5000
-9.5577 3.1489 0.5000
-9.6209 8.8275 0.5000
-9.4845 9.7063 0.5000
-4.1488 7.9542 0.5000
-5.6750 9.0629 0.5000
-8.2454 -0.9306 0.5000
-9.4298 3.2132 0.5000
-9.4271 6.1167 0.5000
-8.2060 2.0117 0.5000
-8.1080 7.9833 0.5000
-8.1974 2.0169 0.5000
-8.0997 1.9908 0.5000
-8.5567 2.9947 0.5000
-10.0838 3.2896 0.5000
-19.6682 2.5527 0.5000
-9.6391 8.7257 0.5000
-9.9894 3.5579 0.5000
-10.1039 4.8084 0.5000
-20.6878 2.9367 0.5000
-7.2774 7.5372 0.5000
-8.8052 9.7942 0.5000
-7.1780 -1.2958 0.5000
-8.1731 -0.4163 0.5000
-8.1308 3.0060 0.5000
-8.9054 3.1228 0.5000
-9.6467 3.2735 0.5000
-10.0035 4.3708 0.5000
-9.9173 4.9081 0.5000
-8.1157 2.3309 0.5000
-11.3655 7.8007 0.5000
-8.0587 2.3307 0.5000
-9.8939 4.8333 0.5000
-20.9071 2.4162 0.5000
-11.4025 7.7287 0.5000
-8.0869 2.1502 0.5000
-10.0831 3.3358 0.5000
-9.3712 5.9247 0.5000
-11.6875 8.3698 0.5000
-8.9602 8.6683 0.5000
-8.9712 3.1031 0.5000
-9.3583 6.3777 0.5000
-4.6231 -1.5064 0.5000
-6.0794 -1.8799 0.5000
-6.9136 0.0400 0.5000
-8.3542 1.2386 0.5000
-10.0301 4.0938 0.5000
-10.5618 5.0880 0.5000
-7.0830 -1.1854 0.5000
-8.1139 -0.4346 0.5000
-18.5006 1.9160 0.5000
0.2320 8.5917 0.5000
-8.6606 -15.0977 0.5000
-9.4066 3.1016 0.5000
-18.3935 1.8852 0.5000
0.3597 6.6489 0.5000
-8.9139 -15.0373 0.5000
-7.8689 0.2675 0.5000
-8.1029 1.7988 0.5000
-8.4583 2.9396 0.5000
-9.8960 4.5931 0.5000
-19.5351 2.5317 0.5000
-3.3932 9.9846 0.5000
-2.8150 9.8418 0.5000
-7.2712 -1.9457 0.5000
-8.2825 -0.9374 0.5000
-9.3944 3.2491 0.5000
-10.1543 5.6596 0.5000
-8.2214 1.9071 0.5000
-4.9941 10.3048 0.5000
-9.2909 3.0995 0.5000
-19.0587 2.5463 0.5000
-9.0748 3.0483 0.5000
-10.0390 3.7815 0.5000
-20.7362 3.1569 0.5000
-6.4162 10.2934 0.5000
-5.1857 10.2977 0.5000
0.2444 8.4563 0.5000
0.2533 8.4422 0.5000
-8.2012 2.4629 0.5000
-10.2214 5.0986 0.5000
-3.3502 0.1650 0.5000
-8.0133 0.6940 0.5000
-8.4165 1.0334 0.5000
-8.2663 2.1079 0.5000
-8.1247 2.8014 0.5000
-8.7908 3.1388 0.5000
-9.2851 3.2066 0.5000
-10.0608 3.9568 0.5000
-6.6800 10.2165 0.5000
-6.4478 10.1689 0.5000
-5.7276 10.4704 0.5000
-5.5836 10.4772 0.5000
-8.0848 2.7147 0.5000
-9.2278 3.1648 0.5000
-6.8779 10.2471 0.5000
-8.0391 2.6994 0.5000
-5.8642 10.4982 0.5000
-5.7414 10.4487 0.5000
-8.1697 1.6408 0.5000
-8.3281 2.9307 0.5000
-9.9260 4.4944 0.5000
-6.3459 10.4976 0.5000
0.2201 8.4442 0.5000
0.0373 7.9369 0.5000
-0.5684 1.2292 0.5000
-1.4256 -3.8809 0.5000
-8.2129 2.3417 0.5000
-8.9284 3.1545 0.5000
-10.2271 3.6683 0.5000
-8.2324 -0.8572 0.5000
-9.6278 9.0904 0.5000
-6.7721 10.2252 0.5000
-5.8100 10.5015 0.5000
-5.6399 10.4830 0.5000
-4.6665 -2.7058 0.5000
-5.8676 -2.1945 0.5000
-8.0838 2.6162 0.5000
-8.9483 9.0653 0.5000
-5.6872 10.4213 0.5000
-8.1434 1.9276 0.5000
-9.6315 8.8901 0.5000
-7.1854 10.1806 0.5000
-6.0814 10.4961 0.5000
-5.9855 10.4189 0.5000
-5.7482 8.2510 0.5000
-8.8334 9.7421 0.5000
-6.3275 10.5503 0.5000
-0.8503 -0.5983 0.5000
-4.4534 -1.4843 0.5000
-7.1665 -1.2281 0.5000
-7.7233 7.9499 0.5000
-6.3555 10.4593 0.5000
0.3506 8.4294 0.5000
-8.0145 0.3563 0.5000
-8.2543 1.8056 0.5000
-8.4595 3.0260 0.5000
-7.8836 7.9225 0.5000
0.3232 8.4406 0.5000
-8.2367 1.7623 0.5000
-8.4527 2.9731 0.5000
-7.9200 7.8871 0.5000
-1.6621 -0.0432 0.5000
-4.1510 -1.5570 0.5000
-8.0708 -0.7791 0.5000
-8.2632 1.0072 0.5000
-8.0097 2.8273 0.5000
-9.7271 8.4615 0.5000
-3.4122 10.0457 0.5000
-0.2743 3.2780 0.5000
-0.6780 0.8368 0.5000
-1.7205 -5.4158 0.5000
-4.3530 -2.6360 0.5000
-5.6709 -2.1709 0.5000
-6.0146 -1.9392 0.5000
-8.4574 1.0155 0.5000
-8.1507 -0.5755 0.5000
-5.3014 -2.1619 0.5000
-5.5190 10.3926 0.5000
-9.4583 5.6668 0.5000
-9.6766 8.6456 0.5000
-4.8500 10.2409 0.5000
-4.9767 7.8294 0.5000
-8.8530 10.5548 0.5000
-0.4327 2.3089 0.5000
-0.9599 -0.9819 0.5000
-8.7108 -14.9952 0.5000
-6.1709 -2.0701 0.5000
-7.2277 -1.1934 0.5000
-7.7610 7.9241 0.5000
-7.8220 7.8847 0.5000
-0.5046 8.4564 0.5000
-4.5522 7.4176 0.5000
0.0982 5.7602 0.5000
-0.0036 5.0886 0.5000
-10.5937 5.1997 0.5000
-10.6197 5.1962 0.5000
-9.3995 6.6254 0.5000
-9.4031 9.4202 0.5000
-8.8828 9.3300 0.5000
-5.5959 10.5177 0.5000
-4.2421 10.2528 0.5000
-0.3654 2.9119 0.5000
-0.8121 0.3328 0.5000
-1.9877 -6.3316 0.5000
-7.9829 -15.1419 0.5000
-10.3474 5.1983 0.5000
-6.7168 10.2813 0.5000
-5.8684 10.5503 0.5000
-5.6906 10.5227 0.5000
-10.4025 5.0780 0.5000
-20.7942 3.5934 0.5000
-9.5060 9.2322 0.5000
-9.5538 5.9783 0.5000
-9.6775 8.8605 0.5000
-10.1468 4.3236 0.5000
-10.1517 4.3419 0.5000
-6.3640 10.3285 0.5000
-5.4132 10.5032 0.5000
-0.4309 2.6343 0.5000
-0.9597 -0.2802 0.5000
-6.3313 -1.7583 0.5000
-7.3026 -0.9166 0.5000
-4.8330 -1.3613 0.5000
-0.8640 -0.3827 0.5000
-10.0558 4.1790 0.5000
-10.6239 5.1451 0.5000
-7.8189 -15.1935 0.5000
-6.8704 10.1697 0.5000
-6.0992 10.5325 0.5000
-5.9069 10.4959 0.5000
-9.9028 4.7948 0.5000
-20.8524 2.8841 0.5000
-9.8549 7.9309 0.5000
-7.6791 10.2252 0.5000
-4.5638 7.5472 0.5000
-5.7561 8.3084 0.5000
-6.5786 10.2517 0.5000
-5.8028 10.5743 0.5000
-5.7340 10.5185 0.5000
-4.4995 10.3132 0.5000
-7.2726 0.1426 0.5000
-20.9926 3.3938 0.5000
-7.7003 10.4151 0.5000
-6.3147 10.6572 0.5000
0.3886 7.4208 0.5000
-0.6712 1.0592 0.5000
-1.5967 -4.4931 0.5000
-5.7608 -1.8901 0.5000
1.3741 9.4183 0.5000
1.4354 9.4116 0.5000
-4.3288 -1.5197 0.5000
-7.1013 -1.9254 0.5000
1.7121 9.5764 0.5000
-1.2663 -3.0567 0.5000
-9.9515 5.6336 0.5000
1.2843 9.4605 0.5000
-5.7217 8.3504 0.5000
-8.7121 10.2699 0.5000
-3.1358 10.1499 0.5000
-0.4512 2.4478 0.5000
-7.3859 -1.8344 0.5000
-10.1805 3.9098 0.5000
-10.1787 3.9696 0.5000
-10.1125 5.1810 0.5000
-10.0980 5.1814 0.5000
-10.0633 6.2745 0.5000
-9.8180 8.2640 0.5000
-9.4286 10.2078 0.5000
-7.2424 10.4114 0.5000
-6.2013 10.6529 0.5000
-6.1401 10.6572 0.5000
1.4602 9.2408 0.5000
1.3941 9.1981 0.5000
-0.3954 2.7290 0.5000
-0.8502 0.0635 0.5000
-4.6190 -1.4460 0.5000
-7.3515 -1.5969 0.5000
-9.9802 5.0557 0.5000
-7.6883 10.4052 0.5000
-4.8212 10.3855 0.5000
-1.2086 -2.1446 0.5000
-8.9710 -14.9240 0.5000
-10.1596 3.7917 0.5000
-9.9703 5.0301 0.5000
-9.8446 3.2795 0.5000
-9.7203 3.2308 0.5000
-19.2027 2.5981 0.5000
-6.9027 10.1975 0.5000
-7.0531 10.1701 0.5000
-6.0250 10.4915 0.5000
-9.3503 6.5816 0.5000
-9.7204 8.5011 0.5000
-8.8564 9.3711 0.5000
-5.9888 -2.0992 0.5000
-10.0706 5.1320 0.5000
-10.0591 6.2014 0.5000
-7.3386 10.3607 0.5000
-2.3259 0.1515 0.5000
-4.7219 -1.3842 0.5000
-10.0569 3.7442 0.5000
-9.9641 4.9279 0.5000
-10.0034 4.9262 0.5000
-9.8307 8.0642 0.5000
-9.8033 8.0455 0.5000
-7.4333 10.2572 0.5000
-6.3391 10.5266 0.5000
-6.2894 10.5451 0.5000
-4.6832 7.4530 0.5000
-8.8697 9.4829 0.5000
-8.7195 10.4034 0.5000
-9.1282 3.2501 0.5000
-10.0143 5.1170 0.5000
-10.1562 6.1942 0.5000
-7.4313 10.4346 0.5000
-0.4104 2.7007 0.5000
-0.8850 -0.0663 0.5000
-2.7371 0.2118 0.5000
-8.4111 -14.9746 0.5000
-5.7782 -2.1441 0.5000
-6.4150 -2.0525 0.5000
-10.0732 6.1458 0.5000
-7.1425 10.2346 0.5000
-10.9016 11.3539 0.5000
-6.1130 10.6426 0.5000
0.1320 7.8487 0.5000
0.3953 7.6097 0.5000
-10.8154 11.5242 0.5000
-0.8431 0.1504 0.5000
-5.8953 -2.1254 0.5000
-10.0272 4.6413 0.5000
-7.5678 7.0106 0.5000
-5.8403 -2.1288 0.5000
-5.5045 10.4345 0.5000
-1.7447 -6.2954 0.5000
-4.1673 -2.8086 0.5000
-20.9548 2.7040 0.5000
-9.9851 5.5777 0.5000
-20.5540 5.1375 0.5000
-20.5568 5.1747 0.5000
-10.9056 11.0424 0.5000
-10.9158 11.0744 0.5000
-8.7640 10.2311 0.5000
-0.2649 3.5308 0.5000
-0.5526 1.8471 0.5000
-4.5773 -1.4277 0.5000
-9.0923 3.2081 0.5000
-20.8541 4.2682 0.5000
-9.6126 9.1690 0.5000
0.1435 5.8050 0.5000
-9.0502 3.1344 0.5000
-10.1056 3.7100 0.5000
-10.1434 6.0049 0.5000
-9.6481 8.7775 0.5000
-10.9258 11.3231 0.5000
-10.9348 11.2198 0.5000
-10.1970 3.8061 0.5000
-20.8094 4.2307 0.5000
-7.2731 7.9505 0.5000
-9.9009 11.3730 0.5000
-5.0571 10.4103 0.5000
-4.8856 10.4098 0.5000
-5.6969 -1.9142 0.5000
-8.4987 3.1751 0.5000
-8.5953 3.1742 0.5000
-10.2187 3.4896 0.5000
-10.0152 4.7605 0.5000
-6.3639 10.4165 0.5000
-1.3850 -1.9735 0.5000
-3.9308 -1.5690 0.5000
-9.3374 3.1725 0.5000
-4.5713 -1.5987 0.5000
-10.0306 3.8816 0.5000
-9.7293 8.1401 0.5000
-7.3863 10.2471 0.5000
-7.2799 10.2346 0.5000
0.0236 7.9510 0.5000
-5.4899 10.5120 0.5000
-10.1860 5.1715 0.5000
-7.9283 8.1037 0.5000
-7.4516 10.4443 0.5000
-7.2631 10.4158 0.5000
-6.1637 10.6556 0.5000
-1.3795 -2.6084 0.5000
-8.9842 3.2038 0.5000
-9.0784 3.2522 0.5000
-9.9786 5.1112 0.5000
-7.2712 7.9089 0.5000
-0.2381 9.6113 0.5000
-0.3310 8.5955 0.5000
-10.1495 3.8871 0.5000
-10.0485 5.0786 0.5000
-0.4681 8.7387 0.5000
-0.3142 8.6544 0.5000
-20.7505 3.8732 0.5000
-10.8696 11.4853 0.5000
-9.9789 11.1223 0.5000
-0.2313 8.7281 0.5000
-0.2696 8.6832 0.5000
-9.3016 6.9112 0.5000
-8.6510 10.5675 0.5000
-6.3558 10.3786 0.5000
-2.5655 0.2156 0.5000
-8.1206 3.0699 0.5000
-9.7439 3.3533 0.5000
-10.0587 4.4004 0.5000
-20.0675 3.3085 0.5000
-20.5521 5.5003 0.5000
-9.4340 9.4992 0.5000
-5.9273 10.5841 0.5000
-4.2094 -1.4991 0.5000
-9.4512 3.3015 0.5000
-9.6620 3.3137 0.5000
-10.0597 4.3111 0.5000
-6.9605 10.3025 0.5000
-6.0425 10.5668 0.5000
-0.3757 8.7011 0.5000
-6.9254 10.2307 0.5000
-6.0431 10.5153 0.5000
-9.4284 3.1651 0.5000
-10.0174 4.1171 0.5000
-19.9007 2.8555 0.5000
-20.5152 4.9540 0.5000
-9.4653 9.2675 0.5000
-6.9590 10.2357 0.5000
-6.7860 10.1699 0.5000
-7.4984 10.2264 0.5000
-5.7901 10.5585 0.5000
-21.0170 3.1915 0.5000
-9.3520 6.6978 0.5000
-20.5501 5.6001 0.5000
-9.3028 10.5796 0.5000
-6.6368 10.2677 0.5000
-0.7157 0.7833 0.5000
-1.6322 -1.9697 0.5000
-10.5154 -14.6428 0.5000
-8.2261 2.7714 0.5000
-8.1836 2.8866 0.5000
-9.3219 3.3131 0.5000
-9.3871 3.3158 0.5000
-10.1300 4.1492 0.5000
-7.0620 10.3581 0.5000
-6.0975 10.6312 0.5000
-1.8416 0.0532 0.5000
-2.6114 0.2266 0.5000
-4.4446 -2.6957 0.5000
-5.4928 -2.2462 0.5000
-8.3618 -15.0731 0.5000
-8.1007 2.6272 0.5000
-10.0539 4.0141 0.5000
-9.6637 8.2601 0.5000
-6.1251 10.5451 0.5000
-10.0294 5.9469 0.5000
-9.6266 8.9732 0.5000
-8.9814 9.8067 0.5000
-9.7050 9.9708 0.5000
-1.7157 9.7407 0.5000
-0.2712 8.7400 0.5000
-8.2607 2.5184 0.5000
-8.9834 3.2602 0.5000
-8.9010 3.2521 0.5000
-1.1977 -1.9176 0.5000
-6.3109 -2.0473 0.5000
-0.3671 8.6587 0.5000
-0.7309 0.4879 0.5000
-8.9157 -14.9938 0.5000
-8.1504 2.1789 0.5000
-10.1532 3.4291 0.5000
-10.1147 3.4769 0.5000
-20.7930 3.7440 0.5000
-20.4122 6.0585 0.5000
-10.8915 11.4392 0.5000
-5.4918 8.9005 0.5000
-5.4795 8.7938 0.5000
-0.4891 1.9740 0.5000
-4.2694 -1.2540 0.5000
-5.7030 -1.8969 0.5000
-8.4034 3.1053 0.5000
-10.0135 4.6731 0.5000
-9.7750 5.8176 0.5000
-10.0325 5.7706 0.5000
-20.4795 6.1515 0.5000
-20.4739 6.1290 0.5000
-10.8406 11.4227 0.5000
-10.7936 11.4795 0.5000
-6.3765 10.2588 0.5000
-0.6104 1.1362 0.5000
-0.9353 -0.7367 0.5000
-1.3937 -2.0105 0.5000
-9.3683 -14.8694 0.5000
-8.2697 3.0753 0.5000
-8.3846 3.1075 0.5000
-9.9885 3.3920 0.5000
-10.0997 3.3670 0.5000
-10.0045 4.5520 0.5000
-6.4244 10.2184 0.5000
-9.3369 -14.8595 0.5000
-5.9121 -2.1338 0.5000
-8.4485 3.0822 0.5000
-1.2602 -2.0116 0.5000
-20.8075 3.3827 0.5000
-10.9047 11.1591 0.5000
-2.4893 0.2299 0.5000
-3.8663 -1.5702 0.5000
-5.3409 -2.1480 0.5000
-9.7029 3.1963 0.5000
-9.3114 6.4694 0.5000
-9.3222 8.3693 0.5000
-6.6865 10.1495 0.5000
-5.8556 10.4334 0.5000
-5.7703 10.4449 0.5000
-10.8353 11.2543 0.5000
-5.6378 10.5567 0.5000
-3.6442 10.2073 0.5000
-8.2108 2.6923 0.5000
-8.1600 2.7472 0.5000
-9.1843 3.3012 0.5000
-10.1524 4.0721 0.5000
-10.2334 5.1698 0.5000
-10.1001 5.2003 0.5000
-9.0267 3.2628 0.5000
-0.4576 8.6778 0.5000
-0.4217 8.6566 0.5000
-0.4054 2.2987 0.5000
-9.0380 3.2057 0.5000
-8.1030 2.4948 0.5000
-9.9253 4.9852 0.5000
-0.3547 9.6524 0.5000
-0.5061 8.6571 0.5000
-20.7088 3.9187 0.5000
-20.3551 6.2329 0.5000
-16.8924 11.9746 0.5000
-1.9120 7.5078 0.5000
-10.0132 4.7395 0.5000
-9.2974 6.9723 0.5000
-20.3967 6.4970 0.5000
-8.9635 8.7846 0.5000
-8.8309 9.6517 0.5000
-8.6636 10.6399 0.5000
-10.7210 11.7074 0.5000
-0.0629 9.4519 0.5000
-2.6369 0.2558 0.5000
-8.8352 -14.9173 0.5000
-5.6976 -2.1344 0.5000
-9.7816 3.3843 0.5000
-5.1581 -3.7783 0.5000
-9.2579 -14.9127 0.5000
-5.7714 -2.1705 0.5000
-9.7527 3.2300 0.5000
-9.3964 3.1393 0.5000
-20.8799 2.6782 0.5000
-20.4959 5.0850 0.5000
-9.1096 9.1093 0.5000
-6.9229 10.1040 0.5000
-9.3495 6.7523 0.5000
-5.6530 9.1575 0.5000
-10.8067 11.5508 0.5000
-2.6512 0.2409 0.5000
-4.1166 -1.5278 0.5000
-5.5773 -1.9233 0.5000
-9.6939 3.3505 0.5000
-10.8914 11.2323 0.5000
-6.7545 10.2740 0.5000
-5.9725 10.5665 0.5000
-0.4428 8.6447 0.5000
-20.8456 3.1917 0.5000
-20.4633 5.5324 0.5000
-10.9554 11.0229 0.5000
-6.6916 10.1879 0.5000
-5.9654 10.4505 0.5000
-5.8104 10.4012 0.5000
-6.2827 10.4816 0.5000
-9.2528 6.8500 0.5000
-5.6404 9.1625 0.5000
-10.7545 11.7121 0.5000
-1.1862 -1.9986 0.5000
-8.1584 3.0750 0.5000
-8.2096 3.0744 0.5000
-9.9263 3.3527 0.5000
-20.4181 6.1829 0.5000
-10.8352 11.3255 0.5000
-5.7885 10.5129 0.5000
-0.2461 8.1518 0.5000
-2.9807 0.1518 0.5000
-9.7760 -14.7662 0.5000
-0.5652 8.6665 0.5000
-8.2163 3.0230 0.5000
-6.7069 10.1752 0.5000
-0.4924 8.5540 0.5000
-9.8220 3.1916 0.5000
-9.9654 4.2728 0.5000
-20.8063 3.3052 0.5000
-20.4349 5.6490 0.5000
-20.4141 5.6715 0.5000
-20.7682 12.5947 0.5000
-10.9212 11.1316 0.5000
-4.7788 7.9653 0.5000
-4.6548 8.3954 0.5000
-8.2401 2.1726 0.5000
-8.5415 3.1471 0.5000
-10.1598 5.8074 0.5000
-20.3169 6.8996 0.5000
-10.0132 6.8708 0.5000
-10.8064 11.6570 0.5000
-0.9583 -1.2467 0.5000
-2.9272 0.1882 0.5000
-8.1834 2.9225 0.5000
-10.0390 3.1705 0.5000
-5.5501 10.3975 0.5000
-7.9958 2.6688 0.5000
-9.5233 3.0895 0.5000
-9.9990 4.0515 0.5000
-20.3709 5.5387 0.5000
-6.8159 10.0965 0.5000
-6.0023 10.4007 0.5000
-20.3701 6.5128 0.5000
-10.8342 11.4989 0.5000
0.2832 6.7335 0.5000
-9.1796 -14.8809 0.5000
-6.9413 -1.9434 0.5000
-6.2130 -0.3523 0.5000
-7.1269 0.1092 0.5000
-0.4834 8.6220 0.5000
-2.2156 0.1613 0.5000
-4.7232 -1.8971 0.5000
-5.9592 -1.8518 0.5000
-7.1349 -1.5201 0.5000
-9.0495 -15.0626 0.5000
-6.8702 -0.0438 0.5000
-9.4553 5.4096 0.5000
-20.3827 5.9315 0.5000
-0.4026 9.6530 0.5000
-0.5011 8.3544 0.5000
-9.3710 6.2974 0.5000
-8.7682 10.0735 0.5000
-6.2797 10.6105 0.5000
-1.7236 -0.0111 0.5000
-7.1020 -0.6862 0.5000
-9.9576 7.1056 0.5000
-9.8658 7.1664 0.5000
-0.2828 8.2295 0.5000
-1.4158 -1.9944 0.5000
-6.1106 -0.6813 0.5000
-7.9693 0.3495 0.5000
-10.0474 6.0407 0.5000
-7.5427 6.9930 0.5000
-10.9848 10.8387 0.5000
-1.5846 -0.0414 0.5000
-2.3690 0.1615 0.5000
-5.1815 -2.2822 0.5000
-6.3630 -2.0423 0.5000
-6.8526 -0.7701 0.5000
-9.9585 6.9104 0.5000
-11.6390 10.8421 0.5000
-4.8115 7.9710 0.5000
-0.3028 2.8815 0.5000
-6.9812 0.0850 0.5000
-20.3870 6.3400 0.5000
-20.3705 6.3794 0.5000
-7.2488 7.9675 0.5000
-8.8363 9.3421 0.5000
-6.9071 10.3148 0.5000
-6.0967 10.5593 0.5000
-0.6919 9.7170 0.5000
-2.4259 0.1667 0.5000
-7.8972 0.9225 0.5000
-5.7085 -2.1788 0.5000
-20.3149 6.2369 0.5000
-9.3405 6.6105 0.5000
-6.6254 10.2119 0.5000
-0.6087 0.8034 0.5000
-4.3462 -1.4859 0.5000
-5.7700 -1.9614 0.5000
-7.2302 7.9052 0.5000
-6.8653 10.2631 0.5000
-6.7672 -0.6346 0.5000
-8.0319 0.9921 0.5000
-15.5663 11.6371 0.5000
-15.5364 11.6577 0.5000
-8.8060 9.8328 0.5000
-8.6115 10.8671 0.5000
-8.6163 10.8256 0.5000
-6.3206 10.4366 0.5000
-5.3156 -2.4962 0.5000
-6.3869 -1.9513 0.5000
-7.0760 -1.0217 0.5000
-8.1586 -0.4720 0.5000
-8.1124 1.0101 0.5000
-8.4870 3.1423 0.5000
-9.8967 5.0227 0.5000
-5.4621 10.4950 0.5000
-4.4911 -1.4493 0.5000
-6.9498 0.0846 0.5000
-8.2592 1.4786 0.5000
-0.2987 9.6566 0.5000
-8.2085 1.5562 0.5000
-6.9085 -0.8537 0.5000
-10.0434 3.5558 0.5000
-9.8911 4.7135 0.5000
-9.3058 11.0064 0.5000
-1.7874 7.2013 0.5000
-4.4367 -1.0736 0.5000
-0.1756 9.6021 0.5000
-4.2449 -1.5044 0.5000
-6.2034 -1.1591 0.5000
-7.1791 -1.8556 0.5000
-6.7232 -0.1905 0.5000
-8.2738 1.6175 0.5000
-9.4335 5.6139 0.5000
-9.2991 6.5989 0.5000
-0.3369 8.5099 0.5000
-6.9988 -0.5410 0.5000
-7.8923 0.0324 0.5000
-6.2760 10.5647 0.5000
-7.8926 -0.0480 0.5000
-7.9020 0.5599 0.5000
-8.0840 2.2659 0.5000
-7.0717 10.2406 0.5000
-9.4308 -14.8742 0.5000
-6.9938 -1.9714 0.5000
-6.8499 -0.0086 0.5000
-8.1893 1.4688 0.5000
-7.9874 2.7333 0.5000
-9.9463 4.0445 0.5000
-1.1823 -2.9936 0.5000
-8.1404 2.2706 0.5000
-10.1084 5.7251 0.5000
-1.2309 -3.7434 0.5000
-0.2850 2.0093 0.5000
-1.1850 -4.2739 0.5000
-10.0493 3.6134 0.5000
-5.6049 10.3976 0.5000
-7.2447 7.7262 0.5000
-4.8185 8.0315 0.5000
-0.3964 8.6145 0.5000
-10.2385 -14.7684 0.5000
-9.9574 4.3142 0.5000
-20.7602 4.1686 0.5000
-20.3143 6.4304 0.5000
-9.8648 7.3350 0.5000
-7.0081 10.2805 0.5000
-9.3895 5.8715 0.5000
-8.8700 9.4161 0.5000
-8.7214 10.3592 0.5000
-4.1443 -2.6703 0.5000
-20.6481 4.2470 0.5000
-20.2863 6.4619 0.5000
-0.4148 8.5691 0.5000
-0.8962 -2.2790 0.5000
-0.8824 -2.1080 0.5000
-5.1460 -2.5970 0.5000
-4.5405 7.3499 0.5000
-0.1988 2.6070 0.5000
-4.5170 -2.7143 0.5000
-10.1660 5.5733 0.5000
-9.3016 6.5661 0.5000
-9.0240 8.3606 0.5000
-6.6236 8.3720 0.5000
-20.7736 3.6057 0.5000
-9.8511 3.1620 0.5000
-20.7112 3.6265 0.5000
-9.8986 7.0403 0.5000
-9.3893 6.0963 0.5000
-7.3472 7.1273 0.5000
-15.6267 11.7839 0.5000
-10.9423 11.2557 0.5000
-0.4874 0.5326 0.5000
-0.4908 0.4631 0.5000
-9.9525 3.1335 0.5000
-9.9450 4.2177 0.5000
-4.5228 7.3667 0.5000
-0.3765 1.1445 0.5000
-0.7110 -1.4617 0.5000
-7.1811 -1.9315 0.5000
-10.0692 3.8510 0.5000
-9.8817 4.9841 0.5000
-20.5284 5.4062 0.5000
-9.9466 6.9045 0.5000
-7.2922 7.4347 0.5000
-8.8028 9.5140 0.5000
-4.7808 7.8859 0.5000
-8.6520 10.5432 0.5000
-0.0492 9.4726 0.5000
-20.6591 4.3103 0.5000
-9.8373 7.3162 0.5000
-8.9273 8.9466 0.5000
-8.7518 9.7542 0.5000
-8.6214 10.7289 0.5000
-20.6538 4.2054 0.5000
-20.3244 6.3381 0.5000
-9.8380 7.2850 0.5000
-8.7940 9.7497 0.5000
-8.6052 10.6742 0.5000
-20.5416 4.8484 0.5000
-9.9567 6.6766 0.5000
-14.9882 11.8166 0.5000
-0.3463 1.6726 0.5000
-8.1926 -15.1496 0.5000
-4.4210 -2.7018 0.5000
-6.0929 -1.3155 0.5000
-4.4631 7.4405 0.5000
-4.1133 8.0141 0.5000
-1.3968 -3.9165 0.5000
-1.3789 -3.8559 0.5000
-4.2936 -1.5405 0.5000
-4.6685 -2.6654 0.5000
-5.6309 -2.1920 0.5000
-9.4457 5.5685 0.5000
-20.2771 6.6933 0.5000
-7.3454 7.0510 0.5000
-9.3993 10.3874 0.5000
-7.1525 10.2902 0.5000
-4.5220 -2.7554 0.5000
-9.9699 4.1347 0.5000
-10.1536 5.0790 0.5000
-9.2392 6.8905 0.5000
-14.6229 11.8399 0.5000
-7.2478 10.2658 0.5000
-9.9490 5.9847 0.5000
-9.2617 6.8336 0.5000
-0.6231 -0.3449 0.5000
-1.1502 -4.0584 0.5000
-4.4526 -2.7881 0.5000
-4.4814 -2.8091 0.5000
-9.4511 5.3737 0.5000
-20.2862 6.2409 0.5000
-10.9084 10.8911 0.5000
-1.7317 0.0438 0.5000
-1.6696 0.0100 0.5000
-4.4257 -1.4666 0.5000
-5.7152 -1.9571 0.5000
-6.1847 -0.7232 0.5000
-4.5648 -2.7249 0.5000
-5.5472 -2.1828 0.5000
-10.1241 3.3945 0.5000
-20.6991 4.1546 0.5000
-20.3467 6.3788 0.5000
-7.2367 7.6907 0.5000
-8.9250 8.9624 0.5000
-4.4623 7.4905 0.5000
-8.7615 9.8274 0.5000
-0.2788 8.6467 0.5000
-7.2918 7.3214 0.5000
-6.6048 8.3358 0.5000
-0.3577 8.5938 0.5000
-0.3441 8.6150 0.5000
-20.6812 3.7180 0.5000
-9.3058 6.2289 0.5000
-9.1890 7.0891 0.5000
-0.5304 0.2683 0.5000
-0.9368 -2.4334 0.5000
-4.1538 -2.7121 0.5000
-3.8460 -1.5677 0.5000
-5.1497 -2.2915 0.5000
-6.1649 -1.9379 0.5000
-4.2213 -2.6363 0.5000
-4.2608 -2.6252 0.5000
-9.9572 6.1196 0.5000
-9.9161 7.0495 0.5000
-21.4011 12.7218 0.5000
-4.1584 -2.6507 0.5000
-10.0462 5.6398 0.5000
-9.3108 6.5440 0.5000
-10.0988 5.6246 0.5000
-9.2871 6.4627 0.5000
-0.9260 -2.2683 0.5000
-4.0920 -2.6785 0.5000
-5.1227 -2.4628 0.5000
-9.9991 3.9848 0.5000
-7.2320 7.8828 0.5000
-3.9949 -2.7844 0.5000
-4.7149 -1.8056 0.5000
-20.2776 6.9774 0.5000
-8.8315 9.4158 0.5000
-8.6559 10.2967 0.5000
-7.3376 10.3147 0.5000
-3.9142 -2.7746 0.5000
-4.6995 -1.8808 0.5000
-7.2984 7.3538 0.5000
-8.9768 8.5597 0.5000
-3.8360 -2.7959 0.5000
-4.5617 -1.6275 0.5000
-4.5174 -1.4362 0.5000
-20.2442 6.7502 0.5000
-2.4051 0.2163 0.5000
-1.8546 7.0961 0.5000
-9.3215 6.3954 0.5000
-9.2128 7.2125 0.5000
-9.8570 10.3081 0.5000
-9.2318 11.1265 0.5000
-4.7171 -2.6752 0.5000
-5.5480 -1.9603 0.5000
-7.2459 7.7797 0.5000
-9.3198 9.2706 0.5000
-4.6451 -2.7042 0.5000
-9.2955 6.6595 0.5000
-8.9129 10.0159 0.5000
-4.5543 -2.6930 0.5000
-5.4666 -2.0509 0.5000
-20.6912 3.8450 0.5000
-20.3737 6.0371 0.5000
-9.7345 7.0874 0.5000
-1.5173 0.0263 0.5000
-5.4247 8.9567 0.5000
-4.2257 -2.7314 0.5000
-4.2846 -2.6676 0.5000
-6.1412 -1.8262 0.5000
-9.3206 3.2110 0.5000
-20.5338 5.3613 0.5000
-9.9715 6.8075 0.5000
-7.1915 7.8805 0.5000
-8.9237 8.7026 0.5000
-8.7669 9.5894 0.5000
-8.6431 10.4878 0.5000
-7.0869 10.3083 0.5000
-4.1079 -2.7619 0.5000
-10.0985 3.5919 0.5000
-20.6484 4.2556 0.5000
-9.8379 7.1944 0.5000
-21.1162 12.9746 0.5000
-11.9989 11.0565 0.5000
-10.7631 11.7539 0.5000
-4.0653 -2.7736 0.5000
-5.1569 -2.6937 0.5000
-5.2373 -2.5165 0.5000
-20.6369 4.1632 0.5000
-11.9215 10.9536 0.5000
-10.7849 11.6859 0.5000
-7.1058 10.2698 0.5000
-8.0397 2.5493 0.5000
-9.1410 3.0633 0.5000
-10.1272 5.6550 0.5000
-9.9751 6.6442 0.5000
-8.8761 9.0878 0.5000
-1.7484 7.0999 0.5000
-6.5725 8.4261 0.5000
-4.2892 -2.5929 0.5000
-9.3934 3.2621 0.5000
-9.9473 6.8728 0.5000
-8.9341 8.7819 0.5000
-5.2692 -2.6134 0.5000
-9.8294 7.2060 0.5000
-20.6562 12.8734 0.5000
-11.9329 11.0882 0.5000
-5.2353 -2.5659 0.5000
-8.0104 2.6170 0.5000
-9.3451 6.3419 0.5000
-8.6727 10.3769 0.5000
-8.1807 1.5543 0.5000
-9.9992 3.7505 0.5000
-9.4728 5.7116 0.5000
-9.3341 6.4427 0.5000
-9.1770 7.2713 0.5000
-7.2485 7.5868 0.5000
-10.8858 10.9668 0.5000
-5.6724 8.2852 0.5000
-9.1349 11.1812 0.5000
-8.5690 10.9524 0.5000
-2.5455 0.2064 0.5000
-4.8213 -2.6497 0.5000
-9.9287 7.2103 0.5000
-10.8624 11.1401 0.5000
-4.7845 -2.6681 0.5000
-8.0782 3.0407 0.5000
-9.4568 3.2400 0.5000
-20.1571 7.3181 0.5000
-10.8875 11.0953 0.5000
-4.7517 -2.7160 0.5000
-8.1457 2.0278 0.5000
-9.5003 3.1724 0.5000
-9.4673 5.8159 0.5000
-9.7920 7.1463 0.5000
-9.3993 9.2202 0.5000
-9.8966 6.9595 0.5000
-20.7210 12.5978 0.5000
-11.8741 10.8876 0.5000
-8.0433 2.9609 0.5000
-9.2667 6.7771 0.5000
-7.2275 7.8042 0.5000
-8.8384 9.2959 0.5000
-7.5207 10.3693 0.5000
-7.2712 10.3158 0.5000
-8.7193 3.1223 0.5000
-9.2714 7.0260 0.5000
-13.6898 11.7771 0.5000
-10.7861 11.6136 0.5000
-9.8680 7.0806 0.5000
-21.0277 12.8255 0.5000
-10.8085 11.6377 0.5000
-1.0584 -2.7064 0.5000
-4.1342 -2.6178 0.5000
-8.0487 2.5992 0.5000
-8.7752 3.0599 0.5000
-10.0453 3.4714 0.5000
-9.9984 3.8341 0.5000
-9.2282 6.9729 0.5000
-2.0359 0.1047 0.5000
-4.0159 -2.7495 0.5000
-7.3496 6.9895 0.5000
-1.1112 -2.0837 0.5000
-3.8861 -1.5472 0.5000
-8.9338 3.2067 0.5000
-20.5980 4.8818 0.5000
-9.8034 7.4734 0.5000
-8.7374 9.9035 0.5000
-8.5871 10.8837 0.5000
-9.8913 3.3520 0.5000
-10.1789 5.1297 0.5000
-8.8473 9.1969 0.5000
-10.2512 5.0921 0.5000
-20.3981 5.7078 0.5000
-8.8899 9.1619 0.5000
-9.3310 10.3694 0.5000
-20.2667 6.5923 0.5000
-3.7860 -2.8213 0.5000
-3.7397 -2.7914 0.5000
-4.5968 -1.8329 0.5000
-4.5771 -1.8804 0.5000
-8.0476 2.3222 0.5000
-1.2216 -2.5476 0.5000
-1.2529 -2.5598 0.5000
-4.0985 -1.5483 0.5000
-9.1887 3.2314 0.5000
-10.0734 5.7131 0.5000
-8.7032 10.1504 0.5000
-5.2694 -2.5784 0.5000
-5.2921 -2.2963 0.5000
-8.0559 2.5061 0.5000
-9.9753 4.3778 0.5000
-9.3869 6.1188 0.5000
-7.2969 7.2602 0.5000
-8.8167 9.2388 0.5000
-4.1741 -2.6008 0.5000
-4.2951 -2.7391 0.5000
-8.0510 2.4592 0.5000
-8.8511 9.2064 0.5000
-8.7047 10.0611 0.5000
-5.1568 -2.5276 0.5000
-8.9528 3.0949 0.5000
-0.5468 0.2064 0.5000
-6.5673 8.3955 0.5000
-8.6089 10.5228 0.5000
-4.7490 7.8107 0.5000
-0.1956 9.5824 0.5000
-3.7575 -1.5942 0.5000
-8.1393 2.3509 0.5000
-10.0206 3.3694 0.5000
-20.7152 4.1140 0.5000
-9.9598 6.1929 0.5000
-7.1873 7.9012 0.5000
-8.9313 8.8105 0.5000
-9.8330 10.2625 0.5000
-10.4708 11.9037 0.5000
-3.8834 -2.7427 0.5000
-9.4169 3.2605 0.5000
-9.8475 5.7263 0.5000
-9.9902 6.5995 0.5000
-9.7588 7.3638 0.5000
-17.4976 12.4383 0.5000
-11.1644 10.9593 0.5000
-3.8757 -2.7818 0.5000
-4.6289 -1.6343 0.5000
-9.4220 5.7356 0.5000
-9.2953 6.5127 0.5000
-9.8198 7.3658 0.5000
-10.1615 9.3329 0.5000
-10.9881 10.8650 0.5000
-3.6298 -1.6061 0.5000
-9.9616 3.2249 0.5000
-9.9664 6.0042 0.5000
-9.8929 6.9071 0.5000
-12.2625 10.9692 0.5000
-4.6082 7.3986 0.5000
-8.9990 8.6069 0.5000
-8.8145 9.4797 0.5000
-3.9908 -2.7128 0.5000
-4.6703 -1.3807 0.5000
-5.0708 -2.5908 0.5000
-20.7759 3.9682 0.5000
-9.9237 6.1364 0.5000
-9.1973 7.2428 0.5000
-8.8433 9.5915 0.5000
-10.5691 11.8401 0.5000
-4.9761 -2.6280 0.5000
-16.8733 12.0870 0.5000
-11.1860 10.9447 0.5000
-0.9750 -2.3837 0.5000
-8.8166 9.6091 0.5000
-2.0953 0.1375 0.5000
-4.9167 -2.6615 0.5000
-4.9470 -2.6305 0.5000
-8.2516 1.7632 0.5000
-9.8525 10.2204 0.5000
-6.6496 8.5100 0.5000
-4.3108 -2.6975 0.5000
-8.3180 1.3228 0.5000
-8.4840 3.0882 0.5000
-9.1759 7.3874 0.5000
-10.1183 9.4043 0.5000
-10.8866 10.9115 0.5000
-20.4629 5.4978 0.5000
-9.1321 7.3812 0.5000
-5.2499 -2.4571 0.5000
-8.0865 2.4397 0.5000
-20.4279 5.4285 0.5000
-9.1877 7.3153 0.5000
-10.1607 9.3723 0.5000
-4.0959 -2.7489 0.5000
-8.2463 1.3311 0.5000
-8.0382 2.4657 0.5000
-9.9360 4.2989 0.5000
-13.5621 11.5559 0.5000
-9.2368 7.0763 0.5000
-11.7697 11.1114 0.5000
-8.7921 9.6372 0.5000
-4.4957 -2.6935 0.5000
-9.5941 7.3493 0.5000
-16.7684 12.2302 0.5000
-11.2989 11.0080 0.5000
-4.3676 -2.7053 0.5000
-9.4265 5.7932 0.5000
-8.8958 3.0563 0.5000
-9.9364 4.4227 0.5000
-9.9365 6.9620 0.5000
-9.9368 10.1379 0.5000
-0.6300 9.7064 0.5000
-5.6568 8.3106 0.5000
-8.1851 2.1330 0.5000
-10.0201 5.6519 0.5000
-9.9931 6.5188 0.5000
-10.8017 11.1954 0.5000
-4.6904 -1.9422 0.5000
-4.6944 -1.6711 0.5000
-5.7207 -2.0721 0.5000
-10.8277 11.1436 0.5000
-3.8444 -2.8082 0.5000
-4.6367 -1.6590 0.5000
-4.6016 -1.3963 0.5000
-9.9531 6.0853 0.5000
-3.7883 -2.7159 0.5000
-10.0631 5.5556 0.5000
-9.9997 6.4369 0.5000
-9.8835 7.2006 0.5000
-11.0774 10.8019 0.5000
-0.5943 9.7122 0.5000
-9.1839 7.1714 0.5000
-8.9337 8.6580 0.5000
-8.7562 9.5079 0.5000
-8.6594 10.4149 0.5000
-4.7522 -2.6496 0.5000
-4.6647 -1.8463 0.5000
-5.6025 -1.9632 0.5000
-9.9580 10.3086 0.5000
-3.7062 -2.8573 0.5000
-4.8183 -2.6581 0.5000
-9.2647 7.3795 0.5000
-20.6051 4.7691 0.5000
-20.2428 6.8213 0.5000
-3.6014 -2.8280 0.5000
-4.5176 -1.9373 0.5000
-4.6022 -2.6814 0.5000
-5.5378 -2.0038 0.5000
-0.4994 0.5998 0.5000
-10.0953 5.7602 0.5000
-9.7859 7.4169 0.5000
-7.6781 7.1501 0.5000
-8.8964 8.9338 0.5000
-9.8110 10.2200 0.5000
-8.7452 9.7081 0.5000
-8.1718 1.9557 0.5000
-9.9345 6.8257 0.5000
-9.2040 7.4051 0.5000
-10.1506 9.4597 0.5000
-10.8489 10.9996 0.5000
-20.6955 4.0044 0.5000
-20.3588 5.9865 0.5000
-9.9463 6.7874 0.5000
-8.1914 7.1953 0.5000
-9.9321 6.7340 0.5000
-8.1268 7.1485 0.5000
-10.8972 10.8540 0.5000
-3.7987 -2.7982 0.5000
-8.1410 1.9971 0.5000
-7.9992 2.9361 0.5000
-10.0461 3.6563 0.5000
-9.3161 6.1843 0.5000
-9.8385 7.0104 0.5000
-0.5476 9.7007 0.5000
-10.1413 5.0741 0.5000
-9.2826 6.6307 0.5000
-9.5827 7.4395 0.5000
-7.2428 7.5487 0.5000
-15.8061 12.2770 0.5000
-3.3602 -0.3400 0.5000
-3.4194 -0.5182 0.5000
-9.9104 5.0213 0.5000
-9.2374 6.8258 0.5000
-7.7229 7.1136 0.5000
-3.3220 -0.4208 0.5000
-3.3817 -0.6060 0.5000
-5.2528 -2.2311 0.5000
-9.8599 6.8851 0.5000
-7.5296 7.0553 0.5000
-0.7845 -1.0662 0.5000
-3.3428 -0.5103 0.5000
-3.3466 -0.6004 0.5000
-4.3035 -2.7396 0.5000
-4.3762 -2.6949 0.5000
-9.9373 3.2434 0.5000
-10.7379 5.6936 0.5000
-4.4773 -1.1526 0.5000
-8.6682 3.1597 0.5000
-10.0940 5.0630 0.5000
-11.3954 7.7960 0.5000
-11.1037 11.0051 0.5000
-8.7786 9.6766 0.5000
-3.5894 -4.9939 0.5000
-3.6134 -4.9984 0.5000
-4.5373 -2.6960 0.5000
-5.4457 -2.1813 0.5000
-5.5465 -2.2147 0.5000
-6.5035 -2.0448 0.5000
-8.0031 7.1876 0.5000
-14.9376 12.0350 0.5000
-10.8507 11.0295 0.5000
-3.5402 -5.0025 0.5000
-7.7801 7.1339 0.5000
-3.5414 -4.9472 0.5000
-3.5202 -2.8507 0.5000
-4.4535 -2.7148 0.5000
-9.8528 7.2952 0.5000
-4.0860 -2.6361 0.5000
-4.4442 7.8193 0.5000
-0.6375 -0.2891 0.5000
-1.5984 0.0156 0.5000
-2.3845 0.2114 0.5000
-4.4735 7.6502 0.5000
-4.4210 7.7350 0.5000
-3.6510 -1.6167 0.5000
-4.7457 -2.6476 0.5000
-8.7778 3.1537 0.5000
-10.6333 5.8231 0.5000
-3.7115 -4.9545 0.5000
-9.5384 3.2590 0.5000
-9.1343 7.4030 0.5000
-5.4506 10.4105 0.5000
-3.5143 -4.9723 0.5000
-3.5345 -2.9337 0.5000
-8.2334 1.3971 0.5000
-3.2996 -0.1405 0.5000
-9.1439 7.3341 0.5000
-4.5772 7.6731 0.5000
-4.6184 7.5787 0.5000
-4.4353 7.7977 0.5000
-4.5418 7.6584 0.5000
-4.5150 8.3554 0.5000
-8.8040 3.1648 0.5000
-4.7842 -1.8393 0.5000
-9.2550 6.7060 0.5000
-9.6097 7.4589 0.5000
-3.8848 -4.9343 0.5000
-3.9506 -4.9356 0.5000
-4.8847 -2.6303 0.5000
-3.4276 -5.0045 0.5000
-3.4500 -4.9755 0.5000
-20.6074 4.6633 0.5000
-20.3504 6.6354 0.5000
-9.4492 7.0700 0.5000
-6.1503 10.4864 0.5000
-4.4622 7.7798 0.5000
-4.7026 7.4777 0.5000
-8.0727 7.2086 0.5000
-3.5799 -1.6119 0.5000
-4.4184 -1.4126 0.5000
-9.4739 3.2590 0.5000
-20.6611 4.5981 0.5000
-7.6770 7.1361 0.5000
-3.3669 -5.0201 0.5000
-9.7080 5.7093 0.5000
-10.0377 6.4340 0.5000
-3.3498 -5.0140 0.5000
-9.7756 7.2134 0.5000
-1.6480 0.0525 0.5000
-5.5536 -1.9557 0.5000
-20.5671 4.7647 0.5000
-10.0406 6.1817 0.5000
-2.2918 0.2276 0.5000
-0.2397 8.7579 0.5000
-4.0905 8.0056 0.5000
-0.1437 8.6600 0.5000
-7.2938 7.2181 0.5000
-6.1607 -1.8822 0.5000
-9.4197 5.6618 0.5000
-20.4114 6.2728 0.5000
-9.3233 6.2925 0.5000
-8.1786 7.2175 0.5000
-3.4984 -5.0054 0.5000
-3.5708 -5.0087 0.5000
-10.0840 5.6501 0.5000
-9.9987 6.3965 0.5000
-7.8779 7.1417 0.5000
-3.4175 -4.9898 0.5000
-9.9300 6.6685 0.5000
-9.6705 7.3455 0.5000
-4.9053 7.4803 0.5000
-4.6483 7.4048 0.5000
-9.1132 3.2032 0.5000
-7.2473 7.4785 0.5000
-3.4047 -0.6347 0.5000
-6.0435 -2.0861 0.5000
-8.6782 3.1358 0.5000
-10.4051 7.5475 0.5000
-3.6266 -5.0038 0.5000
-9.2199 7.0127 0.5000
-0.3363 9.6812 0.5000
-4.8802 7.4878 0.5000
-4.4535 7.7385 0.5000
-4.4670 7.6027 0.5000
-6.3407 10.3725 0.5000
-4.5697 7.7103 0.5000
-9.5844 3.2528 0.5000
-9.4008 5.9758 0.5000
-7.2104 7.6182 0.5000
-9.8671 10.1614 0.5000
-3.7246 -5.0104 0.5000
-3.7576 -4.9605 0.5000
-4.7047 -1.6632 0.5000
-4.7575 -1.9137 0.5000
-5.6005 -2.0128 0.5000
-7.0232 -0.6562 0.5000
-9.4659 5.6101 0.5000
-3.3466 -0.3578 0.5000
-3.3536 -0.5606 0.5000
-4.0812 -2.8165 0.5000
-10.8634 11.1633 0.5000
-4.0268 -2.8185 0.5000
-20.5822 4.7028 0.5000
-9.2405 6.9469 0.5000
-9.6856 7.3646 0.5000
-7.9608 7.1102 0.5000
-3.2834 -0.4050 0.5000
-3.8347 -4.9332 0.5000
-4.8749 -2.6639 0.5000
-9.2355 7.1452 0.5000
-8.8903 9.1055 0.5000
-4.6714 7.7120 0.5000
-4.6955 7.4134 0.5000
-4.0325 7.9937 0.5000
-8.6416 10.3763 0.5000
-6.5834 8.3317 0.5000
-4.5779 7.7566 0.5000
-3.2620 -2.9202 0.5000
-3.3065 -2.9174 0.5000
-6.8921 -15.2631 0.5000
-7.0673 -1.7841 0.5000
-10.7841 11.3335 0.5000
-8.7008 9.9873 0.5000
-6.9411 -0.1106 0.5000
-10.0652 3.6258 0.5000
-10.0433 6.3495 0.5000
-9.6622 6.8951 0.5000
-8.7411 10.0077 0.5000
-3.2899 -0.2388 0.5000
-6.8932 0.0096 0.5000
-20.6921 4.0967 0.5000
-4.6274 -1.8928 0.5000
-7.8873 0.8559 0.5000
-4.7775 7.4431 0.5000
-2.1882 0.1527 0.5000
-3.3577 0.0581 0.5000
-3.3528 0.1232 0.5000
-3.7839 -4.0370 0.5000
-4.8332 -1.9081 0.5000
-4.8035 -1.8854 0.5000
-7.9603 0.9749 0.5000
-4.6092 7.7887 0.5000
-8.9968 -2.5959 0.5000
-8.9845 -2.4217 0.5000
-8.9845 -2.8422 0.5000
-20.6151 4.7402 0.5000
-9.8753 7.3891 0.5000
-10.7778 11.3940 0.5000
-8.9405 -2.8272 0.5000
-20.5924 4.6732 0.5000
-10.8300 11.3844 0.5000
-4.5548 -2.7505 0.5000
-6.9524 -0.9093 0.5000
-8.8528 -2.7667 0.5000
-8.8671 -2.6786 0.5000
-10.2457 5.6861 0.5000
-10.9004 10.9766 0.5000
-4.6389 7.7316 0.5000
-2.2819 0.1699 0.5000
-3.0390 -5.0324 0.5000
-3.4685 -1.6414 0.5000
-4.1510 -15.6704 0.5000
-6.9506 -1.3366 0.5000
-7.8727 0.5451 0.5000
-4.6824 7.6934 0.5000
-4.4606 7.8003 0.5000
-4.8490 7.5677 0.5000
-4.6613 7.7748 0.5000
-7.2245 0.1251 0.5000
-9.3299 11.6005 0.5000
-4.5067 7.7734 0.5000
-8.2106 0.9863 0.5000
-10.8246 11.2442 0.5000
-3.4002 -0.4529 0.5000
-3.9199 -4.9508 0.5000
-4.9824 -2.6574 0.5000
-6.8804 -1.9675 0.5000
-10.7650 11.4003 0.5000
-3.4037 -0.6689 0.5000
-8.0002 -0.3329 0.5000
-3.3381 -0.5588 0.5000
-3.7703 -4.9399 0.5000
-7.8465 -0.0909 0.5000
-0.4094 8.7103 0.5000
-3.2357 -0.1797 0.5000
-4.6425 7.6610 0.5000
-4.6357 7.6417 0.5000
-5.4343 8.6695 0.5000
-3.3591 -0.1984 0.5000
-8.6878 10.3408 0.5000
-2.0678 -8.2078 0.5000
-2.1494 -8.2478 0.5000
-3.9915 -4.9782 0.5000
-4.0134 -4.9550 0.5000
-5.7318 -15.5293 0.5000
-6.9376 -1.7631 0.5000
-20.4315 5.8663 0.5000
-9.9994 6.4700 0.5000
-9.8707 7.1417 0.5000
-11.3264 8.3075 0.5000
-3.4133 -0.7137 0.5000
-10.0744 3.6536 0.5000
-3.0919 -2.8501 0.5000
-3.9182 -4.9158 0.5000
-6.9807 -2.0315 0.5000
-9.2021 7.1763 0.5000
-3.3490 -0.7284 0.5000
-2.9264 -2.8921 0.5000
-6.7858 -1.8114 0.5000
-8.8980 9.2583 0.5000
-8.7539 10.0278 0.5000
-4.7004 7.6433 0.5000
-4.7286 7.4250 0.5000
-4.4884 7.8688 0.5000
-4.7946 7.4679 0.5000
-3.3635 -0.4085 0.5000
-4.8399 -15.6628 0.5000
-8.1668 -0.8039 0.5000
-20.2232 7.0211 0.5000
-8.2156 7.1623 0.5000
-5.8295 10.4840 0.5000
-3.3352 -0.2483 0.5000
-8.1765 -0.9313 0.5000
-8.2057 7.1164 0.5000
-3.2925 -0.2609 0.5000
-5.6799 -2.2407 0.5000
-20.2619 6.7612 0.5000
-9.1609 7.4192 0.5000
-3.2134 -0.0946 0.5000
-3.2163 -0.1320 0.5000
-3.2018 -4.9958 0.5000
-3.2333 -5.0293 0.5000
-4.5731 -1.9564 0.5000
-5.5382 -2.0515 0.5000
-6.7814 -0.0327 0.5000
-7.5442 7.0274 0.5000
-4.9754 7.5093 0.5000
-4.7398 7.6700 0.5000
-10.2211 6.5643 0.5000
-11.3126 8.2756 0.5000
-8.1082 7.1943 0.5000
-8.9654 11.4721 0.5000
-3.2089 -2.8910 0.5000
-9.6993 6.0703 0.5000
-9.9461 6.6403 0.5000
-11.3105 8.3648 0.5000
-6.8277 10.2390 0.5000
-3.1189 -2.8946 0.5000
-3.2049 -2.9027 0.5000
-9.8870 4.9377 0.5000
-4.1041 -2.7014 0.5000
-9.8201 3.2224 0.5000
-20.7620 3.5429 0.5000
-10.7815 5.7075 0.5000
-20.2187 7.2145 0.5000
-9.2515 6.9246 0.5000
-7.6972 10.3281 0.5000
-2.0722 0.1864 0.5000
-2.8769 0.1551 0.5000
-7.6845 7.0123 0.5000
-11.0438 15.1994 0.5000
-7.1067 10.1609 0.5000
-0.7861 9.7877 0.5000
-4.6946 7.6354 0.5000
-4.5088 7.4638 0.5000
-8.6020 10.7643 0.5000
-6.9989 10.2963 0.5000
-6.3896 10.2081 0.5000
-9.8049 3.3152 0.5000
-9.6716 5.7257 0.5000
-10.0311 6.2627 0.5000
-10.7400 11.6231 0.5000
-10.7365 11.6636 0.5000
-9.5115 11.5966 0.5000
-3.4483 -1.6510 0.5000
-3.1838 -2.8856 0.5000
-5.3949 -15.6142 0.5000
-9.7024 3.2822 0.5000
-19.8540 9.2834 0.5000
-3.8020 -4.9578 0.5000
-3.0942 -2.8302 0.5000
-20.5547 5.0293 0.5000
-10.8709 11.3532 0.5000
-10.7386 12.6804 0.5000
-6.1648 10.5181 0.5000
-5.6073 10.4341 0.5000
-2.1423 0.1520 0.5000
-10.8011 12.4040 0.5000
-8.9200 11.4122 0.5000
-1.1183 9.8455 0.5000
-0.9056 9.8441 0.5000
0.7191 9.4621 0.5000
-4.5270 7.5626 0.5000
-8.7177 11.1557 0.5000
-3.2589 -1.6628 0.5000
-9.1224 11.4756 0.5000
-5.9222 10.5345 0.5000
-2.9964 -2.7675 0.5000
-4.1084 -1.4864 0.5000
-3.6711 -4.9894 0.5000
-3.6572 -5.0032 0.5000
-9.4003 6.0044 0.5000
-1.6399 -6.6476 0.5000
-2.8386 -2.7275 0.5000
-9.2588 11.3576 0.5000
-7.8305 10.3490 0.5000
-1.3921 9.8774 0.5000
-0.4528 9.7103 0.5000
-7.3004 10.2278 0.5000
-1.6106 9.9189 0.5000
-0.8338 9.7915 0.5000
-0.5971 9.7742 0.5000
0.4018 9.5065 0.5000
-7.8365 7.1031 0.5000
-7.8956 7.1557 0.5000
-9.0702 11.5018 0.5000
-9.1313 11.5045 0.5000
-6.3758 10.1932 0.5000
-8.0666 7.1755 0.5000
-9.3994 11.5632 0.5000
-8.9777 3.1959 0.5000
-7.9982 2.9753 0.5000
-9.2526 3.1830 0.5000
-9.7072 7.3675 0.5000
-8.1599 7.1311 0.5000
-9.5514 11.4706 0.5000
-9.5995 11.5013 0.5000
-7.5450 10.2644 0.5000
0.3880 9.5164 0.5000
-8.9209 12.8447 0.5000
-11.3892 7.9379 0.5000
-10.5279 7.5672 0.5000
-18.1852 12.6045 0.5000
-18.2305 12.5642 0.5000
-6.2267 10.5807 0.5000
-8.2174 1.8781 0.5000
-7.9076 7.1224 0.5000
-8.6713 3.0553 0.5000
-9.9120 7.0731 0.5000
-7.9361 7.0503 0.5000
-8.9413 11.3931 0.5000
-8.9568 11.4119 0.5000
-1.1636 9.8535 0.5000
-0.6859 9.7515 0.5000
-8.7764 10.6610 0.5000
-7.8149 10.2868 0.5000
-0.7268 9.8063 0.5000
-5.6898 8.2462 0.5000
-4.5501 7.5891 0.5000
-9.1308 7.5749 0.5000
-9.1531 7.5137 0.5000
-10.0242 3.3231 0.5000
-7.9935 7.1907 0.5000
-8.7831 11.4776 0.5000
-11.2880 8.4989 0.5000
-11.3214 8.4622 0.5000
-8.0144 7.1295 0.5000
-2.4952 0.2797 0.5000
-8.1583 1.9121 0.5000
-8.0844 7.1197 0.5000
-7.5808 10.2872 0.5000
-9.2074 7.2796 0.5000
-9.0968 11.3721 0.5000
-7.7410 10.2943 0.5000
-1.2879 9.8616 0.5000
-0.7414 9.7757 0.5000
-4.8871 7.4417 0.5000
-4.7586 7.6592 0.5000
-4.7144 8.3439 0.5000
-6.8181 8.5321 0.5000
-4.5765 7.6489 0.5000
-8.0355 3.0107 0.5000
-7.6497 7.0729 0.5000
-8.8930 11.4662 0.5000
-7.6111 10.3648 0.5000
-3.3163 -0.0958 0.5000
-8.2223 1.6605 0.5000
-7.6947 7.0548 0.5000
-8.2463 1.7351 0.5000
-3.1063 -2.9178 0.5000
-9.6594 7.4127 0.5000
-15.3396 11.9605 0.5000
-8.2536 7.1027 0.5000
-9.0408 11.4055 0.5000
-1.4047 9.8940 0.5000
-1.6431 0.1190 0.5000
-9.1644 7.6020 0.5000
-7.7772 7.0573 0.5000
-8.7450 10.5842 0.5000
-7.8529 10.3030 0.5000
-7.2010 10.2311 0.5000
-4.7243 7.7557 0.5000
-0.3387 9.7337 0.5000
-0.2396 8.8119 0.5000
-4.3991 7.4432 0.5000
-10.0494 7.5623 0.5000
-9.9380 7.4629 0.5000
-15.8709 12.2646 0.5000
-9.1682 11.4503 0.5000
-8.8557 12.8631 0.5000
-3.3083 0.1450 0.5000
-10.5678 -6.7656 0.5000
-8.3394 1.2287 0.5000
-3.2298 -1.6372 0.5000
-3.2957 -1.6447 0.5000
-10.4949 7.5121 0.5000
-16.4872 11.9668 0.5000
-0.4316 9.7180 0.5000
-7.5904 7.0618 0.5000
-6.6791 8.3498 0.5000
-16.9407 12.3367 0.5000
-9.6342 8.2874 0.5000
-8.6400 11.5157 0.5000
-3.3018 0.0988 0.5000
-8.6217 3.1434 0.5000
-3.2876 0.0981 0.5000
-4.1969 -1.5067 0.5000
-8.1162 2.1744 0.5000
-20.5812 5.0657 0.5000
-3.2963 -0.0358 0.5000
-2.9300 -2.7048 0.5000
-1.6385 -6.4576 0.5000
-3.3842 -4.9992 0.5000
-7.7077 7.0819 0.5000
-1.5680 0.1216 0.5000
-8.2079 1.4998 0.5000
-16.9083 11.9309 0.5000
-7.8150 7.0935 0.5000
-0.4737 9.7605 0.5000
-7.9875 7.0641 0.5000
-8.5176 11.0448 0.5000
-8.3134 1.3854 0.5000
-9.9902 3.3414 0.5000
-10.1759 5.3785 0.5000
-10.1714 5.4509 0.5000
-7.7122 10.3525 0.5000
-2.9563 -2.2224 0.5000
-3.2186 -5.0559 0.5000
-3.1580 -14.0991 0.5000
-10.1342 5.4897 0.5000
-20.1322 7.9368 0.5000
-3.1072 -5.0306 0.5000
-2.9613 -14.0756 0.5000
-3.1599 -14.1126 0.5000
-1.5450 -5.9463 0.5000
-3.1583 -5.0255 0.5000
-3.1107 -14.1414 0.5000
-10.0829 5.9099 0.5000
-0.9808 9.8052 0.5000
-2.4452 0.2602 0.5000
-3.1999 0.2105 0.5000
-10.1896 5.2140 0.5000
-7.6090 7.0242 0.5000
-1.2339 9.8713 0.5000
-1.0085 9.8535 0.5000
-3.4501 -0.5812 0.5000
-3.2017 -3.6337 0.5000
-4.7070 -1.4524 0.5000
-8.8976 3.1863 0.5000
-10.1531 5.5245 0.5000
-1.8929 -7.1573 0.5000
-9.2390 3.2425 0.5000
-10.1450 5.6403 0.5000
-3.3664 -0.4872 0.5000
-1.7552 -7.4185 0.5000
-3.8689 -4.8890 0.5000
-8.1577 1.8368 0.5000
-9.4402 5.5388 0.5000
-1.8983 0.0508 0.5000
-2.8106 0.1713 0.5000
-3.5983 -1.5786 0.5000
-5.2195 -1.9913 0.5000
-6.8095 8.3735 0.5000
-9.1047 7.6579 0.5000
-7.6065 7.1499 0.5000
-3.2492 -1.7243 0.5000
-5.7080 -1.9037 0.5000
-2.9059 -5.1060 0.5000
-2.9643 -5.0873 0.5000
-4.1205 -5.1553 0.5000
-4.1622 -5.3283 0.5000
-5.5882 -2.1041 0.5000
-6.4254 -2.1195 0.5000
-2.9122 -5.0740 0.5000
-2.9928 -5.0419 0.5000
-4.1433 -5.2420 0.5000
-4.1067 -5.4609 0.5000
-8.2725 7.1990 0.5000
-7.7841 10.3629 0.5000
-1.4365 -5.3246 0.5000
-2.8865 -5.0248 0.5000
-2.9143 -5.0267 0.5000
-4.0620 -5.3213 0.5000
-4.0712 -5.4215 0.5000
-10.1346 5.5027 0.5000
-7.8388 10.3579 0.5000
-3.1320 0.2274 0.5000
-9.1513 7.8833 0.5000
-7.8964 7.0971 0.5000
-4.7804 7.7392 0.5000
-0.8310 9.8046 0.5000
0.3975 7.5535 0.5000
-9.0184 8.1954 0.5000
-3.4067 -0.3858 0.5000
-6.7046 -0.2217 0.5000
-8.5612 3.1283 0.5000
-11.7083 11.0116 0.5000
-11.6028 11.0120 0.5000
-3.3519 -0.2898 0.5000
-3.0537 -2.7834 0.5000
-3.3771 -5.0556 0.5000
-3.1057 -13.4202 0.5000
-3.1754 -13.7492 0.5000
-6.7053 -1.7746 0.5000
-19.9439 8.8802 0.5000
-3.3217 -0.2758 0.5000
-3.3611 -0.3793 0.5000
-3.0065 -13.6256 0.5000
-3.3443 -0.3058 0.5000
-2.9700 -13.7737 0.5000
-4.8952 -3.3274 0.5000
-5.9425 -2.0986 0.5000
-10.6402 6.1222 0.5000
-11.8870 10.9896 0.5000
-11.7151 10.9406 0.5000
-3.2991 -0.1994 0.5000
-2.8892 -2.7180 0.5000
-10.1672 5.2887 0.5000
-7.3531 10.2560 0.5000
-0.5463 9.7648 0.5000
0.6991 9.4943 0.5000
-6.6993 8.3835 0.5000
-3.3671 -0.0594 0.5000
-3.3358 -1.6733 0.5000
-4.2048 -5.3329 0.5000
-8.1127 2.5176 0.5000
-10.1750 5.3068 0.5000
-19.8419 9.3624 0.5000
-11.2058 10.9826 0.5000
-3.3083 0.0419 0.5000
-3.3018 -0.0493 0.5000
-4.1541 -5.0063 0.5000
-4.1503 -5.2303 0.5000
-11.3090 10.9637 0.5000
-11.2072 10.9489 0.5000
-11.3201 10.9473 0.5000
-3.2795 0.0456 0.5000
-2.7734 -5.0692 0.5000
-2.8380 -5.0740 0.5000
-4.0043 -5.1876 0.5000
-4.0229 -5.2279 0.5000
-11.4003 10.8876 0.5000
-11.3021 10.8590 0.5000
-2.4837 0.3074 0.5000
-2.5714 -5.0552 0.5000
-3.9469 -4.8868 0.5000
-11.3856 11.0576 0.5000
-11.4407 11.0311 0.5000
-7.1788 7.8326 0.5000
-6.3556 10.1390 0.5000
-10.1364 5.4017 0.5000
-2.9243 -2.1747 0.5000
-2.7745 -5.1537 0.5000
-2.8588 -5.1557 0.5000
-4.0595 -4.9095 0.5000
-20.1342 7.6378 0.5000
-3.3208 -0.1410 0.5000
-3.2156 -4.1009 0.5000
-4.1086 -5.1217 0.5000
-2.7065 -5.1401 0.5000
-4.1979 -1.4553 0.5000
-13.9068 11.7086 0.5000
-2.4216 0.3276 0.5000
-9.9303 5.6166 0.5000
-9.2800 7.0688 0.5000
-9.1808 7.5859 0.5000
-0.4317 9.7648 0.5000
-0.5051 8.5992 0.5000
-10.1785 5.4171 0.5000
-10.6914 5.9208 0.5000
-10.8419 11.0820 0.5000
-9.7544 3.2875 0.5000
-19.9442 8.8324 0.5000
-2.8567 -2.1799 0.5000
-2.9518 -2.1910 0.5000
-4.0336 -4.9075 0.5000
-4.0507 -4.9795 0.5000
-3.2944 -0.0964 0.5000
-2.8661 -2.1480 0.5000
-11.0002 10.8306 0.5000
-1.3310 9.8919 0.5000
-0.3481 8.7596 0.5000
-9.3404 6.8339 0.5000
-9.7835 3.3395 0.5000
-9.0577 7.8005 0.5000
-9.3567 9.2884 0.5000
-9.4316 9.3532 0.5000
-2.1578 -3.1402 0.5000
-5.5601 -2.0076 0.5000
-11.5093 11.0166 0.5000
-7.9434 7.1877 0.5000
-7.2394 10.3158 0.5000
-2.1458 -3.1084 0.5000
-20.0808 8.1161 0.5000
-11.5261 10.9528 0.5000
-13.4553 11.6949 0.5000
-11.5992 10.9604 0.5000
-2.3419 0.2119 0.5000
-1.5884 -6.3176 0.5000
-5.3728 -2.1897 0.5000
-5.4473 -1.9954 0.5000
-6.2453 -1.7548 0.5000
-13.8391 11.6804 0.5000
-9.2589 7.1081 0.5000
-1.8470 0.1044 0.5000
-2.9706 0.2001 0.5000
-9.0975 8.0026 0.5000
-4.7018 7.8821 0.5000
-11.3559 7.8545 0.5000
-12.8863 11.6850 0.5000
-12.9469 11.7025 0.5000
-11.1956 11.0037 0.5000
-3.3290 -4.1115 0.5000
-2.9789 -5.1122 0.5000
-4.2032 -5.2038 0.5000
-6.1292 -0.4337 0.5000
-4.1154 -4.9914 0.5000
-2.7385 -5.0878 0.5000
-2.8245 -5.0422 0.5000
-4.0554 -5.1463 0.5000
-13.2743 11.6303 0.5000
-11.4454 10.9257 0.5000
-1.3370 -4.7573 0.5000
-1.6891 -7.0131 0.5000
-1.0528 9.8449 0.5000
-0.6452 9.7924 0.5000
-5.6503 9.1195 0.5000
-9.1315 7.5217 0.5000
-9.6761 8.2314 0.5000
-19.5060 10.9379 0.5000
-19.4666 10.9153 0.5000
-12.0612 7.8013 0.5000
-11.3306 8.1315 0.5000
-11.3405 8.0816 0.5000
-4.3812 -3.9285 0.5000
-12.2119 7.8405 0.5000
-11.3921 7.9965 0.5000
-4.0117 -4.8767 0.5000
-8.2754 1.3313 0.5000
-12.1935 7.7579 0.5000
-1.3490 -4.6528 0.5000
-12.3150 7.7387 0.5000
-12.2259 7.7516 0.5000
-11.4136 7.9690 0.5000
-12.1738 11.0284 0.5000
-12.7962 11.4700 0.5000
-12.8136 11.4766 0.5000
-11.1398 10.7977 0.5000
-11.1520 10.7882 0.5000
-1.4296 9.9276 0.5000
-0.9626 9.8758 0.5000
0.3680 9.5911 0.5000
0.3402 7.2641 0.5000
0.2993 6.8594 0.5000
-6.8671 8.4075 0.5000
-10.3246 8.1807 0.5000
-9.0480 8.1005 0.5000
-12.0027 7.8136 0.5000
-11.8420 11.0927 0.5000
-3.4515 -0.7476 0.5000
-4.6528 -1.4545 0.5000
-10.7260 5.7701 0.5000
-12.1856 7.8224 0.5000
-10.7905 5.7987 0.5000
-12.2674 7.8097 0.5000
-3.3740 -0.6617 0.5000
-19.9362 8.9738 0.5000
-19.6662 10.6115 0.5000
-19.6372 10.7230 0.5000
-12.2614 11.0561 0.5000
-12.2117 11.0463 0.5000
-1.7023 0.1393 0.5000
-3.0216 0.2110 0.5000
-3.3433 -0.4607 0.5000
-10.7043 5.9823 0.5000
-9.3659 6.4727 0.5000
-11.2597 10.8665 0.5000
-1.4633 9.9158 0.5000
0.4638 9.5436 0.5000
0.3432 7.1343 0.5000
0.2699 6.8103 0.5000
-9.1133 7.6131 0.5000
-8.9929 8.4781 0.5000
-10.6728 5.8960 0.5000
-19.7281 9.8318 0.5000
-11.8151 7.8266 0.5000
-11.9384 7.8194 0.5000
-11.3087 8.1503 0.5000
-11.6650 11.0506 0.5000
-11.6151 11.0952 0.5000
-9.8173 11.2688 0.5000
-11.3432 7.9093 0.5000
-10.1483 5.3725 0.5000
-2.1485 0.2116 0.5000
-8.1799 1.8877 0.5000
-9.9696 5.6806 0.5000
-1.1546 9.8310 0.5000
-10.7262 5.8541 0.5000
-11.5852 7.6018 0.5000
-11.6164 7.6480 0.5000
-10.5090 7.4881 0.5000
-13.1873 11.5514 0.5000
-13.2162 11.5450 0.5000
-9.2081 7.3105 0.5000
-9.7202 9.2751 0.5000
-0.8894 9.8515 0.5000
0.4733 9.5501 0.5000
-9.9392 5.6966 0.5000
-9.5820 7.4897 0.5000
-9.1469 7.4696 0.5000
-10.7270 5.8108 0.5000
-10.6835 5.8328 0.5000
-11.2654 8.1829 0.5000
-8.2535 7.2728 0.5000
-1.6945 9.7500 0.5000
-8.2331 1.8252 0.5000
0.5789 9.4623 0.5000
-9.9392 7.1340 0.5000
-10.2091 5.2052 0.5000
-10.2279 5.6423 0.5000
-10.3570 5.6716 0.5000
-10.6817 6.3044 0.5000
-11.6173 7.6757 0.5000
-11.7173 7.6991 0.5000
-13.2018 11.5638 0.5000
-13.2581 11.5423 0.5000
-9.8978 6.1120 0.5000
-12.0201 11.1222 0.5000
-10.5800 12.7026 0.5000
-6.7185 8.4041 0.5000
-11.6394 7.7974 0.5000
-11.2908 8.3177 0.5000
-10.7334 11.5002 0.5000
-7.4178 -0.0470 0.5000
-7.3744 -0.0490 0.5000
-7.5180 -0.0963 0.5000
-8.2191 1.6222 0.5000
-11.9674 10.9886 0.5000
-10.5811 7.0040 0.5000
-10.5803 6.9530 0.5000
-10.4562 7.5900 0.5000
-9.2207 7.4997 0.5000
-9.2372 7.5412 0.5000
-19.6739 10.0584 0.5000
-10.6349 6.1891 0.5000
-18.5489 11.2906 0.5000
-11.2898 8.2826 0.5000
-13.0418 11.7566 0.5000
-9.0978 7.7407 0.5000
-9.8192 11.0404 0.5000
-8.2321 7.2145 0.5000
-0.5048 9.5608 0.5000
0.8186 9.2500 0.5000
-9.6267 7.4469 0.5000
-7.7097 -0.0647 0.5000
-8.2758 7.2330 0.5000
-11.6736 7.6956 0.5000
-10.7477 5.7357 0.5000
-19.8297 9.9793 0.5000
-18.6875 11.0038 0.5000
-18.5948 11.1044 0.5000
-11.8587 7.7129 0.5000
-11.7526 7.6988 0.5000
-13.0923 11.5995 0.5000
-11.6577 10.9131 0.5000
-10.9175 11.4672 0.5000
-0.3610 9.7367 0.5000
-9.3083 6.9524 0.5000
-10.2379 5.7240 0.5000
-12.7377 11.6846 0.5000
-2.6246 -1.8127 0.5000
-19.8930 9.3261 0.5000
-11.4008 8.0524 0.5000
-12.1051 10.9732 0.5000
-10.6515 5.7724 0.5000
-9.2575 7.4797 0.5000
-19.6261 10.6761 0.5000
-10.6155 6.2027 0.5000
-12.0986 11.1172 0.5000
-8.3145 1.4221 0.5000
-12.1678 11.1278 0.5000
-10.9586 10.9403 0.5000
-8.1598 2.2856 0.5000
-8.3047 7.1607 0.5000
-8.1682 1.7896 0.5000
-19.9031 9.7150 0.5000
-18.7196 10.9497 0.5000
-10.6585 6.5874 0.5000
-11.7628 7.6229 0.5000
-13.1765 11.4878 0.5000
-9.3056 7.0410 0.5000
-10.3014 5.7072 0.5000
-19.6014 10.5468 0.5000
-11.9511 7.7874 0.5000
-7.6175 -0.0916 0.5000
-8.2017 2.1175 0.5000
-7.5613 -0.0932 0.5000
-7.4730 -0.1113 0.5000
-10.9864 11.3020 0.5000
-10.7090 5.9481 0.5000
-18.6601 10.9940 0.5000
-10.6165 6.9469 0.5000
-9.2540 7.2643 0.5000
-19.7108 9.9389 0.5000
-18.6427 11.1589 0.5000
-18.5342 11.4726 0.5000
-11.9498 7.7659 0.5000
-11.7593 7.7568 0.5000
-9.6798 9.3259 0.5000
-11.3077 8.0234 0.5000
-2.5371 0.2616 0.5000
-7.4581 -0.0398 0.5000
-7.4787 -0.0606 0.5000
-7.4078 -0.0549 0.5000
-7.8708 0.0515 0.5000
-6.8393 0.0020 0.5000
-7.3134 -0.0329 0.5000
-7.7636 -0.0455 0.5000
-10.3228 5.6237 0.5000
-11.7467 7.6207 0.5000
-10.5511 7.5451 0.5000
-9.7365 7.3433 0.5000
-9.5312 9.1883 0.5000
-10.1017 5.9506 0.5000
-10.6161 6.9981 0.5000
-9.2393 7.7056 0.5000
-19.7118 9.8688 0.5000
-19.6735 10.0145 0.5000
-18.7558 11.1654 0.5000
-18.6191 11.2026 0.5000
-11.9533 7.8409 0.5000
-9.0926 7.9065 0.5000
-9.0962 7.8790 0.5000
-4.3681 -2.7947 0.5000
-5.4521 -2.0273 0.5000
-11.7620 11.0842 0.5000
-3.0176 -5.1018 0.5000
-3.0673 -5.1174 0.5000
-4.2538 -5.3502 0.5000
-7.9317 -0.0495 0.5000
-7.9391 0.0180 0.5000
-7.3579 -0.0753 0.5000
-4.0553 -5.2809 0.5000
-7.8429 -0.0002 0.5000
-11.0145 10.9939 0.5000
-7.7615 -0.0834 0.5000
-10.2975 5.5997 0.5000
-20.8424 12.6031 0.5000
-11.6634 7.6234 0.5000
-10.6183 6.8353 0.5000
-12.9757 11.4803 0.5000
-9.7780 3.1997 0.5000
-8.1036 2.7052 0.5000
-7.3095 0.0944 0.5000
-18.4446 11.3000 0.5000
-18.4448 11.3634 0.5000
-3.1943 -1.7008 0.5000
-2.1907 -3.0933 0.5000
-3.0918 -3.5515 0.5000
-11.5847 11.0289 0.5000
-10.7675 11.5155 0.5000
-3.3588 -0.1253 0.5000
-1.3113 -3.8020 0.5000
-3.2847 -2.9889 0.5000
-4.3083 -2.7549 0.5000
-7.5345 -0.1057 0.5000
-1.2643 -3.7690 0.5000
-1.3202 -3.8679 0.5000
-3.1849 -2.9062 0.5000
-10.9114 11.4053 0.5000
-1.0347 9.8273 0.5000
-2.8615 -1.6934 0.5000
-5.2296 -2.2496 0.5000
-12.0134 10.9689 0.5000
-11.0018 11.1002 0.5000
-5.1957 -1.9977 0.5000
-19.7729 10.1586 0.5000
-9.5138 5.4859 0.5000
-10.5729 7.4951 0.5000
-9.7976 7.3028 0.5000
-9.3524 6.7506 0.5000
-9.2609 7.4171 0.5000
-10.2145 5.2905 0.5000
-11.9430 11.1107 0.5000
-3.3514 0.0452 0.5000
-2.6817 -1.8088 0.5000
-4.2632 -5.1871 0.5000
-4.6209 -1.4634 0.5000
-4.1501 -4.9944 0.5000
-2.9135 -2.7503 0.5000
-3.1585 -4.1564 0.5000
-7.6897 -0.0802 0.5000
-2.1552 0.2181 0.5000
-12.8735 11.5304 0.5000
-7.8494 0.8704 0.5000
-19.8063 9.6194 0.5000
-2.7033 0.0419 0.5000
-6.2659 -1.8402 0.5000
-19.7612 9.5704 0.5000
-19.1937 11.0707 0.5000
-14.1318 11.9309 0.5000
-14.1822 11.8666 0.5000
-14.1722 11.8069 0.5000
-1.3616 -4.9453 0.5000
-2.6890 -5.0925 0.5000
-3.9805 -4.8876 0.5000
-7.3418 -0.0713 0.5000
-19.7599 10.3528 0.5000
-20.7221 12.9263 0.5000
-3.0068 -2.2097 0.5000
-3.2011 -3.6511 0.5000
-19.6707 9.9969 0.5000
-10.6389 6.0946 0.5000
-19.7202 9.7158 0.5000
-19.0339 11.1099 0.5000
-18.8739 11.1840 0.5000
-19.1061 11.0451 0.5000
-19.8466 9.5181 0.5000
-19.1930 10.9616 0.5000
-19.0573 10.9514 0.5000
-1.4930 -5.9966 0.5000
-3.4153 -4.9417 0.5000
-5.3839 -2.0201 0.5000
-5.4588 -2.1965 0.5000
-7.4310 -0.1153 0.5000
-8.0938 2.3749 0.5000
-3.9404 -1.6028 0.5000
-1.7752 -6.1597 0.5000
-19.6866 9.9229 0.5000
-9.0837 7.7524 0.5000
-3.3506 -0.2492 0.5000
-3.3079 -0.1554 0.5000
-11.8575 11.0412 0.5000
-9.9202 11.2324 0.5000
-7.6360 -0.1068 0.5000
-19.8263 9.4817 0.5000
-11.7651 10.9577 0.5000
-2.7358 -1.6349 0.5000
-2.8700 -5.0680 0.5000
-5.9353 -1.8889 0.5000
-9.3076 6.6612 0.5000
-12.9144 11.5267 0.5000
-4.1997 -1.4402 0.5000
-7.8459 0.9038 0.5000
-8.2088 1.2833 0.5000
-3.1710 -1.7521 0.5000
-4.2410 -1.5508 0.5000
-4.0645 -3.9632 0.5000
-8.0175 0.1541 0.5000
-10.4898 7.1051 0.5000
-8.8997 8.8355 0.5000
-6.5941 8.2968 0.5000
-11.2717 8.3611 0.5000
-10.3089 8.2131 0.5000
-7.5755 -0.1145 0.5000
-12.9311 11.5996 0.5000
-3.6173 -4.9399 0.5000
-11.5244 7.6123 0.5000
-10.4965 7.3482 0.5000
-1.5734 -6.2106 0.5000
-3.0172 -3.5187 0.5000
-2.7746 0.0349 0.5000
-3.4006 -0.5709 0.5000
-3.0761 -1.7617 0.5000
-1.5779 -4.7594 0.5000
-4.0906 -1.6115 0.5000
-8.3645 1.1046 0.5000
-0.2455 8.5587 0.5000
-10.4012 7.6169 0.5000
-9.5908 7.3886 0.5000
-8.9866 8.4161 0.5000
-10.5344 6.9523 0.5000
-7.0495 10.3080 0.5000
-10.6981 6.1089 0.5000
-11.5504 7.6513 0.5000
-1.6097 0.1682 0.5000
-3.2916 -0.3451 0.5000
-2.8365 -2.1437 0.5000
-3.6182 -4.8962 0.5000
-2.6505 -0.0102 0.5000
-3.4510 -0.5251 0.5000
-2.9793 -1.8159 0.5000
-1.9151 -6.6680 0.5000
-7.3500 0.0817 0.5000
-9.1954 7.1035 0.5000
-9.0133 7.8918 0.5000
-8.8606 9.0244 0.5000
-0.1752 8.5545 0.5000
-0.2298 8.5179 0.5000
-3.3523 -0.0410 0.5000
-10.6083 6.3105 0.5000
-9.2403 6.7868 0.5000
-10.5581 6.8649 0.5000
-10.4379 7.4928 0.5000
-10.6503 6.2809 0.5000
-1.6790 0.0527 0.5000
-19.7613 9.7983 0.5000
-19.7355 10.1645 0.5000
-20.7060 12.7865 0.5000
-3.0676 0.2117 0.5000
-1.9512 -2.9746 0.5000
-1.6415 -6.7151 0.5000
-3.8547 -4.8473 0.5000
-5.2862 -2.0476 0.5000
-6.6519 -1.7687 0.5000
-10.6530 6.0204 0.5000
-9.3305 6.1230 0.5000
-2.6047 -0.0075 0.5000
-2.1064 -3.0729 0.5000
-9.2239 6.7112 0.5000
-10.7609 11.2668 0.5000
-3.1990 -3.6558 0.5000
-19.6388 10.1675 0.5000
-18.4459 11.2767 0.5000
-11.8193 7.7868 0.5000
-11.2796 8.2188 0.5000
-18.4820 11.2875 0.5000
-19.8868 9.1019 0.5000
-19.5957 10.7530 0.5000
-10.3178 8.4504 0.5000
-19.2251 10.8982 0.5000
-10.6383 6.2684 0.5000
-9.3695 6.3029 0.5000
-11.6017 10.9756 0.5000
-9.1164 8.1038 0.5000
-3.7554 -4.8996 0.5000
-3.2382 -2.9588 0.5000
-3.7876 -5.0217 0.5000
-9.8980 5.6369 0.5000
-20.4011 13.4184 0.5000
0.4607 9.2867 0.5000
-19.6401 10.4402 0.5000
-20.5969 13.0485 0.5000
-11.6013 7.7136 0.5000
-12.7758 11.6056 0.5000
-19.6628 10.7442 0.5000
-18.9322 12.3344 0.5000
-10.8847 11.3103 0.5000
-2.7672 -1.6623 0.5000
-3.0388 -2.8008 0.5000
-4.0794 -5.4820 0.5000
-6.6328 -1.8003 0.5000
-9.2975 6.3990 0.5000
-9.1979 7.0382 0.5000
-4.0734 7.9695 0.5000
-0.6000 9.5822 0.5000
0.6495 9.2452 0.5000
0.2440 7.7393 0.5000
-3.4102 -0.4381 0.5000
-3.2698 -1.7015 0.5000
-3.1347 -5.1501 0.5000
-4.2809 -5.3192 0.5000
-19.6080 10.3245 0.5000
-10.2699 5.7173 0.5000
-9.8913 5.6646 0.5000
-11.2505 8.4209 0.5000
-9.0531 7.9636 0.5000
-19.7180 9.6798 0.5000
-11.6906 11.0389 0.5000
-4.2022 -5.4550 0.5000
-4.1224 -5.3810 0.5000
-19.8133 9.4316 0.5000
-10.2670 5.6322 0.5000
-10.3097 8.7643 0.5000
-2.8257 -2.1768 0.5000
-6.1371 -2.0291 0.5000
-7.7372 -0.0477 0.5000
-8.0956 7.0974 0.5000
-4.2786 -3.9311 0.5000
-6.2688 -1.7846 0.5000
-19.5971 10.5317 0.5000
-10.5459 6.8830 0.5000
-10.4180 7.5778 0.5000
-8.0229 0.2871 0.5000
-2.6124 0.0427 0.5000
-19.2362 11.0253 0.5000
-19.7869 9.5222 0.5000
-10.2561 5.6564 0.5000
-10.5198 7.1630 0.5000
-3.0238 -5.0612 0.5000
-19.7527 9.8270 0.5000
-9.9161 5.5902 0.5000
-11.8058 7.7448 0.5000
-9.1777 7.6636 0.5000
-1.7952 0.1333 0.5000
-2.7556 -1.6326 0.5000
-1.2958 -4.4493 0.5000
-1.4348 -5.2491 0.5000
-1.5816 -6.3517 0.5000
-3.5512 -4.8945 0.5000
-4.2251 -5.1168 0.5000
-4.3643 -5.7195 0.5000
-19.5871 10.4340 0.5000
-20.4656 13.1418 0.5000
-12.0322 11.1537 0.5000
-10.4351 7.3732 0.5000
-11.8671 11.1270 0.5000
-10.7194 11.2728 0.5000
-19.6707 10.1713 0.5000
-9.3124 9.2367 0.5000
-12.8617 11.6072 0.5000
-11.8806 11.0667 0.5000
-19.6949 10.3226 0.5000
-20.6282 13.0994 0.5000
-12.0725 11.0270 0.5000
-10.5644 6.3978 0.5000
-8.9908 8.1427 0.5000
-0.0347 9.2950 0.5000
-3.4538 -0.6736 0.5000
-1.3782 -3.9823 0.5000
-3.5079 -1.6579 0.5000
-4.1264 -3.9644 0.5000
-4.3175 -5.4568 0.5000
-6.4351 10.1464 0.5000
-2.8999 -5.1134 0.5000
-19.5857 10.7299 0.5000
-19.3650 12.6252 0.5000
-12.0136 11.0776 0.5000
-19.2321 12.5330 0.5000
-14.0776 11.8491 0.5000
-11.9847 11.0384 0.5000
-2.8424 -5.1013 0.5000
-10.5765 6.9005 0.5000
-2.7027 -5.0311 0.5000
-3.2408 0.0117 0.5000
-10.6031 6.3724 0.5000
-10.4930 7.0831 0.5000
-18.3845 11.3862 0.5000
-10.7126 11.4683 0.5000
-6.3278 10.2964 0.5000
-4.9959 -3.3563 0.5000
-10.6157 12.5315 0.5000
-10.6906 12.6239 0.5000
-7.6572 -0.1020 0.5000
-18.5078 11.3454 0.5000
-11.8392 10.9734 0.5000
-10.7165 12.5942 0.5000
-1.0223 -3.6613 0.5000
-5.8983 -1.8382 0.5000
-8.2246 1.4339 0.5000
-4.3192 -5.6716 0.5000
-7.3573 0.0121 0.5000
-7.9944 0.3856 0.5000
-11.9534 11.1266 0.5000
-9.0774 7.5545 0.5000
0.5085 7.2275 0.5000
-12.7878 11.6874 0.5000
-10.5993 12.5628 0.5000
-10.6293 12.7252 0.5000
-2.6948 -5.0495 0.5000
-3.5594 -4.9389 0.5000
-6.5974 -0.2184 0.5000
-8.2116 -0.8206 0.5000
-0.2717 8.5409 0.5000
-3.0085 -1.7516 0.5000
-4.4706 -3.9205 0.5000
-4.2626 -5.5362 0.5000
-4.0162 -5.0064 0.5000
-3.9952 -5.1625 0.5000
-5.5580 -1.8974 0.5000
-7.9383 0.1846 0.5000
-8.1864 1.7334 0.5000
-6.6162 -0.6970 0.5000
-10.6560 5.9524 0.5000
-20.3952 13.4035 0.5000
-4.1783 -5.0569 0.5000
-5.6179 -1.9287 0.5000
-8.0195 0.3218 0.5000
-0.2824 8.5783 0.5000
-2.8398 -1.7252 0.5000
-1.2875 -3.8472 0.5000
-2.9885 -2.7453 0.5000
-1.7794 0.0706 0.5000
-2.9446 -2.6905 0.5000
-3.7431 -4.9411 0.5000
-6.5919 -1.7654 0.5000
-9.4138 9.2791 0.5000
-6.6359 -0.2181 0.5000
-10.7230 6.1990 0.5000
-9.9658 5.5486 0.5000
-8.0325 7.0613 0.5000
-4.0442 -3.9573 0.5000
-2.1573 -3.1706 0.5000
-3.1137 -5.1207 0.5000
-4.2903 -2.7561 0.5000
-18.3757 11.6805 0.5000
-3.3695 -0.5183 0.5000
-2.0109 -3.0671 0.5000
-4.0312 -5.1070 0.5000
-20.6198 13.1199 0.5000
-3.9628 -5.0808 0.5000
-2.5895 -1.8244 0.5000
-2.0863 -3.7735 0.5000
-6.2422 -0.4085 0.5000
-10.5569 6.5425 0.5000
-4.2071 -5.2750 0.5000
-2.3295 -0.0068 0.5000
-20.5471 13.1999 0.5000
-12.0100 7.7754 0.5000
-1.2887 -4.2071 0.5000
-1.2651 -4.3000 0.5000
-3.2518 -4.9864 0.5000
-12.1199 7.7412 0.5000
-10.6566 6.3775 0.5000
-10.5638 7.2046 0.5000
-2.0117 -2.9714 0.5000
-3.1297 -2.8366 0.5000
-3.9906 -5.1123 0.5000
-1.6105 -5.1129 0.5000
-6.7829 -0.2178 0.5000
-11.8621 7.8320 0.5000
-11.8590 7.7776 0.5000
-19.3550 12.4840 0.5000
-6.1398 -0.3890 0.5000
-2.9992 -1.7508 0.5000
-4.3280 -3.9545 0.5000
-6.2965 -0.7816 0.5000
-9.8445 4.9792 0.5000
-4.3326 7.8281 0.5000
-17.0052 12.4299 0.5000
-6.9353 10.2666 0.5000
-1.6574 0.1326 0.5000
-3.0961 -3.6043 0.5000
-3.3547 -4.9218 0.5000
-3.4809 -4.9458 0.5000
-5.9309 -1.8262 0.5000
-2.4354 -1.8557 0.5000
-5.3116 -1.9699 0.5000
-10.5695 6.4787 0.5000
-6.3377 10.1766 0.5000
-10.5989 6.3357 0.5000
-2.2066 -0.0004 0.5000
-7.9675 0.2916 0.5000
-4.1396 8.0552 0.5000
-2.3774 0.2533 0.5000
-1.0378 -3.6108 0.5000
-0.9973 -3.5692 0.5000
-1.3355 -4.8025 0.5000
-1.5920 -6.4165 0.5000
-5.5020 -1.9319 0.5000
-7.9199 0.2659 0.5000
-2.4798 -0.0059 0.5000
-4.1312 -1.5534 0.5000
-8.9225 8.6391 0.5000
-7.2964 7.1410 0.5000
-9.5440 9.2940 0.5000
-4.3488 -1.4365 0.5000
-5.2886 -1.9673 0.5000
-7.8476 0.0099 0.5000
-10.5454 6.5774 0.5000
-6.8499 -0.7966 0.5000
-8.1077 -0.5276 0.5000
-9.3892 5.5871 0.5000
-11.2432 8.3801 0.5000
-10.6759 11.5456 0.5000
-8.9380 8.5292 0.5000
-9.2872 9.3186 0.5000
-10.8969 11.2519 0.5000
-0.9333 -2.8304 0.5000
-3.1604 -4.0853 0.5000
-6.7176 -0.2511 0.5000
-9.4056 6.1828 0.5000
-6.6654 -0.1984 0.5000
-3.8340 -1.6015 0.5000
-11.0867 10.9481 0.5000
-11.2699 8.5060 0.5000
-9.4597 11.5517 0.5000
-13.1225 11.6529 0.5000
-4.5297 7.9357 0.5000
-1.5569 -6.1298 0.5000
-3.7452 -4.8935 0.5000
-5.9849 -1.8361 0.5000
-3.2736 0.2023 0.5000
-6.1511 -0.9596 0.5000
-4.4701 -1.5077 0.5000
-1.8525 -6.3264 0.5000
-5.3627 -1.9725 0.5000
-9.2899 6.4062 0.5000
-9.0850 7.3853 0.5000
-4.2935 7.7928 0.5000
-10.5619 6.6443 0.5000
-9.0321 8.0203 0.5000
-11.5082 7.7257 0.5000
-6.6973 -0.2039 0.5000
-2.9469 -1.7086 0.5000
-2.1449 -3.7580 0.5000
0.3068 9.2970 0.5000
-11.5856 7.7649 0.5000
-13.2288 11.7491 0.5000
-13.2993 11.7289 0.5000
-3.6957 -4.9380 0.5000
-11.6719 7.7481 0.5000
-13.3681 11.6760 0.5000
-1.4848 -5.3576 0.5000
-17.6501 12.2655 0.5000
-3.9819 -1.4913 0.5000
-6.1686 -0.4276 0.5000
-6.6555 -0.2877 0.5000
-8.1092 -0.8525 0.5000
-2.7234 -1.8145 0.5000
-3.6519 -1.6501 0.5000
-1.5665 -4.9445 0.5000
-4.5469 -3.9516 0.5000
-10.6112 5.9650 0.5000
-8.9070 8.4032 0.5000
-6.1558 -0.9052 0.5000
-2.5213 -0.0049 0.5000
-10.6632 11.5789 0.5000
-8.7920 9.2488 0.5000
-13.0053 11.6721 0.5000
-3.1520 -4.9955 0.5000
-6.0156 -1.8122 0.5000
-8.0700 -0.5126 0.5000
-6.0983 -0.3993 0.5000
-8.9771 -2.4827 0.5000
-3.2589 -5.0551 0.5000
-4.1507 -5.1273 0.5000
-11.2470 8.5422 0.5000
-3.3777 -0.7077 0.5000
-10.6720 6.1636 0.5000
-1.2388 -4.0661 0.5000
-1.4255 -5.3679 0.5000
-3.2791 -4.9345 0.5000
-3.8196 -4.8940 0.5000
-6.8723 -1.7474 0.5000
-8.0798 -0.5986 0.5000
-6.1504 -1.0528 0.5000
-4.0898 -1.5533 0.5000
-6.2138 -0.7563 0.5000
-6.7720 -0.3432 0.5000
-6.7744 -0.4557 0.5000
-12.0295 7.8954 0.5000
-11.2115 8.4157 0.5000
-9.0305 7.9143 0.5000
-2.8845 -1.7622 0.5000
-2.9351 -2.2198 0.5000
-3.2760 -4.1140 0.5000
-3.3460 -5.0621 0.5000
-8.9125 -2.2785 0.5000
-8.9000 -2.1905 0.5000
-7.2846 7.1812 0.5000
-7.1255 -1.9756 0.5000
-8.9150 -2.4178 0.5000
-8.8784 -2.2245 0.5000
-13.0783 11.7222 0.5000
-8.8483 -2.2113 0.5000
-17.6350 12.3311 0.5000
-13.0910 11.6349 0.5000
-11.2260 10.8859 0.5000
-8.8418 -2.4088 0.5000
-8.8222 -2.2854 0.5000
-6.0552 -1.8290 0.5000
-2.9134 -1.7530 0.5000
-3.8852 -4.9532 0.5000
-4.5279 -3.9195 0.5000
-6.8645 -0.8526 0.5000
-8.9906 8.1857 0.5000
-3.4082 -0.7578 0.5000
-11.2480 8.4661 0.5000
-9.1479 7.2463 0.5000
-9.9086 7.1598 0.5000
-8.1022 -0.8329 0.5000
-1.4970 -5.5259 0.5000
-8.1310 -0.9546 0.5000
-2.8346 -1.6459 0.5000
-3.4692 -1.5834 0.5000
-3.0739 -4.9813 0.5000
-5.4423 -1.9465 0.5000
-8.8192 -2.5610 0.5000
-2.2206 -0.0519 0.5000
-2.2679 -1.8549 0.5000
-3.3083 -1.7003 0.5000
-6.6167 -1.7796 0.5000
-6.8996 -1.0091 0.5000
-7.0201 -1.7230 0.5000
-8.1619 -0.7328 0.5000
-9.8157 11.1843 0.5000
-10.6601 6.0635 0.5000
-3.2637 -5.0474 0.5000
-16.3332 12.1681 0.5000
-9.2009 7.5659 0.5000
-2.2409 0.2209 0.5000
-3.1475 -4.9955 0.5000
-4.0401 -5.0775 0.5000
-6.8943 -1.7527 0.5000
0.2936 6.9627 0.5000
-3.6787 -1.5370 0.5000
-1.2428 -4.6286 0.5000
-4.5880 -1.3913 0.5000
-6.1094 -0.7659 0.5000
-6.6777 -0.3377 0.5000
-8.0567 -0.4729 0.5000
-6.2833 -0.4375 0.5000
-2.6872 -2.3715 0.5000
-6.1672 -0.4768 0.5000
-6.3058 -1.7150 0.5000
-6.7584 -1.7372 0.5000
-7.1675 -1.9529 0.5000
-9.6149 8.2282 0.5000
-9.7988 11.2465 0.5000
-7.2417 7.4225 0.5000
-8.1478 -0.6180 0.5000
-8.1248 -0.7135 0.5000
-17.3244 12.3076 0.5000
-1.5150 -6.0383 0.5000
-5.8145 -2.0514 0.5000
-7.0439 -1.8836 0.5000
-16.7994 12.1028 0.5000
-6.1452 -0.5975 0.5000
-8.0859 -0.3636 0.5000
-3.6089 -1.6578 0.5000
-3.0222 -2.7502 0.5000
-3.4389 -5.0558 0.5000
-4.1622 -3.9754 0.5000
-6.9969 -1.7387 0.5000
-6.9471 -0.2247 0.5000
-8.1424 -0.3365 0.5000
-8.1274 -0.3772 0.5000
-9.0390 7.6859 0.5000
-2.5539 -0.0036 0.5000
-6.9721 -0.6682 0.5000
-8.8165 -1.9695 0.5000
-8.8154 -1.8756 0.5000
-7.2342 7.3421 0.5000
-6.9525 -0.7287 0.5000
-6.9018 -0.3339 0.5000
-8.7635 -1.8530 0.5000
-13.3074 11.7201 0.5000
-11.3507 10.9499 0.5000
-6.8527 -0.2340 0.5000
-8.7840 -1.9355 0.5000
-17.0148 12.2869 0.5000
-6.9166 -0.4219 0.5000
-8.7639 -2.0192 0.5000
-8.7506 -1.9794 0.5000
-2.2183 -1.7634 0.5000
-0.9468 -3.0073 0.5000
-3.9751 -1.5324 0.5000
-6.1939 -0.6065 0.5000
-6.5898 -0.2612 0.5000
-6.3200 -0.7255 0.5000
-6.8169 -1.7602 0.5000
-7.1282 -1.3799 0.5000
-7.0699 -1.0832 0.5000
-10.5078 6.6160 0.5000
-12.7219 11.7173 0.5000
-9.5734 8.2474 0.5000
-7.2151 -1.9055 0.5000
-10.6867 11.7290 0.5000
-13.0022 11.6160 0.5000
-4.0628 -5.1876 0.5000
-6.7869 -1.7956 0.5000
-7.1351 -1.7630 0.5000
-0.5421 8.4456 0.5000
-6.1947 -0.3659 0.5000
-8.0599 -0.2667 0.5000
-4.0231 -1.5524 0.5000
-6.6579 -1.7476 0.5000
-6.7244 -0.5006 0.5000
-11.7366 7.8140 0.5000
-13.1272 11.7740 0.5000
-11.0876 10.9815 0.5000
-6.2590 -1.9226 0.5000
-16.8626 12.3638 0.5000
-9.7943 7.1951 0.5000
-10.7884 11.2323 0.5000
-7.0091 -1.0083 0.5000
-16.8818 12.3449 0.5000
-6.2148 -1.9375 0.5000
-6.9605 -0.8265 0.5000
-17.0802 12.2409 0.5000
-1.8177 -1.8078 0.5000
-2.9349 -1.6788 0.5000
-3.7334 -1.5340 0.5000
-3.3336 -4.9932 0.5000
-5.3598 -1.9471 0.5000
-6.7974 -1.8971 0.5000
-6.8181 -1.7426 0.5000
-7.0376 -1.3644 0.5000
-16.6372 12.0088 0.5000
-9.7904 9.2394 0.5000
-6.2583 -1.1680 0.5000
-6.8673 -0.2905 0.5000
-3.7282 -1.6048 0.5000
-6.2388 -0.8924 0.5000
-6.2379 -0.4692 0.5000
-2.2783 -0.0523 0.5000
-2.8315 -5.1596 0.5000
-4.2291 -5.4270 0.5000
-6.8152 -1.8054 0.5000
-16.1223 12.2291 0.5000
-7.1839 7.7361 0.5000
-7.1069 -1.5882 0.5000
-12.8324 11.6337 0.5000
-1.4946 -5.4179 0.5000
-7.0808 -1.5266 0.5000
-2.8242 -1.6854 0.5000
-1.4246 -5.2835 0.5000
-1.5342 -5.9582 0.5000
-6.7198 -0.4106 0.5000
-2.4705 0.3819 0.5000
-3.6469 -1.5439 0.5000
-4.2737 -1.4882 0.5000
-6.7912 -1.1665 0.5000
-6.6354 -0.2693 0.5000
-6.9600 -0.8574 0.5000
-2.1562 -1.9165 0.5000
-5.9834 -1.7905 0.5000
-6.7083 -0.6304 0.5000
-6.7351 -0.5658 0.5000
-7.0355 -0.8202 0.5000
-6.2675 -1.1067 0.5000
-6.6425 -1.9236 0.5000
-7.1355 -1.2038 0.5000
-8.0630 -0.2248 0.5000
-7.0615 -1.1167 0.5000
-16.4272 12.2200 0.5000
-10.7264 11.5502 0.5000
-16.4216 12.1483 0.5000
-11.9420 11.0472 0.5000
-11.9382 7.7105 0.5000
-13.3227 11.6558 0.5000
-4.2986 -3.8690 0.5000
-4.1165 -5.6085 0.5000
-6.2468 -0.5846 0.5000
-6.6597 -0.6465 0.5000
-6.9042 -0.7928 0.5000
-1.9120 -1.9569 0.5000
-4.4351 -1.1443 0.5000
-5.8655 -1.6516 0.5000
-8.0623 -0.3200 0.5000
0.1058 4.4615 0.5000
-4.3011 -5.6309 0.5000
-9.2914 6.2610 0.5000
-11.2448 11.0256 0.5000
-9.0903 7.5183 0.5000
-12.2662 7.7879 0.5000
-11.5721 10.9337 0.5000
-9.4508 9.2022 0.5000
-2.7838 -3.5561 0.5000
-3.2524 -4.0413 0.5000
-4.0292 -3.9149 0.5000
-6.3286 -1.9124 0.5000
-6.5991 -1.8123 0.5000
-8.0403 -0.2111 0.5000
-6.6331 -0.3668 0.5000
-2.0222 -0.0955 0.5000
-1.9663 -1.9589 0.5000
-4.4646 -1.0806 0.5000
-6.1290 -1.6992 0.5000
-6.7939 -0.9317 0.5000
-8.0867 -0.1175 0.5000
0.5022 6.8263 0.5000
-11.8677 7.8684 0.5000
-13.2333 11.8181 0.5000
-11.1273 10.9566 0.5000
0.5211 6.9848 0.5000
-1.1333 -2.7163 0.5000
-10.7378 11.4136 0.5000
-10.7819 11.5559 0.5000
-9.9533 11.2260 0.5000
-1.4885 -5.6618 0.5000
-7.0097 -1.2318 0.5000
-6.6796 -0.4261 0.5000
-6.9350 -0.4915 0.5000
-3.1326 -1.6473 0.5000
-3.8337 -1.5284 0.5000
-6.6419 -0.5165 0.5000
-1.9623 -1.9103 0.5000
-3.0976 -1.7195 0.5000
-6.0705 -1.5251 0.5000
-6.2544 -0.6991 0.5000
-6.8101 -1.2145 0.5000
-6.6703 -0.3630 0.5000
-4.2535 7.7207 0.5000
-2.8419 -1.7577 0.5000
-4.2287 -5.3626 0.5000
-7.1362 -1.4809 0.5000
-7.1381 -1.3058 0.5000
-11.4900 11.0222 0.5000
-3.3721 -0.7539 0.5000
-3.3154 -0.8002 0.5000
-4.1475 -5.2987 0.5000
0.3474 7.1644 0.5000
-2.5304 0.3164 0.5000
-1.9312 -3.6883 0.5000
-2.9024 -3.5222 0.5000
-7.1141 -1.7278 0.5000
-6.9001 -0.6735 0.5000
-6.2318 -0.5081 0.5000
-6.6119 -0.3061 0.5000
-6.6884 -0.5852 0.5000
-2.0680 -1.9088 0.5000
-3.1892 -3.6322 0.5000
-4.6114 -3.8584 0.5000
-6.7004 -1.7446 0.5000
-6.8562 -1.2066 0.5000
-6.8437 -1.1082 0.5000
-4.1353 -5.0657 0.5000
-8.9981 8.2232 0.5000
-7.0912 -1.2159 0.5000
-1.2776 -4.0300 0.5000
-4.0850 -5.0748 0.5000
-12.9225 11.6656 0.5000
-2.6465 -1.6944 0.5000
-4.0702 -1.4929 0.5000
-4.0383 -5.2656 0.5000
-5.3224 -1.9311 0.5000
-5.8319 -1.8566 0.5000
-6.7134 -0.8382 0.5000
-7.9115 -0.1226 0.5000
-6.6976 -0.4719 0.5000
-1.2856 -2.0863 0.5000
-4.3151 -1.1473 0.5000
-2.9825 -4.1558 0.5000
-4.7342 -1.9080 0.5000
-6.8171 -0.8126 0.5000
-6.7976 -0.6752 0.5000
-10.5728 6.4237 0.5000
-10.3539 7.6033 0.5000
-1.8274 -6.5793 0.5000
-13.1619 11.7562 0.5000
-7.0616 -1.3570 0.5000
-6.6841 -1.9345 0.5000
-13.1740 11.6638 0.5000
-2.6790 -12.5129 0.5000
-6.7630 -0.8596 0.5000
-8.0259 -0.1671 0.5000
-5.4645 -1.9340 0.5000
-6.1254 -0.9114 0.5000
-6.7999 -1.1039 0.5000
-6.6811 -0.5035 0.5000
-6.6313 -0.4410 0.5000
-3.2620 -4.1566 0.5000
-6.2093 -0.9180 0.5000
-6.8829 -1.0694 0.5000
-6.7382 -0.4686 0.5000
-11.3447 7.7877 0.5000
-10.6643 11.4477 0.5000
-7.1798 7.5940 0.5000
-1.5314 -5.3448 0.5000
-4.1539 -5.1763 0.5000
-7.0260 -0.8785 0.5000
-10.5984 6.1214 0.5000
-1.4847 -5.6181 0.5000
-5.3741 -2.0890 0.5000
-6.5753 -1.9641 0.5000
-1.7444 -1.8482 0.5000
-3.6298 -1.5987 0.5000
-3.0836 -4.0690 0.5000
-3.8361 -3.9414 0.5000
-4.5008 -3.8446 0.5000
-6.0880 -0.9441 0.5000
-6.2013 -0.6846 0.5000
-5.9366 -1.7294 0.5000
-5.9312 -1.5976 0.5000
-6.1677 -1.7110 0.5000
-6.1659 -1.5348 0.5000
-6.7437 -0.7016 0.5000
-6.7591 -0.8076 0.5000
-1.1629 -3.1369 0.5000
-6.9313 -1.1795 0.5000
-9.3469 6.0573 0.5000
-9.0965 7.3387 0.5000
-7.2982 7.0443 0.5000
0.1584 4.8960 0.5000
-2.9573 -2.2958 0.5000
-4.2665 -5.6749 0.5000
-6.9876 -1.8688 0.5000
-11.7038 7.7639 0.5000
-4.2223 -5.6994 0.5000
-11.7738 7.7448 0.5000
-2.8549 -1.7222 0.5000
-2.8841 -2.2565 0.5000
-4.1552 -5.6966 0.5000
-9.2622 7.1860 0.5000
-0.9426 -3.1531 0.5000
-4.1749 -2.5826 0.5000
-4.5937 -3.8489 0.5000
-7.1059 -1.8436 0.5000
-6.9838 -1.0501 0.5000
0.2815 7.0242 0.5000
-2.5404 -1.7246 0.5000
-3.4309 -1.5962 0.5000
-4.3681 -1.1313 0.5000
-4.0496 -1.5468 0.5000
-6.0615 -1.7441 0.5000
-6.1000 -0.9826 0.5000
-6.1442 -1.1417 0.5000
-6.1400 -0.5407 0.5000
-6.5493 -0.5015 0.5000
-6.5820 -0.5799 0.5000
-4.4122 -1.1567 0.5000
-6.0485 -1.7128 0.5000
-6.1569 -1.0270 0.5000
-6.8352 -1.1908 0.5000
-9.3995 5.6093 0.5000
-9.1781 6.7858 0.5000
-2.4505 -1.8692 0.5000
-2.5727 -2.4063 0.5000
-1.9548 -3.8218 0.5000
-2.8894 -3.6463 0.5000
-4.2078 -5.1922 0.5000
-12.0685 7.9011 0.5000
-11.1716 8.4996 0.5000
-1.6144 9.7473 0.5000
0.0550 4.1292 0.5000
-7.1023 -1.4183 0.5000
-6.6756 -1.8120 0.5000
-7.0764 -1.4439 0.5000
-1.9166 -1.8440 0.5000
-2.9985 -1.6919 0.5000
-3.6819 -1.5865 0.5000
-6.1204 -0.8614 0.5000
-6.1511 -0.8347 0.5000
-6.6042 -0.7270 0.5000
-6.5861 -0.4510 0.5000
-3.0467 -3.6053 0.5000
-3.4363 -4.1119 0.5000
-4.7068 -3.8697 0.5000
-6.2175 -1.4455 0.5000
-6.1841 -0.6581 0.5000
-4.1557 -5.3888 0.5000
-12.9926 11.7038 0.5000
-4.1907 -5.4413 0.5000
-4.1290 -5.3421 0.5000
-6.7169 -1.8263 0.5000
-9.4526 9.1963 0.5000
0.2280 6.6424 0.5000
-3.7891 -3.9453 0.5000
-4.3834 -3.8902 0.5000
-2.7164 -13.1322 0.5000
-6.1782 -1.1639 0.5000
-6.1241 -0.4978 0.5000
-6.7887 -1.0533 0.5000
-2.7490 -3.5659 0.5000
-3.1189 -4.0993 0.5000
-3.8669 -3.9358 0.5000
-5.6234 -1.8904 0.5000
-5.8945 -1.8962 0.5000
-6.0970 -0.4449 0.5000
-6.7489 -0.9636 0.5000
-6.1540 -0.7996 0.5000
-6.5572 -0.4306 0.5000
-1.5228 -2.0479 0.5000
-1.1615 -2.6659 0.5000
-2.7642 -1.8028 0.5000
-2.8334 -3.6624 0.5000
-3.9509 -4.0088 0.5000
-4.5996 -3.8730 0.5000
-6.1633 -0.5757 0.5000
-8.8958 8.4099 0.5000
-3.1464 -13.3294 0.5000
-6.4225 -1.9829 0.5000
-6.8492 -0.8733 0.5000
-7.1186 -1.6718 0.5000
-2.8268 -13.2330 0.5000
-6.8413 -0.9399 0.5000
-2.1787 -1.7830 0.5000
-5.9999 -1.7325 0.5000
-4.3457 -1.0572 0.5000
-5.9503 -1.5140 0.5000
-6.1944 -1.4983 0.5000
-2.0190 -1.9218 0.5000
-2.3718 -3.7201 0.5000
-3.1378 -3.5937 0.5000
-2.9210 -5.1590 0.5000
-3.4762 -4.0951 0.5000
-4.6871 -3.8620 0.5000
-5.9318 -1.9311 0.5000
-6.2373 -1.1375 0.5000
-6.8154 -1.0441 0.5000
-4.1597 -5.2740 0.5000
-3.0164 -2.7485 0.5000
-4.1020 -5.4079 0.5000
-3.0661 -3.5134 0.5000
-4.1880 -5.7632 0.5000
-2.6174 -1.7104 0.5000
-3.3163 -1.6473 0.5000
-1.2836 -4.2641 0.5000
-6.1041 -1.2748 0.5000
-6.1204 -1.3057 0.5000
-6.1188 -0.7408 0.5000
-4.3096 -1.0475 0.5000
-6.0976 -0.5724 0.5000
-1.7261 -1.9682 0.5000
-2.8405 -2.2876 0.5000
-2.6637 -4.2147 0.5000
-6.1634 -1.2405 0.5000
-6.2045 -1.2521 0.5000
-6.2931 10.2275 0.5000
-5.0609 -3.8119 0.5000
-6.3733 -1.8469 0.5000
-7.8035 7.1568 0.5000
-7.1470 7.8682 0.5000
-2.6868 -5.1114 0.5000
-4.1102 -5.5120 0.5000
-5.0385 -3.8278 0.5000
-6.3031 -1.8789 0.5000
-3.5831 -14.2615 0.5000
-4.9216 -3.8197 0.5000
-6.1397 -0.9859 0.5000
-2.5847 0.2519 0.5000
-2.0335 -1.7930 0.5000
-4.0378 -1.1945 0.5000
-6.0764 -1.0488 0.5000
-6.0813 -1.0648 0.5000
-2.5019 -2.4001 0.5000
-1.9476 -3.8025 0.5000
-4.4417 -3.9057 0.5000
-4.9731 -3.7044 0.5000
-6.7069 -0.3775 0.5000
-0.5523 9.5814 0.5000
0.5777 7.2456 0.5000
-4.1061 -4.9168 0.5000
-3.4176 -14.1516 0.5000
-3.4572 -14.1843 0.5000
-4.9054 -3.3209 0.5000
-2.8160 -13.7625 0.5000
-2.9126 -2.1351 0.5000
-1.4924 -5.8020 0.5000
-4.1433 -5.6953 0.5000
-4.0320 -14.5785 0.5000
-6.1061 -1.0201 0.5000
-3.0250 -1.6891 0.5000
-6.0987 -0.7700 0.5000
-6.1437 -0.8179 0.5000
-2.6266 -1.7932 0.5000
-2.6385 -2.3009 0.5000
-2.1371 -3.7355 0.5000
-2.8994 -3.5901 0.5000
-3.2452 -4.1514 0.5000
-4.4918 -3.8976 0.5000
-4.9522 -3.8109 0.5000
-6.2099 -1.2017 0.5000
-4.0909 -5.0347 0.5000
-4.9614 -3.3159 0.5000
-3.4530 -14.2243 0.5000
-4.1985 -1.0892 0.5000
-4.1445 -1.2056 0.5000
-5.9336 -1.6698 0.5000
-6.1855 -1.6089 0.5000
-6.1499 -1.0779 0.5000
-1.9187 -7.0887 0.5000
-5.0009 -3.3305 0.5000
-6.1815 -1.2638 0.5000
-12.1902 7.9177 0.5000
-2.7695 -5.1266 0.5000
-4.1627 -5.6075 0.5000
-2.9176 -2.2660 0.5000
-2.8450 -14.0368 0.5000
-2.1236 -1.8428 0.5000
-3.1011 -1.9777 0.5000
-3.1709 -4.1323 0.5000
-4.2127 -2.7514 0.5000
-4.0660 -5.3894 0.5000
-6.1041 -1.3879 0.5000
-3.5245 -1.5966 0.5000
-4.2383 -1.1007 0.5000
-6.0646 -0.5318 0.5000
-4.1652 -1.1019 0.5000
-4.3965 -1.1554 0.5000
-6.0448 -1.6380 0.5000
-6.2636 -1.6050 0.5000
-1.8408 -1.9769 0.5000
-6.2600 -1.2337 0.5000
-12.1007 7.9356 0.5000
-9.7283 7.2045 0.5000
-3.9502 -14.3108 0.5000
-11.5255 7.8141 0.5000
-3.1533 -5.1049 0.5000
-3.6568 -14.2635 0.5000
-13.5373 11.7619 0.5000
-3.7213 -14.3200 0.5000
-13.3954 11.7027 0.5000
-3.1716 -5.0707 0.5000
-6.8822 -1.8098 0.5000
0.1985 6.2762 0.5000
-2.5447 -1.7574 0.5000
-3.1511 -1.6783 0.5000
-4.2513 -1.1360 0.5000
-1.6511 -1.9575 0.5000
-4.1092 -1.2580 0.5000
-2.1315 -2.9706 0.5000
-3.8717 -14.2812 0.5000
-6.2308 -1.3168 0.5000
-16.9542 12.4685 0.5000
-7.1883 7.6774 0.5000
-3.9790 -14.3516 0.5000
-3.2155 -5.1012 0.5000
-13.3989 11.7834 0.5000
-3.4935 -14.2575 0.5000
-1.6357 -2.4400 0.5000
-2.4608 -2.3175 0.5000
-1.8296 -3.7038 0.5000
-2.9047 -4.0696 0.5000
-3.4994 -4.0232 0.5000
-4.5338 -3.8827 0.5000
-4.9897 -2.5944 0.5000
-6.1914 -1.3128 0.5000
-7.0833 -1.4607 0.5000
-6.7013 -0.6511 0.5000
-4.0563 -1.2372 0.5000
-3.9411 -1.5390 0.5000
-6.0839 -1.7904 0.5000
-4.0965 -1.2603 0.5000
-5.6623 -1.8813 0.5000
-5.8784 -1.7487 0.5000
-6.1094 -1.6084 0.5000
-2.1109 -1.8985 0.5000
-2.2393 -3.7259 0.5000
-3.9465 -14.3231 0.5000
-4.2267 -14.3992 0.5000
-16.4347 12.3079 0.5000
-9.6731 8.3074 0.5000
-7.1957 7.6473 0.5000
-5.9751 -1.9082 0.5000
-13.1592 11.8336 0.5000
-10.7904 10.9617 0.5000
-4.2401 -5.7027 0.5000
-16.9194 12.3847 0.5000
-3.0792 -5.0588 0.5000
-5.2895 -2.4196 0.5000
-16.7126 12.2153 0.5000
-10.6793 12.4149 0.5000
-3.1090 -3.6098 0.5000
-3.0354 -14.1098 0.5000
-4.6404 -15.6957 0.5000
-11.9669 7.7201 0.5000
-13.2425 11.6471 0.5000
-3.3683 -4.0470 0.5000
-4.8496 -3.7937 0.5000
-4.1303 -1.1860 0.5000
-6.0754 -0.6449 0.5000
-4.2094 -1.1747 0.5000
-5.9830 -1.6194 0.5000
-6.1606 -1.5720 0.5000
-2.1723 -3.7514 0.5000
-3.7321 -4.0264 0.5000
-3.3371 -14.1463 0.5000
-5.0165 -15.6438 0.5000
-6.2127 -1.0507 0.5000
-7.1748 -1.5310 0.5000
-8.9951 7.9490 0.5000
-7.5769 7.1106 0.5000
-3.3961 -14.1716 0.5000
-9.3874 5.7803 0.5000
-13.0814 11.8115 0.5000
-10.7687 11.0118 0.5000
-8.8856 8.7281 0.5000
-7.1906 -1.7963 0.5000
-16.6381 12.2354 0.5000
-4.6838 -15.6837 0.5000
-6.8410 -0.4936 0.5000
-8.8835 13.8426 0.5000
-3.4189 -4.0287 0.5000
-3.9464 -3.9338 0.5000
-4.4175 -3.8561 0.5000
-3.5036 -14.2449 0.5000
-4.8700 -3.4802 0.5000
-5.3159 -2.0299 0.5000
-6.3212 -1.8297 0.5000
-4.2465 -1.3877 0.5000
-4.2896 -1.0906 0.5000
-3.0386 -3.5901 0.5000
-3.3643 -4.1013 0.5000
-4.7562 -1.8973 0.5000
-6.0414 -1.7981 0.5000
-6.4134 -1.8483 0.5000
-3.1685 -3.5986 0.5000
-11.6757 7.8654 0.5000
-7.2094 7.2774 0.5000
-6.5222 8.4042 0.5000
-5.5358 8.2837 0.5000
-1.2056 -3.1226 0.5000
-4.3851 -14.5188 0.5000
-7.2944 7.0604 0.5000
-3.1069 -5.0531 0.5000
-4.1250 -5.0131 0.5000
-4.2481 -5.7698 0.5000
-3.8598 -14.3666 0.5000
-1.7993 -1.8972 0.5000
-2.7893 -1.7164 0.5000
-3.7337 -1.5902 0.5000
-1.8914 -3.7027 0.5000
-2.9325 -4.1040 0.5000
-3.5134 -4.0372 0.5000
-4.0796 -3.9136 0.5000
-5.2109 -2.4479 0.5000
-5.8807 -1.9088 0.5000
-6.0920 -0.4531 0.5000
-1.7610 -1.9690 0.5000
-2.5318 -2.3714 0.5000
-2.4638 -3.7038 0.5000
-4.3195 -3.9057 0.5000
-6.2987 -1.7250 0.5000
-6.4106 -1.5593 0.5000
-6.1513 -1.1068 0.5000
-10.4974 6.6324 0.5000
-9.2237 6.5504 0.5000
-8.9465 8.2102 0.5000
-4.2679 -5.7542 0.5000
-3.7741 -14.2869 0.5000
-12.2237 11.0885 0.5000
-3.2322 -4.0966 0.5000
-3.0636 -5.0477 0.5000
-3.6326 -14.2843 0.5000
-6.3536 -0.5495 0.5000
-2.2400 -3.6395 0.5000
-2.8948 -3.5379 0.5000
-6.1555 -0.8507 0.5000
-3.4828 -1.6519 0.5000
-4.4597 -1.1415 0.5000
-2.1240 -1.9058 0.5000
-2.7522 -2.3501 0.5000
-1.8108 -3.8128 0.5000
-5.0450 -3.7930 0.5000
-4.2419 -5.5559 0.5000
-3.5439 -14.1976 0.5000
-9.5901 8.3120 0.5000
-2.2649 -0.9879 0.5000
-2.3655 -0.9266 0.5000
-3.2399 -14.1943 0.5000
-1.4790 -5.4892 0.5000
-6.5535 -1.7452 0.5000
-6.1114 -1.1948 0.5000
-3.1287 -1.6733 0.5000
-3.0584 -1.6850 0.5000
-5.7928 -1.6594 0.5000
-4.3560 -1.0466 0.5000
-2.6856 -1.7930 0.5000
-3.3729 -1.6720 0.5000
-6.1582 -1.3985 0.5000
-1.9554 -2.4658 0.5000
-1.8127 -3.7801 0.5000
-3.3480 -4.0914 0.5000
-4.7387 -15.6775 0.5000
-4.2051 -5.6142 0.5000
-7.1548 -1.8207 0.5000
-3.6227 -14.3184 0.5000
-3.5439 -14.2538 0.5000
-11.9741 7.6811 0.5000
-13.6268 11.6455 0.5000
-10.9789 11.2532 0.5000
-8.1629 7.0796 0.5000
-7.7595 7.0254 0.5000
-2.0941 -1.8161 0.5000
-1.7788 -2.4055 0.5000
-2.6453 -2.2845 0.5000
-5.2445 -2.0080 0.5000
-5.8818 -1.9868 0.5000
-6.5484 -1.8121 0.5000
-5.8406 -1.8278 0.5000
-6.2331 -1.6902 0.5000
-4.2614 -1.0456 0.5000
-4.1361 -1.1321 0.5000
-4.2512 -1.1667 0.5000
-5.8715 -1.5664 0.5000
-6.0392 -1.5181 0.5000
-1.7227 -2.5165 0.5000
-1.4573 -4.0624 0.5000
-5.3715 8.6549 0.5000
-2.2044 -0.9613 0.5000
-11.8368 11.1227 0.5000
-6.3047 10.3058 0.5000
-2.4885 -0.8824 0.5000
-2.3198 -0.9188 0.5000
-11.7307 7.7412 0.5000
-2.2492 -0.8986 0.5000
-2.0943 -3.0218 0.5000
-4.0084 -15.5823 0.5000
-7.0850 -2.0410 0.5000
-2.7898 -0.7870 0.5000
-2.8394 -0.7767 0.5000
-3.1532 -2.9549 0.5000
-2.8569 -14.0650 0.5000
-4.7013 -3.8424 0.5000
-6.4147 -1.9482 0.5000
-5.9218 -1.7511 0.5000
-4.2405 -1.0376 0.5000
-4.3610 -1.0605 0.5000
-5.8389 -1.6499 0.5000
-6.2019 -1.5499 0.5000
-6.5180 -0.9525 0.5000
-2.9587 -0.8206 0.5000
-3.3283 -0.7676 0.5000
-2.5232 -1.8350 0.5000
-2.9593 -2.3138 0.5000
-1.9537 -3.7796 0.5000
-3.9452 -3.9746 0.5000
-3.1344 -14.0758 0.5000
-4.7739 -3.8527 0.5000
-5.2781 -2.1559 0.5000
-6.6434 -1.7444 0.5000
-6.8579 -1.1170 0.5000
-4.2233 -5.5475 0.5000
-3.5917 -14.2486 0.5000
-6.0391 -2.0114 0.5000
-6.2491 -1.9705 0.5000
-11.4947 10.9781 0.5000
-4.1156 -5.5646 0.5000
-3.4246 -14.2421 0.5000
-6.9641 -0.9554 0.5000
-6.7471 -0.3021 0.5000
-4.9437 -3.7910 0.5000
-6.5684 -1.8931 0.5000
-3.4067 -1.6335 0.5000
-6.0562 -1.6293 0.5000
-6.1136 -1.2028 0.5000
-6.1275 -1.5739 0.5000
-6.0686 -1.5583 0.5000
-6.2557 -1.4717 0.5000
-2.6906 -0.8592 0.5000
-4.8869 -3.8208 0.5000
-6.6649 -1.8947 0.5000
-6.8132 -0.9686 0.5000
-9.0925 7.4562 0.5000
-2.2469 -1.8663 0.5000
-1.8865 -2.4867 0.5000
-1.7057 -3.8135 0.5000
-2.6936 -4.1959 0.5000
-3.3385 -14.1690 0.5000
-3.1526 -0.7469 0.5000
-3.2800 -14.2210 0.5000
-11.5393 10.8954 0.5000
-0.5128 8.7818 0.5000
-1.5890 -3.7217 0.5000
-1.6127 -3.7174 0.5000
-2.9924 -3.5222 0.5000
-4.1376 -3.9488 0.5000
-4.2207 -1.0820 0.5000
-5.2888 -2.0943 0.5000
-6.1036 -1.7391 0.5000
-6.3536 -1.6879 0.5000
-6.7953 -0.9900 0.5000
-6.7982 -1.0101 0.5000
-2.9347 -3.6103 0.5000
-3.1231 -4.1066 0.5000
-1.2456 -3.0924 0.5000
-4.0691 -14.3578 0.5000
-2.9434 -2.3005 0.5000
-2.4242 -0.8883 0.5000
-2.1981 -0.9151 0.5000
-4.1612 -5.7132 0.5000
-2.4901 -0.8386 0.5000
-2.5894 -1.7604 0.5000
-2.1685 -2.3622 0.5000
-3.9801 -14.5833 0.5000
-6.2379 -1.6408 0.5000
-3.3520 -1.7003 0.5000
-2.0874 -2.4704 0.5000
-3.9564 -3.9922 0.5000
-4.1982 -14.3855 0.5000
-1.9909 -1.8499 0.5000
-1.7004 -2.4361 0.5000
-5.6645 -1.9592 0.5000
-5.8497 -1.7898 0.5000
-6.5766 -1.9176 0.5000
-6.1157 -1.4071 0.5000
-5.8994 -1.7514 0.5000
-6.2244 -1.7085 0.5000
-6.3148 -1.5084 0.5000
-3.5546 -1.6561 0.5000
-3.0356 -4.1558 0.5000
-6.2194 -1.0080 0.5000
-6.8734 -0.9946 0.5000
-7.9438 0.9603 0.5000
-11.1839 8.5480 0.5000
-4.0882 -5.2043 0.5000
-9.5574 5.4903 0.5000
-11.6113 10.8549 0.5000
0.1215 6.0552 0.5000
-2.2791 -1.7863 0.5000
-5.9192 -1.6493 0.5000
-3.0443 -1.7298 0.5000
-2.9835 -1.7433 0.5000
-2.9366 -3.5952 0.5000
-12.8123 11.7128 0.5000
-4.1930 -5.5736 0.5000
-4.0662 -14.4117 0.5000
-11.9427 7.6690 0.5000
0.3275 7.2184 0.5000
-4.0808 -5.5438 0.5000
-3.8333 -14.3852 0.5000
-6.2825 -1.9681 0.5000
-7.1553 -2.0121 0.5000
-13.3085 11.4909 0.5000
-2.5711 -1.7323 0.5000
-3.3879 -1.6312 0.5000
-5.0261 -2.5990 0.5000
-5.2178 -2.1708 0.5000
-5.8237 -1.7104 0.5000
-5.9980 -1.6830 0.5000
-6.6210 -1.8543 0.5000
-4.2932 -5.7029 0.5000
-4.3272 -14.4885 0.5000
-6.2041 -0.6226 0.5000
-10.5989 6.2909 0.5000
-13.0939 11.6813 0.5000
-12.9620 11.6765 0.5000
-12.0095 7.6913 0.5000
-10.9779 11.1285 0.5000
-10.9734 11.2355 0.5000
0.3994 7.5332 0.5000
-1.1287 -3.0399 0.5000
-3.7855 -14.3655 0.5000
-1.8611 -2.4083 0.5000
-1.7061 -3.7113 0.5000
-4.2170 -3.8801 0.5000
-4.6243 -3.8357 0.5000
-6.0580 -2.0027 0.5000
-8.3941 7.1469 0.5000
-2.3558 -2.3471 0.5000
-10.1644 5.9639 0.5000
-10.1988 5.9389 0.5000
-12.1181 10.9321 0.5000
-12.2070 10.9296 0.5000
-3.2036 -1.6965 0.5000
-4.3018 -1.1545 0.5000
-6.0322 -1.6771 0.5000
-4.1503 -1.2135 0.5000
-2.4189 -3.7111 0.5000
-4.2090 -3.9348 0.5000
-12.1466 7.8946 0.5000
-10.4409 7.6599 0.5000
-13.2313 11.7964 0.5000
-9.9379 8.1264 0.5000
-10.3946 8.7680 0.5000
-8.2300 7.0504 0.5000
-8.2683 7.0528 0.5000
-6.1773 -1.4339 0.5000
-4.1420 -1.0964 0.5000
-5.7958 -1.6424 0.5000
-1.3184 -2.0313 0.5000
-2.4826 -1.8379 0.5000
-2.4042 -1.8258 0.5000
-3.1058 -1.7308 0.5000
-2.1858 -2.4444 0.5000
-3.5656 -4.0676 0.5000
-1.1463 -3.1338 0.5000
-11.2078 8.5539 0.5000
-7.1747 7.7980 0.5000
-12.2751 7.7267 0.5000
-13.5829 11.6607 0.5000
-13.5264 11.6479 0.5000
-11.1247 10.8046 0.5000
-8.9716 13.8728 0.5000
-1.2394 -3.0201 0.5000
-1.9699 -1.8656 0.5000
-3.2426 -4.0442 0.5000
-4.1890 -1.1641 0.5000
-3.8475 -4.0201 0.5000
-16.4529 12.3680 0.5000
-16.3886 12.2363 0.5000
-8.8228 13.8488 0.5000
-9.8372 5.0296 0.5000
-11.6932 10.8937 0.5000
-0.4500 1.8746 0.5000
-2.4524 -1.7596 0.5000
-4.7940 -3.8130 0.5000
-6.2468 -1.3618 0.5000
-6.0031 -1.5515 0.5000
-6.2447 -1.4658 0.5000
-2.3499 -3.7344 0.5000
-2.9760 -3.5869 0.5000
-4.1818 -3.9375 0.5000
-6.4899 -1.9384 0.5000
-8.1677 1.0700 0.5000
-9.0919 7.6645 0.5000
-11.1914 8.5704 0.5000
-7.2035 -1.9555 0.5000
-11.1174 10.8571 0.5000
-12.7227 25.5092 0.5000
-1.7707 -7.0902 0.5000
-4.2421 -2.5892 0.5000
-3.9250 -14.4623 0.5000
-17.1531 12.2255 0.5000
-2.5899 -2.3345 0.5000
-1.9598 -3.7032 0.5000
-4.0736 -1.1563 0.5000
-4.4086 -1.0437 0.5000
-1.1898 -2.0434 0.5000
-2.1817 -1.8794 0.5000
-17.1137 12.4400 0.5000
-16.9426 12.4254 0.5000
-12.8504 25.5062 0.5000
-9.2108 7.3510 0.5000
-13.1148 25.3690 0.5000
-4.1473 -5.7448 0.5000
-2.3241 -3.6359 0.5000
-5.9527 -2.0163 0.5000
-2.4060 -2.4064 0.5000
-6.9659 -1.8055 0.5000
-6.9565 -0.4227 0.5000
-13.5704 11.8994 0.5000
-11.0603 11.0429 0.5000
-11.0171 11.0313 0.5000
-2.8852 -2.2078 0.5000
-13.8221 11.7429 0.5000
-13.0416 25.4520 0.5000
-17.5692 12.2279 0.5000
-2.1880 -1.8213 0.5000
-2.7250 -1.7348 0.5000
-4.0664 -1.1452 0.5000
-5.7644 -2.0522 0.5000
-7.1223 -1.8805 0.5000
-17.3413 12.2153 0.5000
-7.9350 7.0277 0.5000
-9.0709 12.8047 0.5000
-6.9636 -1.2128 0.5000
-1.8728 -1.8828 0.5000
-5.8332 -1.9780 0.5000
-2.5539 -3.6603 0.5000
-3.4449 -4.0678 0.5000
-12.6867 11.5842 0.5000
-12.8094 11.5295 0.5000
-12.3881 11.1061 0.5000
-8.3735 7.1664 0.5000
-8.4022 7.0775 0.5000
-5.1943 -2.4341 0.5000
-4.0243 -1.1265 0.5000
-2.8335 -2.3068 0.5000
-3.5115 -4.0576 0.5000
-1.8273 -7.7457 0.5000
-13.0166 11.5020 0.5000
-6.2354 10.4967 0.5000
-1.3434 -4.6155 0.5000
-10.2163 5.9127 0.5000
-13.5224 11.4300 0.5000
-5.8421 -1.9412 0.5000
-2.7693 -1.7808 0.5000
-2.2394 -4.2765 0.5000
-10.6146 -14.5972 0.5000
-13.4162 11.5545 0.5000
-13.3947 11.5414 0.5000
-7.5746 10.2269 0.5000
-1.6827 -6.8705 0.5000
-10.1848 -14.8433 0.5000
-3.5042 -1.6069 0.5000
-4.4963 -1.2020 0.5000
-17.9739 12.6288 0.5000
-17.8224 12.5902 0.5000
-8.4700 11.5936 0.5000
-9.0533 12.8547 0.5000
-17.7925 12.3652 0.5000
-18.1329 12.2744 0.5000
-7.8494 7.0235 0.5000
-4.1472 -2.5997 0.5000
-8.7698 -15.0349 0.5000
-5.1673 -2.0547 0.5000
-2.5776 -4.1944 0.5000
-3.6534 -2.8418 0.5000
-10.6570 -14.6235 0.5000
-11.2883 8.1394 0.5000
-8.7572 11.4434 0.5000
-3.9503 -2.8097 0.5000
-19.0010 12.2768 0.5000
-12.3494 11.0545 0.5000
-7.9997 7.0379 0.5000
-8.2309 -15.1764 0.5000
-6.9452 -0.7260 0.5000
-5.9402 -2.2007 0.5000
-6.6484 -0.4599 0.5000
-3.7142 -2.8176 0.5000
-18.5096 12.4515 0.5000
-18.3834 12.4353 0.5000
-9.6924 8.1986 0.5000
-8.6890 11.5141 0.5000
-3.8512 -2.8024 0.5000
-8.8335 11.4471 0.5000
-8.8863 11.4118 0.5000
-10.3611 5.5658 0.5000
-7.8744 7.0173 0.5000
-8.9753 11.3150 0.5000
0.1479 6.0091 0.5000
-2.9761 -3.0327 0.5000
-7.0269 -1.4696 0.5000
-4.0097 -1.2485 0.5000
-3.3927 -4.0647 0.5000
-18.5867 11.2327 0.5000
-18.5755 11.1536 0.5000
-13.4982 11.6360 0.5000
-13.3404 11.5916 0.5000
-18.7537 10.9810 0.5000
-11.5911 7.5748 0.5000
-11.5483 7.5932 0.5000
-9.3503 6.9504 0.5000
-8.8707 -15.0600 0.5000
-10.6469 -14.3214 0.5000
-7.0353 -1.3122 0.5000
-6.8939 -0.5550 0.5000
-18.7205 11.2421 0.5000
-18.6665 11.2424 0.5000
-9.5827 7.5041 0.5000
-13.7403 11.6641 0.5000
-8.4253 -15.1031 0.5000
-4.9331 -3.8567 0.5000
-10.2760 -14.6255 0.5000
-4.6406 -1.9362 0.5000
-14.2381 11.5680 0.5000
-11.3462 10.7749 0.5000
-3.5967 -2.8517 0.5000
-10.8387 -14.1469 0.5000
-9.3420 6.0390 0.5000
-5.6354 9.1444 0.5000
-7.0841 -1.5699 0.5000
-8.0068 7.0445 0.5000
-7.0573 -2.0574 0.5000
-7.0625 -1.7414 0.5000
-1.9761 0.1669 0.5000
-10.2504 -14.7000 0.5000
-10.5971 5.9897 0.5000
-11.3203 7.8986 0.5000
-11.3434 7.9925 0.5000
-9.1435 11.4235 0.5000
-9.0483 11.4540 0.5000
-20.6399 12.9032 0.5000
-10.2396 5.5889 0.5000
-7.7402 7.0278 0.5000
-10.2509 -14.3829 0.5000
-7.0423 -1.2688 0.5000
-10.5244 -14.3546 0.5000
-6.5144 -1.8911 0.5000
-7.1159 -2.0524 0.5000
-6.5918 -0.3382 0.5000
-2.0376 0.1775 0.5000
-9.6512 -14.8601 0.5000
-8.5284 -15.0525 0.5000
-10.4783 -14.6856 0.5000
-13.4300 11.8204 0.5000
-9.2189 11.4064 0.5000
-5.3869 -2.8073 0.5000
-5.3355 -2.8456 0.5000
-8.0720 0.8549 0.5000
-9.3793 11.4049 0.5000
-6.1346 10.4933 0.5000
-5.2982 -2.8977 0.5000
-19.1770 10.6976 0.5000
-11.5962 7.4991 0.5000
-11.6095 7.5284 0.5000
-13.8899 11.5153 0.5000
-13.8645 11.4780 0.5000
-8.0089 6.9760 0.5000
-7.5487 10.1706 0.5000
-9.5173 -15.0303 0.5000
-11.3255 -14.2611 0.5000
-6.0780 -2.2022 0.5000
-6.8836 -0.6935 0.5000
-6.8874 -0.6384 0.5000
-11.3498 -14.0458 0.5000
-18.8300 11.2459 0.5000
-9.3369 11.5508 0.5000
-9.3000 11.4198 0.5000
-9.2214 11.3974 0.5000
-19.1370 10.8843 0.5000
-13.7521 11.6905 0.5000
-4.8667 -3.9104 0.5000
-10.9864 -14.3138 0.5000
-11.4389 -14.0324 0.5000
-19.5813 10.6965 0.5000
-12.1357 7.8347 0.5000
-10.3787 8.0084 0.5000
-12.0490 7.7209 0.5000
-19.6757 10.6964 0.5000
-11.8890 7.6393 0.5000
-14.4370 11.7437 0.5000
-10.0209 5.5251 0.5000
-10.0364 5.5514 0.5000
-11.3525 -14.2054 0.5000
-6.0605 -0.6555 0.5000
-2.3417 0.2557 0.5000
-5.3943 -2.7963 0.5000
-9.4952 11.4910 0.5000
-15.4179 11.8826 0.5000
-10.2582 -11.5509 0.5000
-9.5367 5.4027 0.5000
-9.9773 6.9831 0.5000
-12.3104 10.8695 0.5000
-6.5490 -1.9683 0.5000
-6.6519 -0.6868 0.5000
-10.5660 -11.5351 0.5000
-14.4256 11.8853 0.5000
-14.3660 11.9334 0.5000
-10.3030 5.5585 0.5000
-14.3008 11.7588 0.5000
-5.2665 -2.8419 0.5000
-1.9247 0.1172 0.5000
-10.1798 -11.1996 0.5000
-5.3787 -2.1090 0.5000
-5.4037 -2.8597 0.5000
-15.0333 11.9340 0.5000
-9.1049 11.3661 0.5000
-10.2448 5.4739 0.5000
-5.2470 -2.8735 0.5000
-10.6215 5.9222 0.5000
-14.5602 11.9690 0.5000
-8.0236 -0.1020 0.5000
-19.2938 10.7787 0.5000
-5.9299 10.4250 0.5000
-10.2998 5.4541 0.5000
-8.7411 11.5112 0.5000
-14.0497 11.8004 0.5000
-14.0530 11.7231 0.5000
-9.5424 11.4747 0.5000
-6.8856 -0.5023 0.5000
-10.0613 5.5445 0.5000
-10.1848 -11.9146 0.5000
-6.9323 -0.9313 0.5000
-19.7774 9.6932 0.5000
-7.9981 3.0053 0.5000
-19.6468 10.0896 0.5000
-9.1490 7.2600 0.5000
-15.0337 12.1259 0.5000
-7.5312 7.1280 0.5000
-8.7358 10.1281 0.5000
-15.1857 11.9450 0.5000
-8.9004 9.9441 0.5000
-12.2923 7.6457 0.5000
-7.1275 -1.1661 0.5000
-7.2822 0.1519 0.5000
-5.4043 -2.8302 0.5000
-7.0506 -0.9241 0.5000
-19.7483 9.3626 0.5000
-11.6545 -13.9820 0.5000
-11.4725 -14.0274 0.5000
-4.3786 -1.5639 0.5000
-11.8549 -13.9210 0.5000
-7.0286 -1.9476 0.5000
-14.4012 11.7935 0.5000
0.3529 6.0185 0.5000
0.3558 6.1375 0.5000
-10.3775 -11.8015 0.5000
-11.2000 -14.2258 0.5000
-7.2213 -1.7739 0.5000
-19.7855 9.2846 0.5000
-9.3200 6.7073 0.5000
-1.6153 0.0449 0.5000
-11.1249 -14.2243 0.5000
-10.9711 -14.1425 0.5000
-19.6443 10.3819 0.5000
-11.3367 7.8008 0.5000
-9.7777 7.2744 0.5000
-8.5461 11.5776 0.5000
-11.7453 -13.9644 0.5000
-11.8754 -13.9555 0.5000
-11.6963 -14.0056 0.5000
-5.2930 -2.6595 0.5000
-19.7684 9.6441 0.5000
-18.4349 11.4320 0.5000
-5.2672 -2.7145 0.5000
-19.8558 9.4332 0.5000
-11.9024 -13.8913 0.5000
-7.8867 0.9702 0.5000
-11.5179 -14.0165 0.5000
-11.2034 -14.1642 0.5000
-8.7414 9.8216 0.5000
-8.6986 10.0631 0.5000
-10.3444 -11.8227 0.5000
-10.3553 -11.6493 0.5000
-10.1128 3.2438 0.5000
-9.5643 7.0498 0.5000
-8.1087 7.2178 0.5000
-19.6750 10.3551 0.5000
-10.0261 5.7269 0.5000
-11.6442 7.8292 0.5000
-15.3555 12.1744 0.5000
-11.6905 7.7814 0.5000
-19.8693 8.9643 0.5000
-19.0041 11.0835 0.5000
-9.1526 7.4531 0.5000
-7.9386 -0.1965 0.5000
-19.9861 8.6891 0.5000
-19.1391 10.7752 0.5000
-1.2974 -3.7465 0.5000
-19.8365 9.2405 0.5000
-18.6958 11.0985 0.5000
-7.0557 0.1054 0.5000
-7.5375 7.1633 0.5000
-8.6868 9.7567 0.5000
-9.5706 7.5567 0.5000
-18.8807 11.0552 0.5000
-19.7695 10.0349 0.5000
-19.6444 10.2973 0.5000
-1.3515 -2.5177 0.5000
-1.1532 -3.0320 0.5000
-1.7280 -3.1607 0.5000
-10.2509 5.2015 0.5000
-16.6407 11.9713 0.5000
-18.7786 11.2600 0.5000
-9.0787 7.4043 0.5000
-15.4819 11.8717 0.5000
-19.7149 10.5468 0.5000
-9.9049 7.3851 0.5000
-7.5711 6.9921 0.5000
-8.7479 9.6641 0.5000
-6.7576 -0.3837 0.5000
-19.8954 8.8563 0.5000
-19.1406 10.9475 0.5000
-16.7619 12.0721 0.5000
-11.3966 7.7181 0.5000
-19.7246 10.4149 0.5000
-1.8619 -3.7562 0.5000
-9.8365 7.1186 0.5000
-1.0051 -3.7820 0.5000
-19.8771 9.6821 0.5000
-19.0536 11.1597 0.5000
-15.4906 12.1121 0.5000
-19.3210 10.7899 0.5000
-19.4944 10.9639 0.5000
-1.3039 -3.4280 0.5000
-15.8655 12.0253 0.5000
-19.6766 10.5839 0.5000
-19.9372 8.5929 0.5000
-9.5794 7.2403 0.5000
-1.9512 -3.1574 0.5000
-1.8275 -3.1503 0.5000
-1.5885 -3.1327 0.5000
-16.2736 12.3214 0.5000
-1.4028 -4.0134 0.5000
-1.9952 -3.0064 0.5000
-19.1619 10.8617 0.5000
-7.9366 7.2126 0.5000
-2.1083 -2.9236 0.5000
-10.4481 7.7202 0.5000
-2.0884 -2.9765 0.5000
-2.1455 -3.0469 0.5000
-19.7416 10.1145 0.5000
-1.9494 -3.0214 0.5000
-1.9446 -3.0944 0.5000
-7.9993 -0.2751 0.5000
-19.5651 10.8767 0.5000
-11.8050 7.6957 0.5000
-20.0798 8.0671 0.5000
-9.8409 7.4412 0.5000
-9.8553 7.4011 0.5000
-10.1166 3.1935 0.5000
-19.4841 10.6303 0.5000
-16.9109 11.8400 0.5000
-1.5713 -1.9394 0.5000
-1.3908 -3.2691 0.5000
-19.7193 10.0795 0.5000
-9.9671 7.4209 0.5000
-9.3612 7.0501 0.5000
-8.0485 2.4425 0.5000
-8.2581 7.0332 0.5000
-1.2131 -2.9916 0.5000
-1.9136 -1.8896 0.5000
-9.8496 4.9168 0.5000
-8.8177 9.3671 0.5000
-20.0888 7.8910 0.5000
-9.6485 3.1364 0.5000
-8.0392 -0.3683 0.5000
-10.2120 5.3623 0.5000
-19.7117 10.3854 0.5000
-18.1276 12.1953 0.5000
-2.0833 -2.9366 0.5000
-19.6588 10.5064 0.5000
-16.7213 12.2540 0.5000
-19.8579 9.1942 0.5000
-10.2572 5.3390 0.5000
-19.7098 10.3138 0.5000
-6.1856 -0.3389 0.5000
-9.8509 5.0537 0.5000
-19.5460 10.6076 0.5000
-7.2466 7.3792 0.5000
-19.7061 10.2488 0.5000
-6.9952 -1.2835 0.5000
-7.5920 6.9422 0.5000
-12.0658 7.8748 0.5000
-1.5781 -1.9808 0.5000
-8.1280 -0.1960 0.5000
-18.2089 12.6043 0.5000
-10.1410 5.2998 0.5000
-9.7865 7.4923 0.5000
-6.9063 -0.8389 0.5000
-6.9147 -0.9913 0.5000
-9.2975 3.0309 0.5000
-7.1008 -1.0195 0.5000
-8.1708 1.0032 0.5000
-11.7654 7.8383 0.5000
-8.0431 7.2155 0.5000
-10.5004 7.6189 0.5000
-12.1823 7.7034 0.5000
-1.6896 -1.9252 0.5000
-19.8022 9.6547 0.5000
-1.6119 -3.1313 0.5000
-11.9848 7.6348 0.5000
-12.1085 7.6697 0.5000
-10.1516 5.7034 0.5000
-9.7546 5.7665 0.5000
-1.9225 -2.9565 0.5000
-19.7513 9.9223 0.5000
-9.9855 5.9583 0.5000
-19.7600 9.7188 0.5000
-9.7476 7.5099 0.5000
-9.6924 7.4851 0.5000
-11.3990 11.0390 0.5000
-8.5709 10.8250 0.5000
-9.7208 7.4899 0.5000
-1.4409 -2.5129 0.5000
-10.0764 5.8081 0.5000
-10.6329 12.4805 0.5000
-19.8468 9.2986 0.5000
-10.9819 10.7942 0.5000
-9.2075 11.0417 0.5000
-9.4438 5.4376 0.5000
-7.7224 7.1706 0.5000
-1.3282 -3.3400 0.5000
-9.3159 11.0951 0.5000
-10.7841 12.3378 0.5000
-9.1312 3.0439 0.5000
-8.3172 7.0536 0.5000
-10.9016 11.5879 0.5000
-7.4564 10.1962 0.5000
-1.6165 -3.2096 0.5000
-19.6706 10.2709 0.5000
-8.6671 10.1923 0.5000
-8.6273 10.6259 0.5000
-8.6629 10.6728 0.5000
-6.3385 10.2192 0.5000
-8.9590 11.3720 0.5000
-10.7477 11.3952 0.5000
-9.9073 7.4250 0.5000
-11.0798 10.8632 0.5000
-10.7255 12.3691 0.5000
-9.9586 10.0336 0.5000
-8.7841 10.6018 0.5000
-5.2309 -2.7663 0.5000
-19.9188 9.0589 0.5000
-7.1715 -1.4268 0.5000
-8.1798 0.7990 0.5000
-5.4359 -2.7781 0.5000
-7.0038 -0.4813 0.5000
-8.0644 -0.0939 0.5000
-9.5630 3.3040 0.5000
-4.6985 7.9354 0.5000
-9.5369 3.1092 0.5000
-20.0439 8.6751 0.5000
-7.2522 -1.8222 0.5000
-8.0170 1.0055 0.5000
-6.2550 10.4004 0.5000
-4.7176 7.9837 0.5000
-1.3661 -3.7544 0.5000
-11.9029 -13.9083 0.5000
-6.9883 -1.9407 0.5000
-7.3270 0.1764 0.5000
-9.2954 3.2745 0.5000
-9.3395 3.2846 0.5000
-10.1329 5.3291 0.5000
-5.6229 10.5203 0.5000
-1.6012 -3.2511 0.5000
-9.9884 6.2554 0.5000
-10.0155 6.3612 0.5000
-10.0390 6.2281 0.5000
-11.2819 -14.1994 0.5000
-6.9160 -1.0363 0.5000
-0.7405 -1.0346 0.5000
-1.4441 -2.0144 0.5000
-6.6889 -1.9933 0.5000
-7.0406 0.1029 0.5000
-9.9861 6.7603 0.5000
-10.0113 6.7425 0.5000
-7.6039 6.9815 0.5000
-11.1259 -14.2754 0.5000
-6.8873 -0.7130 0.5000
-11.8102 -13.9193 0.5000
-10.2276 5.3189 0.5000
-5.6780 -2.2528 0.5000
-6.4681 -2.1632 0.5000
-6.9368 -1.2217 0.5000
-9.0115 2.9846 0.5000
-10.2026 4.8880 0.5000
-11.6356 -14.0068 0.5000
-10.2738 7.4811 0.5000
-9.3456 3.0324 0.5000
-9.9318 6.0396 0.5000
-8.8694 3.0342 0.5000
-8.9382 3.0327 0.5000
-8.0951 3.0710 0.5000
-6.9540 -0.3117 0.5000
-5.2357 -2.7326 0.5000
-8.0941 7.0318 0.5000
-8.1420 7.0798 0.5000
-9.8647 3.1099 0.5000
-1.2847 -1.9821 0.5000
-4.3178 -1.3397 0.5000
-9.9205 7.2608 0.5000
-6.2364 -2.2030 0.5000
-6.9653 -1.5152 0.5000
-8.2083 1.2473 0.5000
-8.8520 2.9455 0.5000
-9.8305 5.8878 0.5000
-1.8222 -1.9487 0.5000
-7.1858 0.1183 0.5000
-8.6114 2.9752 0.5000
-10.1009 5.9058 0.5000
-10.2366 -11.8286 0.5000
-7.0012 -0.5326 0.5000
-10.2813 -11.7997 0.5000
-0.7811 -1.2185 0.5000
-9.5231 7.2191 0.5000
-1.2092 -2.4565 0.5000
-10.1020 5.8783 0.5000
-11.3438 -14.2309 0.5000
-8.1320 0.8202 0.5000
-10.0169 6.4517 0.5000
-9.7743 7.5189 0.5000
-11.0212 -14.2867 0.5000
-10.4778 7.3555 0.5000
-10.0203 7.1799 0.5000
-4.4842 -1.5797 0.5000
-6.0629 -0.8366 0.5000
-6.3809 -1.7486 0.5000
-7.1635 -1.3439 0.5000
-8.6179 3.1540 0.5000
-7.1533 -1.3664 0.5000
-7.0718 -1.8812 0.5000
-10.1174 5.7556 0.5000
-7.4536 6.9385 0.5000
-2.1557 -2.9269 0.5000
-7.0408 -1.7531 0.5000
-11.3284 -14.2000 0.5000
-9.5920 3.0906 0.5000
-9.9297 6.2064 0.5000
-1.9542 -0.3688 0.5000
-8.9543 3.0383 0.5000
-9.8273 7.0802 0.5000
-1.8978 -3.0986 0.5000
-6.9829 -1.3970 0.5000
-8.2350 1.1131 0.5000
-5.2585 -2.9099 0.5000
-4.2905 -1.5534 0.5000
-6.9232 -1.0715 0.5000
-9.7241 3.0756 0.5000
-2.0277 -2.9356 0.5000
-2.0510 -0.8222 0.5000
-8.4391 2.9906 0.5000
-1.9794 -2.9322 0.5000
-6.8483 -0.5535 0.5000
-8.1474 1.7130 0.5000
-10.0026 6.6401 0.5000
-8.1265 7.0489 0.5000
-1.3838 -3.3758 0.5000
-8.0997 1.0020 0.5000
-8.1359 -0.2793 0.5000
-9.6999 7.5454 0.5000
-11.4415 -14.1844 0.5000
-9.4533 3.0586 0.5000
-7.1069 -1.1352 0.5000
-5.2087 -2.0708 0.5000
-10.0431 4.8122 0.5000
-9.8568 5.8439 0.5000
-1.8393 -1.8879 0.5000
-8.2612 3.1023 0.5000
-7.7562 7.1533 0.5000
-7.0192 -1.8484 0.5000
-7.1727 -1.4852 0.5000
-11.7290 -13.9431 0.5000
-6.2611 -1.0910 0.5000
-8.1505 -0.3441 0.5000
-10.0502 6.3459 0.5000
-11.0957 -14.2691 0.5000
-9.3876 3.0354 0.5000
-9.9517 6.7203 0.5000
-9.5665 6.3462 0.5000
-10.0125 6.5060 0.5000
-9.7401 7.5576 0.5000
-7.0524 -0.7978 0.5000
-9.7198 3.1125 0.5000
-1.4098 -3.8454 0.5000
-11.3210 -14.0649 0.5000
-6.8470 -1.9369 0.5000
-9.5100 3.3076 0.5000
-8.0240 0.4102 0.5000
-9.9711 6.8505 0.5000
-7.6553 6.9819 0.5000
-6.5298 -1.9085 0.5000
-8.7214 3.1581 0.5000
-8.1990 1.4306 0.5000
-9.9831 6.2320 0.5000
-9.5760 7.1934 0.5000
-9.9242 6.0961 0.5000
-5.3367 10.3485 0.5000
-1.1833 -2.2697 0.5000
-8.0570 0.0778 0.5000
-10.2364 5.8215 0.5000
-6.8989 -0.8010 0.5000
-7.2059 -1.6839 0.5000
-6.9534 -0.1505 0.5000
-7.9106 -0.2573 0.5000
-1.2685 -3.0022 0.5000
-2.0181 -0.8107 0.5000
-10.1928 -11.5763 0.5000
-9.8328 7.7617 0.5000
-5.3237 -2.8711 0.5000
-8.2166 7.0175 0.5000
-10.2440 -11.4824 0.5000
-7.8488 0.4515 0.5000
-8.1993 1.3661 0.5000
-11.4142 -14.2112 0.5000
-9.8395 3.1201 0.5000
-9.5119 7.1046 0.5000
-5.3657 -2.7134 0.5000
-10.0044 6.6719 0.5000
-5.2203 -2.8289 0.5000
-9.9447 7.3135 0.5000
-10.8287 -14.3425 0.5000
-9.1254 2.9895 0.5000
-4.4035 -1.5518 0.5000
-5.7786 -2.0138 0.5000
-6.0487 -0.9064 0.5000
-7.2090 -1.6387 0.5000
-11.5180 -13.9952 0.5000
-6.8164 -1.8786 0.5000
-9.8904 7.4616 0.5000
-9.7402 7.2515 0.5000
-11.3999 7.6927 0.5000
-9.7203 6.9664 0.5000
-10.3340 5.7957 0.5000
-0.9949 -3.7846 0.5000
-9.8819 7.5155 0.5000
-1.4309 -3.2537 0.5000
-11.2154 -14.2274 0.5000
-7.8890 0.2169 0.5000
-6.2647 -0.5883 0.5000
-6.7173 -0.7538 0.5000
-8.0356 -0.5617 0.5000
-9.9381 6.1655 0.5000
-8.3305 3.1034 0.5000
-10.1940 -11.6226 0.5000
-1.7323 -1.9205 0.5000
-5.4405 -2.1478 0.5000
-11.1989 -14.2502 0.5000
-11.2606 -14.2344 0.5000
-9.6297 3.0863 0.5000
-5.3065 -2.6029 0.5000
-10.0172 6.5583 0.5000
-8.1722 7.0485 0.5000
-11.2243 -14.1201 0.5000
-10.9075 -14.3192 0.5000
-9.2107 3.0059 0.5000
-9.2137 2.9990 0.5000
-1.2671 -3.0000 0.5000
-2.0681 -0.7861 0.5000
-5.1695 -2.7008 0.5000
-5.1447 -2.4489 0.5000
-1.7217 0.0692 0.5000
-9.3510 7.3982 0.5000
-8.1569 -0.2942 0.5000
-10.0520 6.3677 0.5000
-9.3139 7.2351 0.5000
-8.1991 1.3232 0.5000
-1.6310 -0.1443 0.5000
-5.4536 -2.3042 0.5000
-6.5951 -2.1511 0.5000
-9.9616 7.0862 0.5000
-10.0518 7.3220 0.5000
-9.9807 7.2869 0.5000
-6.1788 -2.2027 0.5000
-9.9768 7.0098 0.5000
-11.2337 -14.2570 0.5000
-9.5057 7.4607 0.5000
-10.0083 6.9596 0.5000
-5.2146 -2.9345 0.5000
-5.1622 -2.7648 0.5000
-5.1590 -2.1219 0.5000
-1.5255 -1.9934 0.5000
-1.5810 -3.2542 0.5000
-10.2082 5.4278 0.5000
-11.2670 -14.0751 0.5000
-1.2627 -3.3080 0.5000
-9.0420 3.0426 0.5000
-7.8991 0.1272 0.5000
-10.3618 5.6366 0.5000
-1.3984 -3.8233 0.5000
-11.7877 -13.9592 0.5000
-4.5960 -1.9494 0.5000
-10.0571 3.1434 0.5000
-9.3711 7.2413 0.5000
-6.1145 -1.9582 0.5000
-7.0754 -0.8942 0.5000
-4.6169 -2.0012 0.5000
-10.2570 -11.7039 0.5000
-7.9897 -0.3006 0.5000
-9.9441 5.0511 0.5000
-7.7834 -0.1892 0.5000
-6.6961 -1.0396 0.5000
-5.3924 -2.8603 0.5000
-6.9291 -1.3002 0.5000
-8.1986 1.2940 0.5000
-10.5521 -11.3104 0.5000
-9.7004 5.6088 0.5000
-7.8901 0.3019 0.5000
-9.6565 5.8768 0.5000
-9.3039 7.3727 0.5000
-7.8607 -0.2312 0.5000
-9.4377 7.4694 0.5000
-10.2519 -11.8274 0.5000
-9.5794 5.6099 0.5000
-1.5071 -1.9412 0.5000
-10.0545 5.4319 0.5000
